Creating directory /home/inrack/.local/cpython-3.14.7t/bin
Creating directory /home/inrack/.local/cpython-3.14.7t/lib
if test "no-framework" = "no-framework" ; then \
	/usr/bin/install -c python /home/inrack/.local/cpython-3.14.7t/bin/python3.14t; \
else \
	/usr/bin/install -c -s Mac/pythonw /home/inrack/.local/cpython-3.14.7t/bin/python3.14t; \
fi
if test "3.14" != "3.14t"; then \
	if test -f /home/inrack/.local/cpython-3.14.7t/bin/python3.14 -o -h /home/inrack/.local/cpython-3.14.7t/bin/python3.14; \
	then rm -f /home/inrack/.local/cpython-3.14.7t/bin/python3.14; \
	fi; \
	(cd /home/inrack/.local/cpython-3.14.7t/bin; ln python3.14t python3.14); \
fi
if test "x" != "x" ; then \
	rm -f /home/inrack/.local/cpython-3.14.7t/bin/python3.14-32; \
	lipo  \
		-output /home/inrack/.local/cpython-3.14.7t/bin/python3.14-32 \
		/home/inrack/.local/cpython-3.14.7t/bin/python3.14; \
fi
if test "x" != "x" ; then \
	rm -f /home/inrack/.local/cpython-3.14.7t/bin/python3.14-intel64; \
	lipo  \
		-output /home/inrack/.local/cpython-3.14.7t/bin/python3.14-intel64 \
		/home/inrack/.local/cpython-3.14.7t/bin/python3.14; \
fi
# Install macOS debug information (if available)
if test -d "python.dSYM"; then \
	echo  /home/inrack/.local/cpython-3.14.7t/bin/python3.14t; \
	 /home/inrack/.local/cpython-3.14.7t/bin/python3.14t; \
fi
if test "no-framework" = "no-framework" ; then \
	if test -d "libpython3.14t.a.dSYM"; then \
		echo  /home/inrack/.local/cpython-3.14.7t/lib/libpython3.14t.a; \
		 /home/inrack/.local/cpython-3.14.7t/lib/libpython3.14t.a; \
	fi \
else \
	if test -d "libpython3.14t.a.dSYM"; then \
		echo  /libpython3.14t.a; \
       /libpython3.14t.a; \
	fi \
fi
Checked 114 modules (36 built-in, 77 shared, 1 n/a on linux-x86_64, 0 disabled, 0 missing, 0 failed on import)
./python -E ./Tools/build/generate-build-details.py `cat pybuilddir.txt`/build-details.json
Creating directory /home/inrack/.local/cpython-3.14.7t/lib/python3.14t
Creating directory /home/inrack/.local/cpython-3.14.7t/lib/python3.14t/asyncio
Creating directory /home/inrack/.local/cpython-3.14.7t/lib/python3.14t/collections
Creating directory /home/inrack/.local/cpython-3.14.7t/lib/python3.14t/compression
Creating directory /home/inrack/.local/cpython-3.14.7t/lib/python3.14t/compression/_common
Creating directory /home/inrack/.local/cpython-3.14.7t/lib/python3.14t/compression/zstd
Creating directory /home/inrack/.local/cpython-3.14.7t/lib/python3.14t/concurrent
Creating directory /home/inrack/.local/cpython-3.14.7t/lib/python3.14t/concurrent/futures
Creating directory /home/inrack/.local/cpython-3.14.7t/lib/python3.14t/concurrent/interpreters
Creating directory /home/inrack/.local/cpython-3.14.7t/lib/python3.14t/ctypes
Creating directory /home/inrack/.local/cpython-3.14.7t/lib/python3.14t/ctypes/macholib
Creating directory /home/inrack/.local/cpython-3.14.7t/lib/python3.14t/curses
Creating directory /home/inrack/.local/cpython-3.14.7t/lib/python3.14t/dbm
Creating directory /home/inrack/.local/cpython-3.14.7t/lib/python3.14t/email
Creating directory /home/inrack/.local/cpython-3.14.7t/lib/python3.14t/email/mime
Creating directory /home/inrack/.local/cpython-3.14.7t/lib/python3.14t/encodings
Creating directory /home/inrack/.local/cpython-3.14.7t/lib/python3.14t/ensurepip
Creating directory /home/inrack/.local/cpython-3.14.7t/lib/python3.14t/ensurepip/_bundled
Creating directory /home/inrack/.local/cpython-3.14.7t/lib/python3.14t/html
Creating directory /home/inrack/.local/cpython-3.14.7t/lib/python3.14t/http
Creating directory /home/inrack/.local/cpython-3.14.7t/lib/python3.14t/idlelib
Creating directory /home/inrack/.local/cpython-3.14.7t/lib/python3.14t/idlelib/Icons
Creating directory /home/inrack/.local/cpython-3.14.7t/lib/python3.14t/importlib
Creating directory /home/inrack/.local/cpython-3.14.7t/lib/python3.14t/importlib/resources
Creating directory /home/inrack/.local/cpython-3.14.7t/lib/python3.14t/importlib/metadata
Creating directory /home/inrack/.local/cpython-3.14.7t/lib/python3.14t/json
Creating directory /home/inrack/.local/cpython-3.14.7t/lib/python3.14t/logging
Creating directory /home/inrack/.local/cpython-3.14.7t/lib/python3.14t/multiprocessing
Creating directory /home/inrack/.local/cpython-3.14.7t/lib/python3.14t/multiprocessing/dummy
Creating directory /home/inrack/.local/cpython-3.14.7t/lib/python3.14t/pathlib
Creating directory /home/inrack/.local/cpython-3.14.7t/lib/python3.14t/pydoc_data
Creating directory /home/inrack/.local/cpython-3.14.7t/lib/python3.14t/re
Creating directory /home/inrack/.local/cpython-3.14.7t/lib/python3.14t/site-packages
Creating directory /home/inrack/.local/cpython-3.14.7t/lib/python3.14t/sqlite3
Creating directory /home/inrack/.local/cpython-3.14.7t/lib/python3.14t/string
Creating directory /home/inrack/.local/cpython-3.14.7t/lib/python3.14t/sysconfig
Creating directory /home/inrack/.local/cpython-3.14.7t/lib/python3.14t/tkinter
Creating directory /home/inrack/.local/cpython-3.14.7t/lib/python3.14t/tomllib
Creating directory /home/inrack/.local/cpython-3.14.7t/lib/python3.14t/turtledemo
Creating directory /home/inrack/.local/cpython-3.14.7t/lib/python3.14t/unittest
Creating directory /home/inrack/.local/cpython-3.14.7t/lib/python3.14t/urllib
Creating directory /home/inrack/.local/cpython-3.14.7t/lib/python3.14t/venv
Creating directory /home/inrack/.local/cpython-3.14.7t/lib/python3.14t/venv/scripts
Creating directory /home/inrack/.local/cpython-3.14.7t/lib/python3.14t/venv/scripts/common
Creating directory /home/inrack/.local/cpython-3.14.7t/lib/python3.14t/venv/scripts/posix
Creating directory /home/inrack/.local/cpython-3.14.7t/lib/python3.14t/wsgiref
Creating directory /home/inrack/.local/cpython-3.14.7t/lib/python3.14t/xml
Creating directory /home/inrack/.local/cpython-3.14.7t/lib/python3.14t/xml/dom
Creating directory /home/inrack/.local/cpython-3.14.7t/lib/python3.14t/xml/etree
Creating directory /home/inrack/.local/cpython-3.14.7t/lib/python3.14t/xml/parsers
Creating directory /home/inrack/.local/cpython-3.14.7t/lib/python3.14t/xml/sax
Creating directory /home/inrack/.local/cpython-3.14.7t/lib/python3.14t/xmlrpc
Creating directory /home/inrack/.local/cpython-3.14.7t/lib/python3.14t/zipfile
Creating directory /home/inrack/.local/cpython-3.14.7t/lib/python3.14t/zipfile/_path
Creating directory /home/inrack/.local/cpython-3.14.7t/lib/python3.14t/zoneinfo
Creating directory /home/inrack/.local/cpython-3.14.7t/lib/python3.14t/_pyrepl
Creating directory /home/inrack/.local/cpython-3.14.7t/lib/python3.14t/__phello__
Creating directory /home/inrack/.local/cpython-3.14.7t/lib/python3.14t/idlelib/idle_test
Creating directory /home/inrack/.local/cpython-3.14.7t/lib/python3.14t/test
Creating directory /home/inrack/.local/cpython-3.14.7t/lib/python3.14t/test/test_ast
Creating directory /home/inrack/.local/cpython-3.14.7t/lib/python3.14t/test/test_ast/data
Creating directory /home/inrack/.local/cpython-3.14.7t/lib/python3.14t/test/archivetestdata
Creating directory /home/inrack/.local/cpython-3.14.7t/lib/python3.14t/test/audiodata
Creating directory /home/inrack/.local/cpython-3.14.7t/lib/python3.14t/test/certdata
Creating directory /home/inrack/.local/cpython-3.14.7t/lib/python3.14t/test/certdata/capath
Creating directory /home/inrack/.local/cpython-3.14.7t/lib/python3.14t/test/cjkencodings
Creating directory /home/inrack/.local/cpython-3.14.7t/lib/python3.14t/test/configdata
Creating directory /home/inrack/.local/cpython-3.14.7t/lib/python3.14t/test/crashers
Creating directory /home/inrack/.local/cpython-3.14.7t/lib/python3.14t/test/data
Creating directory /home/inrack/.local/cpython-3.14.7t/lib/python3.14t/test/decimaltestdata
Creating directory /home/inrack/.local/cpython-3.14.7t/lib/python3.14t/test/dtracedata
Creating directory /home/inrack/.local/cpython-3.14.7t/lib/python3.14t/test/encoded_modules
Creating directory /home/inrack/.local/cpython-3.14.7t/lib/python3.14t/test/leakers
Creating directory /home/inrack/.local/cpython-3.14.7t/lib/python3.14t/test/libregrtest
Creating directory /home/inrack/.local/cpython-3.14.7t/lib/python3.14t/test/mathdata
Creating directory /home/inrack/.local/cpython-3.14.7t/lib/python3.14t/test/regrtestdata
Creating directory /home/inrack/.local/cpython-3.14.7t/lib/python3.14t/test/regrtestdata/import_from_tests
Creating directory /home/inrack/.local/cpython-3.14.7t/lib/python3.14t/test/regrtestdata/import_from_tests/test_regrtest_b
Creating directory /home/inrack/.local/cpython-3.14.7t/lib/python3.14t/test/subprocessdata
Creating directory /home/inrack/.local/cpython-3.14.7t/lib/python3.14t/test/support
Creating directory /home/inrack/.local/cpython-3.14.7t/lib/python3.14t/test/support/_hypothesis_stubs
Creating directory /home/inrack/.local/cpython-3.14.7t/lib/python3.14t/test/test_asyncio
Creating directory /home/inrack/.local/cpython-3.14.7t/lib/python3.14t/test/test_capi
Creating directory /home/inrack/.local/cpython-3.14.7t/lib/python3.14t/test/test_cext
Creating directory /home/inrack/.local/cpython-3.14.7t/lib/python3.14t/test/test_concurrent_futures
Creating directory /home/inrack/.local/cpython-3.14.7t/lib/python3.14t/test/test_cppext
Creating directory /home/inrack/.local/cpython-3.14.7t/lib/python3.14t/test/test_ctypes
Creating directory /home/inrack/.local/cpython-3.14.7t/lib/python3.14t/test/test_dataclasses
Creating directory /home/inrack/.local/cpython-3.14.7t/lib/python3.14t/test/test_doctest
Creating directory /home/inrack/.local/cpython-3.14.7t/lib/python3.14t/test/test_email
Creating directory /home/inrack/.local/cpython-3.14.7t/lib/python3.14t/test/test_email/data
Creating directory /home/inrack/.local/cpython-3.14.7t/lib/python3.14t/test/test_free_threading
Creating directory /home/inrack/.local/cpython-3.14.7t/lib/python3.14t/test/test_future_stmt
Creating directory /home/inrack/.local/cpython-3.14.7t/lib/python3.14t/test/test_gdb
Creating directory /home/inrack/.local/cpython-3.14.7t/lib/python3.14t/test/test_import
Creating directory /home/inrack/.local/cpython-3.14.7t/lib/python3.14t/test/test_import/data
Creating directory /home/inrack/.local/cpython-3.14.7t/lib/python3.14t/test/test_import/data/circular_imports
Creating directory /home/inrack/.local/cpython-3.14.7t/lib/python3.14t/test/test_import/data/circular_imports/subpkg
Creating directory /home/inrack/.local/cpython-3.14.7t/lib/python3.14t/test/test_import/data/circular_imports/subpkg2
Creating directory /home/inrack/.local/cpython-3.14.7t/lib/python3.14t/test/test_import/data/circular_imports/subpkg2/parent
Creating directory /home/inrack/.local/cpython-3.14.7t/lib/python3.14t/test/test_import/data/package
Creating directory /home/inrack/.local/cpython-3.14.7t/lib/python3.14t/test/test_import/data/package2
Creating directory /home/inrack/.local/cpython-3.14.7t/lib/python3.14t/test/test_import/data/package3
Creating directory /home/inrack/.local/cpython-3.14.7t/lib/python3.14t/test/test_import/data/package4
Creating directory /home/inrack/.local/cpython-3.14.7t/lib/python3.14t/test/test_import/data/unwritable
Creating directory /home/inrack/.local/cpython-3.14.7t/lib/python3.14t/test/test_importlib
Creating directory /home/inrack/.local/cpython-3.14.7t/lib/python3.14t/test/test_importlib/builtin
Creating directory /home/inrack/.local/cpython-3.14.7t/lib/python3.14t/test/test_importlib/extension
Creating directory /home/inrack/.local/cpython-3.14.7t/lib/python3.14t/test/test_importlib/frozen
Creating directory /home/inrack/.local/cpython-3.14.7t/lib/python3.14t/test/test_importlib/import_
Creating directory /home/inrack/.local/cpython-3.14.7t/lib/python3.14t/test/test_importlib/metadata
Creating directory /home/inrack/.local/cpython-3.14.7t/lib/python3.14t/test/test_importlib/metadata/data
Creating directory /home/inrack/.local/cpython-3.14.7t/lib/python3.14t/test/test_importlib/metadata/data/sources
Creating directory /home/inrack/.local/cpython-3.14.7t/lib/python3.14t/test/test_importlib/metadata/data/sources/example
Creating directory /home/inrack/.local/cpython-3.14.7t/lib/python3.14t/test/test_importlib/metadata/data/sources/example/example
Creating directory /home/inrack/.local/cpython-3.14.7t/lib/python3.14t/test/test_importlib/metadata/data/sources/example2
Creating directory /home/inrack/.local/cpython-3.14.7t/lib/python3.14t/test/test_importlib/metadata/data/sources/example2/example2
Creating directory /home/inrack/.local/cpython-3.14.7t/lib/python3.14t/test/test_importlib/namespace_pkgs
Creating directory /home/inrack/.local/cpython-3.14.7t/lib/python3.14t/test/test_importlib/namespace_pkgs/both_portions
Creating directory /home/inrack/.local/cpython-3.14.7t/lib/python3.14t/test/test_importlib/namespace_pkgs/both_portions/foo
Creating directory /home/inrack/.local/cpython-3.14.7t/lib/python3.14t/test/test_importlib/namespace_pkgs/module_and_namespace_package
Creating directory /home/inrack/.local/cpython-3.14.7t/lib/python3.14t/test/test_importlib/namespace_pkgs/module_and_namespace_package/a_test
Creating directory /home/inrack/.local/cpython-3.14.7t/lib/python3.14t/test/test_importlib/namespace_pkgs/not_a_namespace_pkg
Creating directory /home/inrack/.local/cpython-3.14.7t/lib/python3.14t/test/test_importlib/namespace_pkgs/not_a_namespace_pkg/foo
Creating directory /home/inrack/.local/cpython-3.14.7t/lib/python3.14t/test/test_importlib/namespace_pkgs/portion1
Creating directory /home/inrack/.local/cpython-3.14.7t/lib/python3.14t/test/test_importlib/namespace_pkgs/portion1/foo
Creating directory /home/inrack/.local/cpython-3.14.7t/lib/python3.14t/test/test_importlib/namespace_pkgs/portion2
Creating directory /home/inrack/.local/cpython-3.14.7t/lib/python3.14t/test/test_importlib/namespace_pkgs/portion2/foo
Creating directory /home/inrack/.local/cpython-3.14.7t/lib/python3.14t/test/test_importlib/namespace_pkgs/project1
Creating directory /home/inrack/.local/cpython-3.14.7t/lib/python3.14t/test/test_importlib/namespace_pkgs/project1/parent
Creating directory /home/inrack/.local/cpython-3.14.7t/lib/python3.14t/test/test_importlib/namespace_pkgs/project1/parent/child
Creating directory /home/inrack/.local/cpython-3.14.7t/lib/python3.14t/test/test_importlib/namespace_pkgs/project2
Creating directory /home/inrack/.local/cpython-3.14.7t/lib/python3.14t/test/test_importlib/namespace_pkgs/project2/parent
Creating directory /home/inrack/.local/cpython-3.14.7t/lib/python3.14t/test/test_importlib/namespace_pkgs/project2/parent/child
Creating directory /home/inrack/.local/cpython-3.14.7t/lib/python3.14t/test/test_importlib/namespace_pkgs/project3
Creating directory /home/inrack/.local/cpython-3.14.7t/lib/python3.14t/test/test_importlib/namespace_pkgs/project3/parent
Creating directory /home/inrack/.local/cpython-3.14.7t/lib/python3.14t/test/test_importlib/namespace_pkgs/project3/parent/child
Creating directory /home/inrack/.local/cpython-3.14.7t/lib/python3.14t/test/test_importlib/partial
Creating directory /home/inrack/.local/cpython-3.14.7t/lib/python3.14t/test/test_importlib/resources
Creating directory /home/inrack/.local/cpython-3.14.7t/lib/python3.14t/test/test_importlib/source
Creating directory /home/inrack/.local/cpython-3.14.7t/lib/python3.14t/test/test_inspect
Creating directory /home/inrack/.local/cpython-3.14.7t/lib/python3.14t/test/test_interpreters
Creating directory /home/inrack/.local/cpython-3.14.7t/lib/python3.14t/test/test_json
Creating directory /home/inrack/.local/cpython-3.14.7t/lib/python3.14t/test/test_module
Creating directory /home/inrack/.local/cpython-3.14.7t/lib/python3.14t/test/test_multiprocessing_fork
Creating directory /home/inrack/.local/cpython-3.14.7t/lib/python3.14t/test/test_multiprocessing_forkserver
Creating directory /home/inrack/.local/cpython-3.14.7t/lib/python3.14t/test/test_multiprocessing_spawn
Creating directory /home/inrack/.local/cpython-3.14.7t/lib/python3.14t/test/test_pathlib
Creating directory /home/inrack/.local/cpython-3.14.7t/lib/python3.14t/test/test_pathlib/support
Creating directory /home/inrack/.local/cpython-3.14.7t/lib/python3.14t/test/test_peg_generator
Creating directory /home/inrack/.local/cpython-3.14.7t/lib/python3.14t/test/test_pydoc
Creating directory /home/inrack/.local/cpython-3.14.7t/lib/python3.14t/test/test_pyrepl
Creating directory /home/inrack/.local/cpython-3.14.7t/lib/python3.14t/test/test_string
Creating directory /home/inrack/.local/cpython-3.14.7t/lib/python3.14t/test/test_sqlite3
Creating directory /home/inrack/.local/cpython-3.14.7t/lib/python3.14t/test/test_tkinter
Creating directory /home/inrack/.local/cpython-3.14.7t/lib/python3.14t/test/test_tomllib
Creating directory /home/inrack/.local/cpython-3.14.7t/lib/python3.14t/test/test_tomllib/data
Creating directory /home/inrack/.local/cpython-3.14.7t/lib/python3.14t/test/test_tomllib/data/invalid
Creating directory /home/inrack/.local/cpython-3.14.7t/lib/python3.14t/test/test_tomllib/data/invalid/array
Creating directory /home/inrack/.local/cpython-3.14.7t/lib/python3.14t/test/test_tomllib/data/invalid/array-of-tables
Creating directory /home/inrack/.local/cpython-3.14.7t/lib/python3.14t/test/test_tomllib/data/invalid/boolean
Creating directory /home/inrack/.local/cpython-3.14.7t/lib/python3.14t/test/test_tomllib/data/invalid/dates-and-times
Creating directory /home/inrack/.local/cpython-3.14.7t/lib/python3.14t/test/test_tomllib/data/invalid/dotted-keys
Creating directory /home/inrack/.local/cpython-3.14.7t/lib/python3.14t/test/test_tomllib/data/invalid/inline-table
Creating directory /home/inrack/.local/cpython-3.14.7t/lib/python3.14t/test/test_tomllib/data/invalid/keys-and-vals
Creating directory /home/inrack/.local/cpython-3.14.7t/lib/python3.14t/test/test_tomllib/data/invalid/literal-str
Creating directory /home/inrack/.local/cpython-3.14.7t/lib/python3.14t/test/test_tomllib/data/invalid/multiline-basic-str
Creating directory /home/inrack/.local/cpython-3.14.7t/lib/python3.14t/test/test_tomllib/data/invalid/multiline-literal-str
Creating directory /home/inrack/.local/cpython-3.14.7t/lib/python3.14t/test/test_tomllib/data/invalid/table
Creating directory /home/inrack/.local/cpython-3.14.7t/lib/python3.14t/test/test_tomllib/data/valid
Creating directory /home/inrack/.local/cpython-3.14.7t/lib/python3.14t/test/test_tomllib/data/valid/array
Creating directory /home/inrack/.local/cpython-3.14.7t/lib/python3.14t/test/test_tomllib/data/valid/dates-and-times
Creating directory /home/inrack/.local/cpython-3.14.7t/lib/python3.14t/test/test_tomllib/data/valid/multiline-basic-str
Creating directory /home/inrack/.local/cpython-3.14.7t/lib/python3.14t/test/test_tools
Creating directory /home/inrack/.local/cpython-3.14.7t/lib/python3.14t/test/test_tools/i18n_data
Creating directory /home/inrack/.local/cpython-3.14.7t/lib/python3.14t/test/test_tools/msgfmt_data
Creating directory /home/inrack/.local/cpython-3.14.7t/lib/python3.14t/test/test_ttk
Creating directory /home/inrack/.local/cpython-3.14.7t/lib/python3.14t/test/test_unittest
Creating directory /home/inrack/.local/cpython-3.14.7t/lib/python3.14t/test/test_unittest/namespace_test_pkg
Creating directory /home/inrack/.local/cpython-3.14.7t/lib/python3.14t/test/test_unittest/namespace_test_pkg/bar
Creating directory /home/inrack/.local/cpython-3.14.7t/lib/python3.14t/test/test_unittest/namespace_test_pkg/noop
Creating directory /home/inrack/.local/cpython-3.14.7t/lib/python3.14t/test/test_unittest/namespace_test_pkg/noop/no2
Creating directory /home/inrack/.local/cpython-3.14.7t/lib/python3.14t/test/test_unittest/testmock
Creating directory /home/inrack/.local/cpython-3.14.7t/lib/python3.14t/test/test_warnings
Creating directory /home/inrack/.local/cpython-3.14.7t/lib/python3.14t/test/test_warnings/data
Creating directory /home/inrack/.local/cpython-3.14.7t/lib/python3.14t/test/test_zipfile
Creating directory /home/inrack/.local/cpython-3.14.7t/lib/python3.14t/test/test_zipfile/_path
Creating directory /home/inrack/.local/cpython-3.14.7t/lib/python3.14t/test/test_zoneinfo
Creating directory /home/inrack/.local/cpython-3.14.7t/lib/python3.14t/test/test_zoneinfo/data
Creating directory /home/inrack/.local/cpython-3.14.7t/lib/python3.14t/test/tkinterdata
Creating directory /home/inrack/.local/cpython-3.14.7t/lib/python3.14t/test/tokenizedata
Creating directory /home/inrack/.local/cpython-3.14.7t/lib/python3.14t/test/tracedmodules
Creating directory /home/inrack/.local/cpython-3.14.7t/lib/python3.14t/test/translationdata
Creating directory /home/inrack/.local/cpython-3.14.7t/lib/python3.14t/test/translationdata/argparse
Creating directory /home/inrack/.local/cpython-3.14.7t/lib/python3.14t/test/translationdata/getopt
Creating directory /home/inrack/.local/cpython-3.14.7t/lib/python3.14t/test/translationdata/optparse
Creating directory /home/inrack/.local/cpython-3.14.7t/lib/python3.14t/test/typinganndata
Creating directory /home/inrack/.local/cpython-3.14.7t/lib/python3.14t/test/typinganndata/partialexecution
Creating directory /home/inrack/.local/cpython-3.14.7t/lib/python3.14t/test/wheeldata
Creating directory /home/inrack/.local/cpython-3.14.7t/lib/python3.14t/test/xmltestdata
Creating directory /home/inrack/.local/cpython-3.14.7t/lib/python3.14t/test/xmltestdata/c14n-20
Creating directory /home/inrack/.local/cpython-3.14.7t/lib/python3.14t/test/zipimport_data
/usr/bin/install -c -m 644 ./Lib/__future__.py /home/inrack/.local/cpython-3.14.7t/lib/python3.14t
/usr/bin/install -c -m 644 ./Lib/__hello__.py /home/inrack/.local/cpython-3.14.7t/lib/python3.14t
/usr/bin/install -c -m 644 ./Lib/_aix_support.py /home/inrack/.local/cpython-3.14.7t/lib/python3.14t
/usr/bin/install -c -m 644 ./Lib/_android_support.py /home/inrack/.local/cpython-3.14.7t/lib/python3.14t
/usr/bin/install -c -m 644 ./Lib/_apple_support.py /home/inrack/.local/cpython-3.14.7t/lib/python3.14t
/usr/bin/install -c -m 644 ./Lib/_ast_unparse.py /home/inrack/.local/cpython-3.14.7t/lib/python3.14t
/usr/bin/install -c -m 644 ./Lib/_collections_abc.py /home/inrack/.local/cpython-3.14.7t/lib/python3.14t
/usr/bin/install -c -m 644 ./Lib/_colorize.py /home/inrack/.local/cpython-3.14.7t/lib/python3.14t
/usr/bin/install -c -m 644 ./Lib/_compat_pickle.py /home/inrack/.local/cpython-3.14.7t/lib/python3.14t
/usr/bin/install -c -m 644 ./Lib/_ios_support.py /home/inrack/.local/cpython-3.14.7t/lib/python3.14t
/usr/bin/install -c -m 644 ./Lib/_markupbase.py /home/inrack/.local/cpython-3.14.7t/lib/python3.14t
/usr/bin/install -c -m 644 ./Lib/_opcode_metadata.py /home/inrack/.local/cpython-3.14.7t/lib/python3.14t
/usr/bin/install -c -m 644 ./Lib/_osx_support.py /home/inrack/.local/cpython-3.14.7t/lib/python3.14t
/usr/bin/install -c -m 644 ./Lib/_py_abc.py /home/inrack/.local/cpython-3.14.7t/lib/python3.14t
/usr/bin/install -c -m 644 ./Lib/_py_warnings.py /home/inrack/.local/cpython-3.14.7t/lib/python3.14t
/usr/bin/install -c -m 644 ./Lib/_pydatetime.py /home/inrack/.local/cpython-3.14.7t/lib/python3.14t
/usr/bin/install -c -m 644 ./Lib/_pydecimal.py /home/inrack/.local/cpython-3.14.7t/lib/python3.14t
/usr/bin/install -c -m 644 ./Lib/_pyio.py /home/inrack/.local/cpython-3.14.7t/lib/python3.14t
/usr/bin/install -c -m 644 ./Lib/_pylong.py /home/inrack/.local/cpython-3.14.7t/lib/python3.14t
/usr/bin/install -c -m 644 ./Lib/_sitebuiltins.py /home/inrack/.local/cpython-3.14.7t/lib/python3.14t
/usr/bin/install -c -m 644 ./Lib/_strptime.py /home/inrack/.local/cpython-3.14.7t/lib/python3.14t
/usr/bin/install -c -m 644 ./Lib/_threading_local.py /home/inrack/.local/cpython-3.14.7t/lib/python3.14t
/usr/bin/install -c -m 644 ./Lib/_weakrefset.py /home/inrack/.local/cpython-3.14.7t/lib/python3.14t
/usr/bin/install -c -m 644 ./Lib/abc.py /home/inrack/.local/cpython-3.14.7t/lib/python3.14t
/usr/bin/install -c -m 644 ./Lib/annotationlib.py /home/inrack/.local/cpython-3.14.7t/lib/python3.14t
/usr/bin/install -c -m 644 ./Lib/antigravity.py /home/inrack/.local/cpython-3.14.7t/lib/python3.14t
/usr/bin/install -c -m 644 ./Lib/argparse.py /home/inrack/.local/cpython-3.14.7t/lib/python3.14t
/usr/bin/install -c -m 644 ./Lib/ast.py /home/inrack/.local/cpython-3.14.7t/lib/python3.14t
/usr/bin/install -c -m 644 ./Lib/base64.py /home/inrack/.local/cpython-3.14.7t/lib/python3.14t
/usr/bin/install -c -m 644 ./Lib/bdb.py /home/inrack/.local/cpython-3.14.7t/lib/python3.14t
/usr/bin/install -c -m 644 ./Lib/bisect.py /home/inrack/.local/cpython-3.14.7t/lib/python3.14t
/usr/bin/install -c -m 644 ./Lib/bz2.py /home/inrack/.local/cpython-3.14.7t/lib/python3.14t
/usr/bin/install -c -m 644 ./Lib/cProfile.py /home/inrack/.local/cpython-3.14.7t/lib/python3.14t
/usr/bin/install -c -m 644 ./Lib/calendar.py /home/inrack/.local/cpython-3.14.7t/lib/python3.14t
/usr/bin/install -c -m 644 ./Lib/cmd.py /home/inrack/.local/cpython-3.14.7t/lib/python3.14t
/usr/bin/install -c -m 644 ./Lib/code.py /home/inrack/.local/cpython-3.14.7t/lib/python3.14t
/usr/bin/install -c -m 644 ./Lib/codecs.py /home/inrack/.local/cpython-3.14.7t/lib/python3.14t
/usr/bin/install -c -m 644 ./Lib/codeop.py /home/inrack/.local/cpython-3.14.7t/lib/python3.14t
/usr/bin/install -c -m 644 ./Lib/colorsys.py /home/inrack/.local/cpython-3.14.7t/lib/python3.14t
/usr/bin/install -c -m 644 ./Lib/compileall.py /home/inrack/.local/cpython-3.14.7t/lib/python3.14t
/usr/bin/install -c -m 644 ./Lib/configparser.py /home/inrack/.local/cpython-3.14.7t/lib/python3.14t
/usr/bin/install -c -m 644 ./Lib/contextlib.py /home/inrack/.local/cpython-3.14.7t/lib/python3.14t
/usr/bin/install -c -m 644 ./Lib/contextvars.py /home/inrack/.local/cpython-3.14.7t/lib/python3.14t
/usr/bin/install -c -m 644 ./Lib/copy.py /home/inrack/.local/cpython-3.14.7t/lib/python3.14t
/usr/bin/install -c -m 644 ./Lib/copyreg.py /home/inrack/.local/cpython-3.14.7t/lib/python3.14t
/usr/bin/install -c -m 644 ./Lib/csv.py /home/inrack/.local/cpython-3.14.7t/lib/python3.14t
/usr/bin/install -c -m 644 ./Lib/dataclasses.py /home/inrack/.local/cpython-3.14.7t/lib/python3.14t
/usr/bin/install -c -m 644 ./Lib/datetime.py /home/inrack/.local/cpython-3.14.7t/lib/python3.14t
/usr/bin/install -c -m 644 ./Lib/decimal.py /home/inrack/.local/cpython-3.14.7t/lib/python3.14t
/usr/bin/install -c -m 644 ./Lib/difflib.py /home/inrack/.local/cpython-3.14.7t/lib/python3.14t
/usr/bin/install -c -m 644 ./Lib/dis.py /home/inrack/.local/cpython-3.14.7t/lib/python3.14t
/usr/bin/install -c -m 644 ./Lib/doctest.py /home/inrack/.local/cpython-3.14.7t/lib/python3.14t
/usr/bin/install -c -m 644 ./Lib/enum.py /home/inrack/.local/cpython-3.14.7t/lib/python3.14t
/usr/bin/install -c -m 644 ./Lib/filecmp.py /home/inrack/.local/cpython-3.14.7t/lib/python3.14t
/usr/bin/install -c -m 644 ./Lib/fileinput.py /home/inrack/.local/cpython-3.14.7t/lib/python3.14t
/usr/bin/install -c -m 644 ./Lib/fnmatch.py /home/inrack/.local/cpython-3.14.7t/lib/python3.14t
/usr/bin/install -c -m 644 ./Lib/fractions.py /home/inrack/.local/cpython-3.14.7t/lib/python3.14t
/usr/bin/install -c -m 644 ./Lib/ftplib.py /home/inrack/.local/cpython-3.14.7t/lib/python3.14t
/usr/bin/install -c -m 644 ./Lib/functools.py /home/inrack/.local/cpython-3.14.7t/lib/python3.14t
/usr/bin/install -c -m 644 ./Lib/genericpath.py /home/inrack/.local/cpython-3.14.7t/lib/python3.14t
/usr/bin/install -c -m 644 ./Lib/getopt.py /home/inrack/.local/cpython-3.14.7t/lib/python3.14t
/usr/bin/install -c -m 644 ./Lib/getpass.py /home/inrack/.local/cpython-3.14.7t/lib/python3.14t
/usr/bin/install -c -m 644 ./Lib/gettext.py /home/inrack/.local/cpython-3.14.7t/lib/python3.14t
/usr/bin/install -c -m 644 ./Lib/glob.py /home/inrack/.local/cpython-3.14.7t/lib/python3.14t
/usr/bin/install -c -m 644 ./Lib/graphlib.py /home/inrack/.local/cpython-3.14.7t/lib/python3.14t
/usr/bin/install -c -m 644 ./Lib/gzip.py /home/inrack/.local/cpython-3.14.7t/lib/python3.14t
/usr/bin/install -c -m 644 ./Lib/hashlib.py /home/inrack/.local/cpython-3.14.7t/lib/python3.14t
/usr/bin/install -c -m 644 ./Lib/heapq.py /home/inrack/.local/cpython-3.14.7t/lib/python3.14t
/usr/bin/install -c -m 644 ./Lib/hmac.py /home/inrack/.local/cpython-3.14.7t/lib/python3.14t
/usr/bin/install -c -m 644 ./Lib/imaplib.py /home/inrack/.local/cpython-3.14.7t/lib/python3.14t
/usr/bin/install -c -m 644 ./Lib/inspect.py /home/inrack/.local/cpython-3.14.7t/lib/python3.14t
/usr/bin/install -c -m 644 ./Lib/io.py /home/inrack/.local/cpython-3.14.7t/lib/python3.14t
/usr/bin/install -c -m 644 ./Lib/ipaddress.py /home/inrack/.local/cpython-3.14.7t/lib/python3.14t
/usr/bin/install -c -m 644 ./Lib/keyword.py /home/inrack/.local/cpython-3.14.7t/lib/python3.14t
/usr/bin/install -c -m 644 ./Lib/linecache.py /home/inrack/.local/cpython-3.14.7t/lib/python3.14t
/usr/bin/install -c -m 644 ./Lib/locale.py /home/inrack/.local/cpython-3.14.7t/lib/python3.14t
/usr/bin/install -c -m 644 ./Lib/lzma.py /home/inrack/.local/cpython-3.14.7t/lib/python3.14t
/usr/bin/install -c -m 644 ./Lib/mailbox.py /home/inrack/.local/cpython-3.14.7t/lib/python3.14t
/usr/bin/install -c -m 644 ./Lib/mimetypes.py /home/inrack/.local/cpython-3.14.7t/lib/python3.14t
/usr/bin/install -c -m 644 ./Lib/modulefinder.py /home/inrack/.local/cpython-3.14.7t/lib/python3.14t
/usr/bin/install -c -m 644 ./Lib/netrc.py /home/inrack/.local/cpython-3.14.7t/lib/python3.14t
/usr/bin/install -c -m 644 ./Lib/ntpath.py /home/inrack/.local/cpython-3.14.7t/lib/python3.14t
/usr/bin/install -c -m 644 ./Lib/nturl2path.py /home/inrack/.local/cpython-3.14.7t/lib/python3.14t
/usr/bin/install -c -m 644 ./Lib/numbers.py /home/inrack/.local/cpython-3.14.7t/lib/python3.14t
/usr/bin/install -c -m 644 ./Lib/opcode.py /home/inrack/.local/cpython-3.14.7t/lib/python3.14t
/usr/bin/install -c -m 644 ./Lib/operator.py /home/inrack/.local/cpython-3.14.7t/lib/python3.14t
/usr/bin/install -c -m 644 ./Lib/optparse.py /home/inrack/.local/cpython-3.14.7t/lib/python3.14t
/usr/bin/install -c -m 644 ./Lib/os.py /home/inrack/.local/cpython-3.14.7t/lib/python3.14t
/usr/bin/install -c -m 644 ./Lib/pdb.py /home/inrack/.local/cpython-3.14.7t/lib/python3.14t
/usr/bin/install -c -m 644 ./Lib/pickle.py /home/inrack/.local/cpython-3.14.7t/lib/python3.14t
/usr/bin/install -c -m 644 ./Lib/pickletools.py /home/inrack/.local/cpython-3.14.7t/lib/python3.14t
/usr/bin/install -c -m 644 ./Lib/pkgutil.py /home/inrack/.local/cpython-3.14.7t/lib/python3.14t
/usr/bin/install -c -m 644 ./Lib/platform.py /home/inrack/.local/cpython-3.14.7t/lib/python3.14t
/usr/bin/install -c -m 644 ./Lib/plistlib.py /home/inrack/.local/cpython-3.14.7t/lib/python3.14t
/usr/bin/install -c -m 644 ./Lib/poplib.py /home/inrack/.local/cpython-3.14.7t/lib/python3.14t
/usr/bin/install -c -m 644 ./Lib/posixpath.py /home/inrack/.local/cpython-3.14.7t/lib/python3.14t
/usr/bin/install -c -m 644 ./Lib/pprint.py /home/inrack/.local/cpython-3.14.7t/lib/python3.14t
/usr/bin/install -c -m 644 ./Lib/profile.py /home/inrack/.local/cpython-3.14.7t/lib/python3.14t
/usr/bin/install -c -m 644 ./Lib/pstats.py /home/inrack/.local/cpython-3.14.7t/lib/python3.14t
/usr/bin/install -c -m 644 ./Lib/pty.py /home/inrack/.local/cpython-3.14.7t/lib/python3.14t
/usr/bin/install -c -m 644 ./Lib/py_compile.py /home/inrack/.local/cpython-3.14.7t/lib/python3.14t
/usr/bin/install -c -m 644 ./Lib/pyclbr.py /home/inrack/.local/cpython-3.14.7t/lib/python3.14t
/usr/bin/install -c -m 644 ./Lib/pydoc.py /home/inrack/.local/cpython-3.14.7t/lib/python3.14t
/usr/bin/install -c -m 644 ./Lib/queue.py /home/inrack/.local/cpython-3.14.7t/lib/python3.14t
/usr/bin/install -c -m 644 ./Lib/quopri.py /home/inrack/.local/cpython-3.14.7t/lib/python3.14t
/usr/bin/install -c -m 644 ./Lib/random.py /home/inrack/.local/cpython-3.14.7t/lib/python3.14t
/usr/bin/install -c -m 644 ./Lib/reprlib.py /home/inrack/.local/cpython-3.14.7t/lib/python3.14t
/usr/bin/install -c -m 644 ./Lib/rlcompleter.py /home/inrack/.local/cpython-3.14.7t/lib/python3.14t
/usr/bin/install -c -m 644 ./Lib/runpy.py /home/inrack/.local/cpython-3.14.7t/lib/python3.14t
/usr/bin/install -c -m 644 ./Lib/sched.py /home/inrack/.local/cpython-3.14.7t/lib/python3.14t
/usr/bin/install -c -m 644 ./Lib/secrets.py /home/inrack/.local/cpython-3.14.7t/lib/python3.14t
/usr/bin/install -c -m 644 ./Lib/selectors.py /home/inrack/.local/cpython-3.14.7t/lib/python3.14t
/usr/bin/install -c -m 644 ./Lib/shelve.py /home/inrack/.local/cpython-3.14.7t/lib/python3.14t
/usr/bin/install -c -m 644 ./Lib/shlex.py /home/inrack/.local/cpython-3.14.7t/lib/python3.14t
/usr/bin/install -c -m 644 ./Lib/shutil.py /home/inrack/.local/cpython-3.14.7t/lib/python3.14t
/usr/bin/install -c -m 644 ./Lib/signal.py /home/inrack/.local/cpython-3.14.7t/lib/python3.14t
/usr/bin/install -c -m 644 ./Lib/site.py /home/inrack/.local/cpython-3.14.7t/lib/python3.14t
/usr/bin/install -c -m 644 ./Lib/smtplib.py /home/inrack/.local/cpython-3.14.7t/lib/python3.14t
/usr/bin/install -c -m 644 ./Lib/socket.py /home/inrack/.local/cpython-3.14.7t/lib/python3.14t
/usr/bin/install -c -m 644 ./Lib/socketserver.py /home/inrack/.local/cpython-3.14.7t/lib/python3.14t
/usr/bin/install -c -m 644 ./Lib/sre_compile.py /home/inrack/.local/cpython-3.14.7t/lib/python3.14t
/usr/bin/install -c -m 644 ./Lib/sre_constants.py /home/inrack/.local/cpython-3.14.7t/lib/python3.14t
/usr/bin/install -c -m 644 ./Lib/sre_parse.py /home/inrack/.local/cpython-3.14.7t/lib/python3.14t
/usr/bin/install -c -m 644 ./Lib/ssl.py /home/inrack/.local/cpython-3.14.7t/lib/python3.14t
/usr/bin/install -c -m 644 ./Lib/stat.py /home/inrack/.local/cpython-3.14.7t/lib/python3.14t
/usr/bin/install -c -m 644 ./Lib/statistics.py /home/inrack/.local/cpython-3.14.7t/lib/python3.14t
/usr/bin/install -c -m 644 ./Lib/stringprep.py /home/inrack/.local/cpython-3.14.7t/lib/python3.14t
/usr/bin/install -c -m 644 ./Lib/struct.py /home/inrack/.local/cpython-3.14.7t/lib/python3.14t
/usr/bin/install -c -m 644 ./Lib/subprocess.py /home/inrack/.local/cpython-3.14.7t/lib/python3.14t
/usr/bin/install -c -m 644 ./Lib/symtable.py /home/inrack/.local/cpython-3.14.7t/lib/python3.14t
/usr/bin/install -c -m 644 ./Lib/tabnanny.py /home/inrack/.local/cpython-3.14.7t/lib/python3.14t
/usr/bin/install -c -m 644 ./Lib/tarfile.py /home/inrack/.local/cpython-3.14.7t/lib/python3.14t
/usr/bin/install -c -m 644 ./Lib/tempfile.py /home/inrack/.local/cpython-3.14.7t/lib/python3.14t
/usr/bin/install -c -m 644 ./Lib/textwrap.py /home/inrack/.local/cpython-3.14.7t/lib/python3.14t
/usr/bin/install -c -m 644 ./Lib/this.py /home/inrack/.local/cpython-3.14.7t/lib/python3.14t
/usr/bin/install -c -m 644 ./Lib/threading.py /home/inrack/.local/cpython-3.14.7t/lib/python3.14t
/usr/bin/install -c -m 644 ./Lib/timeit.py /home/inrack/.local/cpython-3.14.7t/lib/python3.14t
/usr/bin/install -c -m 644 ./Lib/token.py /home/inrack/.local/cpython-3.14.7t/lib/python3.14t
/usr/bin/install -c -m 644 ./Lib/tokenize.py /home/inrack/.local/cpython-3.14.7t/lib/python3.14t
/usr/bin/install -c -m 644 ./Lib/trace.py /home/inrack/.local/cpython-3.14.7t/lib/python3.14t
/usr/bin/install -c -m 644 ./Lib/traceback.py /home/inrack/.local/cpython-3.14.7t/lib/python3.14t
/usr/bin/install -c -m 644 ./Lib/tracemalloc.py /home/inrack/.local/cpython-3.14.7t/lib/python3.14t
/usr/bin/install -c -m 644 ./Lib/tty.py /home/inrack/.local/cpython-3.14.7t/lib/python3.14t
/usr/bin/install -c -m 644 ./Lib/turtle.py /home/inrack/.local/cpython-3.14.7t/lib/python3.14t
/usr/bin/install -c -m 644 ./Lib/types.py /home/inrack/.local/cpython-3.14.7t/lib/python3.14t
/usr/bin/install -c -m 644 ./Lib/typing.py /home/inrack/.local/cpython-3.14.7t/lib/python3.14t
/usr/bin/install -c -m 644 ./Lib/uuid.py /home/inrack/.local/cpython-3.14.7t/lib/python3.14t
/usr/bin/install -c -m 644 ./Lib/warnings.py /home/inrack/.local/cpython-3.14.7t/lib/python3.14t
/usr/bin/install -c -m 644 ./Lib/wave.py /home/inrack/.local/cpython-3.14.7t/lib/python3.14t
/usr/bin/install -c -m 644 ./Lib/weakref.py /home/inrack/.local/cpython-3.14.7t/lib/python3.14t
/usr/bin/install -c -m 644 ./Lib/webbrowser.py /home/inrack/.local/cpython-3.14.7t/lib/python3.14t
/usr/bin/install -c -m 644 ./Lib/zipapp.py /home/inrack/.local/cpython-3.14.7t/lib/python3.14t
/usr/bin/install -c -m 644 ./Lib/zipimport.py /home/inrack/.local/cpython-3.14.7t/lib/python3.14t
/usr/bin/install -c -m 644 ./Lib/asyncio/__init__.py /home/inrack/.local/cpython-3.14.7t/lib/python3.14t/asyncio
/usr/bin/install -c -m 644 ./Lib/asyncio/__main__.py /home/inrack/.local/cpython-3.14.7t/lib/python3.14t/asyncio
/usr/bin/install -c -m 644 ./Lib/asyncio/base_events.py /home/inrack/.local/cpython-3.14.7t/lib/python3.14t/asyncio
/usr/bin/install -c -m 644 ./Lib/asyncio/base_futures.py /home/inrack/.local/cpython-3.14.7t/lib/python3.14t/asyncio
/usr/bin/install -c -m 644 ./Lib/asyncio/base_subprocess.py /home/inrack/.local/cpython-3.14.7t/lib/python3.14t/asyncio
/usr/bin/install -c -m 644 ./Lib/asyncio/base_tasks.py /home/inrack/.local/cpython-3.14.7t/lib/python3.14t/asyncio
/usr/bin/install -c -m 644 ./Lib/asyncio/constants.py /home/inrack/.local/cpython-3.14.7t/lib/python3.14t/asyncio
/usr/bin/install -c -m 644 ./Lib/asyncio/coroutines.py /home/inrack/.local/cpython-3.14.7t/lib/python3.14t/asyncio
/usr/bin/install -c -m 644 ./Lib/asyncio/events.py /home/inrack/.local/cpython-3.14.7t/lib/python3.14t/asyncio
/usr/bin/install -c -m 644 ./Lib/asyncio/exceptions.py /home/inrack/.local/cpython-3.14.7t/lib/python3.14t/asyncio
/usr/bin/install -c -m 644 ./Lib/asyncio/format_helpers.py /home/inrack/.local/cpython-3.14.7t/lib/python3.14t/asyncio
/usr/bin/install -c -m 644 ./Lib/asyncio/futures.py /home/inrack/.local/cpython-3.14.7t/lib/python3.14t/asyncio
/usr/bin/install -c -m 644 ./Lib/asyncio/graph.py /home/inrack/.local/cpython-3.14.7t/lib/python3.14t/asyncio
/usr/bin/install -c -m 644 ./Lib/asyncio/locks.py /home/inrack/.local/cpython-3.14.7t/lib/python3.14t/asyncio
/usr/bin/install -c -m 644 ./Lib/asyncio/log.py /home/inrack/.local/cpython-3.14.7t/lib/python3.14t/asyncio
/usr/bin/install -c -m 644 ./Lib/asyncio/mixins.py /home/inrack/.local/cpython-3.14.7t/lib/python3.14t/asyncio
/usr/bin/install -c -m 644 ./Lib/asyncio/proactor_events.py /home/inrack/.local/cpython-3.14.7t/lib/python3.14t/asyncio
/usr/bin/install -c -m 644 ./Lib/asyncio/protocols.py /home/inrack/.local/cpython-3.14.7t/lib/python3.14t/asyncio
/usr/bin/install -c -m 644 ./Lib/asyncio/queues.py /home/inrack/.local/cpython-3.14.7t/lib/python3.14t/asyncio
/usr/bin/install -c -m 644 ./Lib/asyncio/runners.py /home/inrack/.local/cpython-3.14.7t/lib/python3.14t/asyncio
/usr/bin/install -c -m 644 ./Lib/asyncio/selector_events.py /home/inrack/.local/cpython-3.14.7t/lib/python3.14t/asyncio
/usr/bin/install -c -m 644 ./Lib/asyncio/sslproto.py /home/inrack/.local/cpython-3.14.7t/lib/python3.14t/asyncio
/usr/bin/install -c -m 644 ./Lib/asyncio/staggered.py /home/inrack/.local/cpython-3.14.7t/lib/python3.14t/asyncio
/usr/bin/install -c -m 644 ./Lib/asyncio/streams.py /home/inrack/.local/cpython-3.14.7t/lib/python3.14t/asyncio
/usr/bin/install -c -m 644 ./Lib/asyncio/subprocess.py /home/inrack/.local/cpython-3.14.7t/lib/python3.14t/asyncio
/usr/bin/install -c -m 644 ./Lib/asyncio/taskgroups.py /home/inrack/.local/cpython-3.14.7t/lib/python3.14t/asyncio
/usr/bin/install -c -m 644 ./Lib/asyncio/tasks.py /home/inrack/.local/cpython-3.14.7t/lib/python3.14t/asyncio
/usr/bin/install -c -m 644 ./Lib/asyncio/threads.py /home/inrack/.local/cpython-3.14.7t/lib/python3.14t/asyncio
/usr/bin/install -c -m 644 ./Lib/asyncio/timeouts.py /home/inrack/.local/cpython-3.14.7t/lib/python3.14t/asyncio
/usr/bin/install -c -m 644 ./Lib/asyncio/tools.py /home/inrack/.local/cpython-3.14.7t/lib/python3.14t/asyncio
/usr/bin/install -c -m 644 ./Lib/asyncio/transports.py /home/inrack/.local/cpython-3.14.7t/lib/python3.14t/asyncio
/usr/bin/install -c -m 644 ./Lib/asyncio/trsock.py /home/inrack/.local/cpython-3.14.7t/lib/python3.14t/asyncio
/usr/bin/install -c -m 644 ./Lib/asyncio/unix_events.py /home/inrack/.local/cpython-3.14.7t/lib/python3.14t/asyncio
/usr/bin/install -c -m 644 ./Lib/asyncio/windows_events.py /home/inrack/.local/cpython-3.14.7t/lib/python3.14t/asyncio
/usr/bin/install -c -m 644 ./Lib/asyncio/windows_utils.py /home/inrack/.local/cpython-3.14.7t/lib/python3.14t/asyncio
/usr/bin/install -c -m 644 ./Lib/collections/__init__.py /home/inrack/.local/cpython-3.14.7t/lib/python3.14t/collections
/usr/bin/install -c -m 644 ./Lib/compression/__init__.py /home/inrack/.local/cpython-3.14.7t/lib/python3.14t/compression
/usr/bin/install -c -m 644 ./Lib/compression/bz2.py /home/inrack/.local/cpython-3.14.7t/lib/python3.14t/compression
/usr/bin/install -c -m 644 ./Lib/compression/gzip.py /home/inrack/.local/cpython-3.14.7t/lib/python3.14t/compression
/usr/bin/install -c -m 644 ./Lib/compression/lzma.py /home/inrack/.local/cpython-3.14.7t/lib/python3.14t/compression
/usr/bin/install -c -m 644 ./Lib/compression/zlib.py /home/inrack/.local/cpython-3.14.7t/lib/python3.14t/compression
/usr/bin/install -c -m 644 ./Lib/compression/_common/__init__.py /home/inrack/.local/cpython-3.14.7t/lib/python3.14t/compression/_common
/usr/bin/install -c -m 644 ./Lib/compression/_common/_streams.py /home/inrack/.local/cpython-3.14.7t/lib/python3.14t/compression/_common
/usr/bin/install -c -m 644 ./Lib/compression/zstd/__init__.py /home/inrack/.local/cpython-3.14.7t/lib/python3.14t/compression/zstd
/usr/bin/install -c -m 644 ./Lib/compression/zstd/_zstdfile.py /home/inrack/.local/cpython-3.14.7t/lib/python3.14t/compression/zstd
/usr/bin/install -c -m 644 ./Lib/concurrent/__init__.py /home/inrack/.local/cpython-3.14.7t/lib/python3.14t/concurrent
/usr/bin/install -c -m 644 ./Lib/concurrent/futures/__init__.py /home/inrack/.local/cpython-3.14.7t/lib/python3.14t/concurrent/futures
/usr/bin/install -c -m 644 ./Lib/concurrent/futures/_base.py /home/inrack/.local/cpython-3.14.7t/lib/python3.14t/concurrent/futures
/usr/bin/install -c -m 644 ./Lib/concurrent/futures/interpreter.py /home/inrack/.local/cpython-3.14.7t/lib/python3.14t/concurrent/futures
/usr/bin/install -c -m 644 ./Lib/concurrent/futures/process.py /home/inrack/.local/cpython-3.14.7t/lib/python3.14t/concurrent/futures
/usr/bin/install -c -m 644 ./Lib/concurrent/futures/thread.py /home/inrack/.local/cpython-3.14.7t/lib/python3.14t/concurrent/futures
/usr/bin/install -c -m 644 ./Lib/concurrent/interpreters/__init__.py /home/inrack/.local/cpython-3.14.7t/lib/python3.14t/concurrent/interpreters
/usr/bin/install -c -m 644 ./Lib/concurrent/interpreters/_crossinterp.py /home/inrack/.local/cpython-3.14.7t/lib/python3.14t/concurrent/interpreters
/usr/bin/install -c -m 644 ./Lib/concurrent/interpreters/_queues.py /home/inrack/.local/cpython-3.14.7t/lib/python3.14t/concurrent/interpreters
/usr/bin/install -c -m 644 ./Lib/ctypes/__init__.py /home/inrack/.local/cpython-3.14.7t/lib/python3.14t/ctypes
/usr/bin/install -c -m 644 ./Lib/ctypes/_aix.py /home/inrack/.local/cpython-3.14.7t/lib/python3.14t/ctypes
/usr/bin/install -c -m 644 ./Lib/ctypes/_endian.py /home/inrack/.local/cpython-3.14.7t/lib/python3.14t/ctypes
/usr/bin/install -c -m 644 ./Lib/ctypes/_layout.py /home/inrack/.local/cpython-3.14.7t/lib/python3.14t/ctypes
/usr/bin/install -c -m 644 ./Lib/ctypes/util.py /home/inrack/.local/cpython-3.14.7t/lib/python3.14t/ctypes
/usr/bin/install -c -m 644 ./Lib/ctypes/wintypes.py /home/inrack/.local/cpython-3.14.7t/lib/python3.14t/ctypes
/usr/bin/install -c -m 644 ./Lib/ctypes/macholib/README.ctypes /home/inrack/.local/cpython-3.14.7t/lib/python3.14t/ctypes/macholib
/usr/bin/install -c -m 644 ./Lib/ctypes/macholib/__init__.py /home/inrack/.local/cpython-3.14.7t/lib/python3.14t/ctypes/macholib
/usr/bin/install -c -m 644 ./Lib/ctypes/macholib/dyld.py /home/inrack/.local/cpython-3.14.7t/lib/python3.14t/ctypes/macholib
/usr/bin/install -c -m 644 ./Lib/ctypes/macholib/dylib.py /home/inrack/.local/cpython-3.14.7t/lib/python3.14t/ctypes/macholib
/usr/bin/install -c ./Lib/ctypes/macholib/fetch_macholib /home/inrack/.local/cpython-3.14.7t/lib/python3.14t/ctypes/macholib
/usr/bin/install -c -m 644 ./Lib/ctypes/macholib/fetch_macholib.bat /home/inrack/.local/cpython-3.14.7t/lib/python3.14t/ctypes/macholib
/usr/bin/install -c -m 644 ./Lib/ctypes/macholib/framework.py /home/inrack/.local/cpython-3.14.7t/lib/python3.14t/ctypes/macholib
/usr/bin/install -c -m 644 ./Lib/curses/__init__.py /home/inrack/.local/cpython-3.14.7t/lib/python3.14t/curses
/usr/bin/install -c -m 644 ./Lib/curses/ascii.py /home/inrack/.local/cpython-3.14.7t/lib/python3.14t/curses
/usr/bin/install -c -m 644 ./Lib/curses/has_key.py /home/inrack/.local/cpython-3.14.7t/lib/python3.14t/curses
/usr/bin/install -c -m 644 ./Lib/curses/panel.py /home/inrack/.local/cpython-3.14.7t/lib/python3.14t/curses
/usr/bin/install -c -m 644 ./Lib/curses/textpad.py /home/inrack/.local/cpython-3.14.7t/lib/python3.14t/curses
/usr/bin/install -c -m 644 ./Lib/dbm/__init__.py /home/inrack/.local/cpython-3.14.7t/lib/python3.14t/dbm
/usr/bin/install -c -m 644 ./Lib/dbm/dumb.py /home/inrack/.local/cpython-3.14.7t/lib/python3.14t/dbm
/usr/bin/install -c -m 644 ./Lib/dbm/gnu.py /home/inrack/.local/cpython-3.14.7t/lib/python3.14t/dbm
/usr/bin/install -c -m 644 ./Lib/dbm/ndbm.py /home/inrack/.local/cpython-3.14.7t/lib/python3.14t/dbm
/usr/bin/install -c -m 644 ./Lib/dbm/sqlite3.py /home/inrack/.local/cpython-3.14.7t/lib/python3.14t/dbm
/usr/bin/install -c -m 644 ./Lib/email/__init__.py /home/inrack/.local/cpython-3.14.7t/lib/python3.14t/email
/usr/bin/install -c -m 644 ./Lib/email/_encoded_words.py /home/inrack/.local/cpython-3.14.7t/lib/python3.14t/email
/usr/bin/install -c -m 644 ./Lib/email/_header_value_parser.py /home/inrack/.local/cpython-3.14.7t/lib/python3.14t/email
/usr/bin/install -c -m 644 ./Lib/email/_parseaddr.py /home/inrack/.local/cpython-3.14.7t/lib/python3.14t/email
/usr/bin/install -c -m 644 ./Lib/email/_policybase.py /home/inrack/.local/cpython-3.14.7t/lib/python3.14t/email
/usr/bin/install -c -m 644 ./Lib/email/architecture.rst /home/inrack/.local/cpython-3.14.7t/lib/python3.14t/email
/usr/bin/install -c -m 644 ./Lib/email/base64mime.py /home/inrack/.local/cpython-3.14.7t/lib/python3.14t/email
/usr/bin/install -c -m 644 ./Lib/email/charset.py /home/inrack/.local/cpython-3.14.7t/lib/python3.14t/email
/usr/bin/install -c -m 644 ./Lib/email/contentmanager.py /home/inrack/.local/cpython-3.14.7t/lib/python3.14t/email
/usr/bin/install -c -m 644 ./Lib/email/encoders.py /home/inrack/.local/cpython-3.14.7t/lib/python3.14t/email
/usr/bin/install -c -m 644 ./Lib/email/errors.py /home/inrack/.local/cpython-3.14.7t/lib/python3.14t/email
/usr/bin/install -c -m 644 ./Lib/email/feedparser.py /home/inrack/.local/cpython-3.14.7t/lib/python3.14t/email
/usr/bin/install -c -m 644 ./Lib/email/generator.py /home/inrack/.local/cpython-3.14.7t/lib/python3.14t/email
/usr/bin/install -c -m 644 ./Lib/email/header.py /home/inrack/.local/cpython-3.14.7t/lib/python3.14t/email
/usr/bin/install -c -m 644 ./Lib/email/headerregistry.py /home/inrack/.local/cpython-3.14.7t/lib/python3.14t/email
/usr/bin/install -c -m 644 ./Lib/email/iterators.py /home/inrack/.local/cpython-3.14.7t/lib/python3.14t/email
/usr/bin/install -c -m 644 ./Lib/email/message.py /home/inrack/.local/cpython-3.14.7t/lib/python3.14t/email
/usr/bin/install -c -m 644 ./Lib/email/parser.py /home/inrack/.local/cpython-3.14.7t/lib/python3.14t/email
/usr/bin/install -c -m 644 ./Lib/email/policy.py /home/inrack/.local/cpython-3.14.7t/lib/python3.14t/email
/usr/bin/install -c -m 644 ./Lib/email/quoprimime.py /home/inrack/.local/cpython-3.14.7t/lib/python3.14t/email
/usr/bin/install -c -m 644 ./Lib/email/utils.py /home/inrack/.local/cpython-3.14.7t/lib/python3.14t/email
/usr/bin/install -c -m 644 ./Lib/email/mime/__init__.py /home/inrack/.local/cpython-3.14.7t/lib/python3.14t/email/mime
/usr/bin/install -c -m 644 ./Lib/email/mime/application.py /home/inrack/.local/cpython-3.14.7t/lib/python3.14t/email/mime
/usr/bin/install -c -m 644 ./Lib/email/mime/audio.py /home/inrack/.local/cpython-3.14.7t/lib/python3.14t/email/mime
/usr/bin/install -c -m 644 ./Lib/email/mime/base.py /home/inrack/.local/cpython-3.14.7t/lib/python3.14t/email/mime
/usr/bin/install -c -m 644 ./Lib/email/mime/image.py /home/inrack/.local/cpython-3.14.7t/lib/python3.14t/email/mime
/usr/bin/install -c -m 644 ./Lib/email/mime/message.py /home/inrack/.local/cpython-3.14.7t/lib/python3.14t/email/mime
/usr/bin/install -c -m 644 ./Lib/email/mime/multipart.py /home/inrack/.local/cpython-3.14.7t/lib/python3.14t/email/mime
/usr/bin/install -c -m 644 ./Lib/email/mime/nonmultipart.py /home/inrack/.local/cpython-3.14.7t/lib/python3.14t/email/mime
/usr/bin/install -c -m 644 ./Lib/email/mime/text.py /home/inrack/.local/cpython-3.14.7t/lib/python3.14t/email/mime
/usr/bin/install -c -m 644 ./Lib/encodings/__init__.py /home/inrack/.local/cpython-3.14.7t/lib/python3.14t/encodings
/usr/bin/install -c -m 644 ./Lib/encodings/_win_cp_codecs.py /home/inrack/.local/cpython-3.14.7t/lib/python3.14t/encodings
/usr/bin/install -c -m 644 ./Lib/encodings/aliases.py /home/inrack/.local/cpython-3.14.7t/lib/python3.14t/encodings
/usr/bin/install -c -m 644 ./Lib/encodings/ascii.py /home/inrack/.local/cpython-3.14.7t/lib/python3.14t/encodings
/usr/bin/install -c -m 644 ./Lib/encodings/base64_codec.py /home/inrack/.local/cpython-3.14.7t/lib/python3.14t/encodings
/usr/bin/install -c -m 644 ./Lib/encodings/big5.py /home/inrack/.local/cpython-3.14.7t/lib/python3.14t/encodings
/usr/bin/install -c -m 644 ./Lib/encodings/big5hkscs.py /home/inrack/.local/cpython-3.14.7t/lib/python3.14t/encodings
/usr/bin/install -c -m 644 ./Lib/encodings/bz2_codec.py /home/inrack/.local/cpython-3.14.7t/lib/python3.14t/encodings
/usr/bin/install -c -m 644 ./Lib/encodings/charmap.py /home/inrack/.local/cpython-3.14.7t/lib/python3.14t/encodings
/usr/bin/install -c -m 644 ./Lib/encodings/cp037.py /home/inrack/.local/cpython-3.14.7t/lib/python3.14t/encodings
/usr/bin/install -c -m 644 ./Lib/encodings/cp1006.py /home/inrack/.local/cpython-3.14.7t/lib/python3.14t/encodings
/usr/bin/install -c -m 644 ./Lib/encodings/cp1026.py /home/inrack/.local/cpython-3.14.7t/lib/python3.14t/encodings
/usr/bin/install -c -m 644 ./Lib/encodings/cp1125.py /home/inrack/.local/cpython-3.14.7t/lib/python3.14t/encodings
/usr/bin/install -c -m 644 ./Lib/encodings/cp1140.py /home/inrack/.local/cpython-3.14.7t/lib/python3.14t/encodings
/usr/bin/install -c -m 644 ./Lib/encodings/cp1250.py /home/inrack/.local/cpython-3.14.7t/lib/python3.14t/encodings
/usr/bin/install -c -m 644 ./Lib/encodings/cp1251.py /home/inrack/.local/cpython-3.14.7t/lib/python3.14t/encodings
/usr/bin/install -c -m 644 ./Lib/encodings/cp1252.py /home/inrack/.local/cpython-3.14.7t/lib/python3.14t/encodings
/usr/bin/install -c -m 644 ./Lib/encodings/cp1253.py /home/inrack/.local/cpython-3.14.7t/lib/python3.14t/encodings
/usr/bin/install -c -m 644 ./Lib/encodings/cp1254.py /home/inrack/.local/cpython-3.14.7t/lib/python3.14t/encodings
/usr/bin/install -c -m 644 ./Lib/encodings/cp1255.py /home/inrack/.local/cpython-3.14.7t/lib/python3.14t/encodings
/usr/bin/install -c -m 644 ./Lib/encodings/cp1256.py /home/inrack/.local/cpython-3.14.7t/lib/python3.14t/encodings
/usr/bin/install -c -m 644 ./Lib/encodings/cp1257.py /home/inrack/.local/cpython-3.14.7t/lib/python3.14t/encodings
/usr/bin/install -c -m 644 ./Lib/encodings/cp1258.py /home/inrack/.local/cpython-3.14.7t/lib/python3.14t/encodings
/usr/bin/install -c -m 644 ./Lib/encodings/cp273.py /home/inrack/.local/cpython-3.14.7t/lib/python3.14t/encodings
/usr/bin/install -c -m 644 ./Lib/encodings/cp424.py /home/inrack/.local/cpython-3.14.7t/lib/python3.14t/encodings
/usr/bin/install -c -m 644 ./Lib/encodings/cp437.py /home/inrack/.local/cpython-3.14.7t/lib/python3.14t/encodings
/usr/bin/install -c -m 644 ./Lib/encodings/cp500.py /home/inrack/.local/cpython-3.14.7t/lib/python3.14t/encodings
/usr/bin/install -c -m 644 ./Lib/encodings/cp720.py /home/inrack/.local/cpython-3.14.7t/lib/python3.14t/encodings
/usr/bin/install -c -m 644 ./Lib/encodings/cp737.py /home/inrack/.local/cpython-3.14.7t/lib/python3.14t/encodings
/usr/bin/install -c -m 644 ./Lib/encodings/cp775.py /home/inrack/.local/cpython-3.14.7t/lib/python3.14t/encodings
/usr/bin/install -c -m 644 ./Lib/encodings/cp850.py /home/inrack/.local/cpython-3.14.7t/lib/python3.14t/encodings
/usr/bin/install -c -m 644 ./Lib/encodings/cp852.py /home/inrack/.local/cpython-3.14.7t/lib/python3.14t/encodings
/usr/bin/install -c -m 644 ./Lib/encodings/cp855.py /home/inrack/.local/cpython-3.14.7t/lib/python3.14t/encodings
/usr/bin/install -c -m 644 ./Lib/encodings/cp856.py /home/inrack/.local/cpython-3.14.7t/lib/python3.14t/encodings
/usr/bin/install -c -m 644 ./Lib/encodings/cp857.py /home/inrack/.local/cpython-3.14.7t/lib/python3.14t/encodings
/usr/bin/install -c -m 644 ./Lib/encodings/cp858.py /home/inrack/.local/cpython-3.14.7t/lib/python3.14t/encodings
/usr/bin/install -c -m 644 ./Lib/encodings/cp860.py /home/inrack/.local/cpython-3.14.7t/lib/python3.14t/encodings
/usr/bin/install -c -m 644 ./Lib/encodings/cp861.py /home/inrack/.local/cpython-3.14.7t/lib/python3.14t/encodings
/usr/bin/install -c -m 644 ./Lib/encodings/cp862.py /home/inrack/.local/cpython-3.14.7t/lib/python3.14t/encodings
/usr/bin/install -c -m 644 ./Lib/encodings/cp863.py /home/inrack/.local/cpython-3.14.7t/lib/python3.14t/encodings
/usr/bin/install -c -m 644 ./Lib/encodings/cp864.py /home/inrack/.local/cpython-3.14.7t/lib/python3.14t/encodings
/usr/bin/install -c -m 644 ./Lib/encodings/cp865.py /home/inrack/.local/cpython-3.14.7t/lib/python3.14t/encodings
/usr/bin/install -c -m 644 ./Lib/encodings/cp866.py /home/inrack/.local/cpython-3.14.7t/lib/python3.14t/encodings
/usr/bin/install -c -m 644 ./Lib/encodings/cp869.py /home/inrack/.local/cpython-3.14.7t/lib/python3.14t/encodings
/usr/bin/install -c -m 644 ./Lib/encodings/cp874.py /home/inrack/.local/cpython-3.14.7t/lib/python3.14t/encodings
/usr/bin/install -c -m 644 ./Lib/encodings/cp875.py /home/inrack/.local/cpython-3.14.7t/lib/python3.14t/encodings
/usr/bin/install -c -m 644 ./Lib/encodings/cp932.py /home/inrack/.local/cpython-3.14.7t/lib/python3.14t/encodings
/usr/bin/install -c -m 644 ./Lib/encodings/cp949.py /home/inrack/.local/cpython-3.14.7t/lib/python3.14t/encodings
/usr/bin/install -c -m 644 ./Lib/encodings/cp950.py /home/inrack/.local/cpython-3.14.7t/lib/python3.14t/encodings
/usr/bin/install -c -m 644 ./Lib/encodings/euc_jis_2004.py /home/inrack/.local/cpython-3.14.7t/lib/python3.14t/encodings
/usr/bin/install -c -m 644 ./Lib/encodings/euc_jisx0213.py /home/inrack/.local/cpython-3.14.7t/lib/python3.14t/encodings
/usr/bin/install -c -m 644 ./Lib/encodings/euc_jp.py /home/inrack/.local/cpython-3.14.7t/lib/python3.14t/encodings
/usr/bin/install -c -m 644 ./Lib/encodings/euc_kr.py /home/inrack/.local/cpython-3.14.7t/lib/python3.14t/encodings
/usr/bin/install -c -m 644 ./Lib/encodings/gb18030.py /home/inrack/.local/cpython-3.14.7t/lib/python3.14t/encodings
/usr/bin/install -c -m 644 ./Lib/encodings/gb2312.py /home/inrack/.local/cpython-3.14.7t/lib/python3.14t/encodings
/usr/bin/install -c -m 644 ./Lib/encodings/gbk.py /home/inrack/.local/cpython-3.14.7t/lib/python3.14t/encodings
/usr/bin/install -c -m 644 ./Lib/encodings/hex_codec.py /home/inrack/.local/cpython-3.14.7t/lib/python3.14t/encodings
/usr/bin/install -c -m 644 ./Lib/encodings/hp_roman8.py /home/inrack/.local/cpython-3.14.7t/lib/python3.14t/encodings
/usr/bin/install -c -m 644 ./Lib/encodings/hz.py /home/inrack/.local/cpython-3.14.7t/lib/python3.14t/encodings
/usr/bin/install -c -m 644 ./Lib/encodings/idna.py /home/inrack/.local/cpython-3.14.7t/lib/python3.14t/encodings
/usr/bin/install -c -m 644 ./Lib/encodings/iso2022_jp.py /home/inrack/.local/cpython-3.14.7t/lib/python3.14t/encodings
/usr/bin/install -c -m 644 ./Lib/encodings/iso2022_jp_1.py /home/inrack/.local/cpython-3.14.7t/lib/python3.14t/encodings
/usr/bin/install -c -m 644 ./Lib/encodings/iso2022_jp_2.py /home/inrack/.local/cpython-3.14.7t/lib/python3.14t/encodings
/usr/bin/install -c -m 644 ./Lib/encodings/iso2022_jp_2004.py /home/inrack/.local/cpython-3.14.7t/lib/python3.14t/encodings
/usr/bin/install -c -m 644 ./Lib/encodings/iso2022_jp_3.py /home/inrack/.local/cpython-3.14.7t/lib/python3.14t/encodings
/usr/bin/install -c -m 644 ./Lib/encodings/iso2022_jp_ext.py /home/inrack/.local/cpython-3.14.7t/lib/python3.14t/encodings
/usr/bin/install -c -m 644 ./Lib/encodings/iso2022_kr.py /home/inrack/.local/cpython-3.14.7t/lib/python3.14t/encodings
/usr/bin/install -c -m 644 ./Lib/encodings/iso8859_1.py /home/inrack/.local/cpython-3.14.7t/lib/python3.14t/encodings
/usr/bin/install -c -m 644 ./Lib/encodings/iso8859_10.py /home/inrack/.local/cpython-3.14.7t/lib/python3.14t/encodings
/usr/bin/install -c -m 644 ./Lib/encodings/iso8859_11.py /home/inrack/.local/cpython-3.14.7t/lib/python3.14t/encodings
/usr/bin/install -c -m 644 ./Lib/encodings/iso8859_13.py /home/inrack/.local/cpython-3.14.7t/lib/python3.14t/encodings
/usr/bin/install -c -m 644 ./Lib/encodings/iso8859_14.py /home/inrack/.local/cpython-3.14.7t/lib/python3.14t/encodings
/usr/bin/install -c -m 644 ./Lib/encodings/iso8859_15.py /home/inrack/.local/cpython-3.14.7t/lib/python3.14t/encodings
/usr/bin/install -c -m 644 ./Lib/encodings/iso8859_16.py /home/inrack/.local/cpython-3.14.7t/lib/python3.14t/encodings
/usr/bin/install -c -m 644 ./Lib/encodings/iso8859_2.py /home/inrack/.local/cpython-3.14.7t/lib/python3.14t/encodings
/usr/bin/install -c -m 644 ./Lib/encodings/iso8859_3.py /home/inrack/.local/cpython-3.14.7t/lib/python3.14t/encodings
/usr/bin/install -c -m 644 ./Lib/encodings/iso8859_4.py /home/inrack/.local/cpython-3.14.7t/lib/python3.14t/encodings
/usr/bin/install -c -m 644 ./Lib/encodings/iso8859_5.py /home/inrack/.local/cpython-3.14.7t/lib/python3.14t/encodings
/usr/bin/install -c -m 644 ./Lib/encodings/iso8859_6.py /home/inrack/.local/cpython-3.14.7t/lib/python3.14t/encodings
/usr/bin/install -c -m 644 ./Lib/encodings/iso8859_7.py /home/inrack/.local/cpython-3.14.7t/lib/python3.14t/encodings
/usr/bin/install -c -m 644 ./Lib/encodings/iso8859_8.py /home/inrack/.local/cpython-3.14.7t/lib/python3.14t/encodings
/usr/bin/install -c -m 644 ./Lib/encodings/iso8859_9.py /home/inrack/.local/cpython-3.14.7t/lib/python3.14t/encodings
/usr/bin/install -c -m 644 ./Lib/encodings/johab.py /home/inrack/.local/cpython-3.14.7t/lib/python3.14t/encodings
/usr/bin/install -c -m 644 ./Lib/encodings/koi8_r.py /home/inrack/.local/cpython-3.14.7t/lib/python3.14t/encodings
/usr/bin/install -c -m 644 ./Lib/encodings/koi8_t.py /home/inrack/.local/cpython-3.14.7t/lib/python3.14t/encodings
/usr/bin/install -c -m 644 ./Lib/encodings/koi8_u.py /home/inrack/.local/cpython-3.14.7t/lib/python3.14t/encodings
/usr/bin/install -c -m 644 ./Lib/encodings/kz1048.py /home/inrack/.local/cpython-3.14.7t/lib/python3.14t/encodings
/usr/bin/install -c -m 644 ./Lib/encodings/latin_1.py /home/inrack/.local/cpython-3.14.7t/lib/python3.14t/encodings
/usr/bin/install -c -m 644 ./Lib/encodings/mac_arabic.py /home/inrack/.local/cpython-3.14.7t/lib/python3.14t/encodings
/usr/bin/install -c -m 644 ./Lib/encodings/mac_croatian.py /home/inrack/.local/cpython-3.14.7t/lib/python3.14t/encodings
/usr/bin/install -c -m 644 ./Lib/encodings/mac_cyrillic.py /home/inrack/.local/cpython-3.14.7t/lib/python3.14t/encodings
/usr/bin/install -c -m 644 ./Lib/encodings/mac_farsi.py /home/inrack/.local/cpython-3.14.7t/lib/python3.14t/encodings
/usr/bin/install -c -m 644 ./Lib/encodings/mac_greek.py /home/inrack/.local/cpython-3.14.7t/lib/python3.14t/encodings
/usr/bin/install -c -m 644 ./Lib/encodings/mac_iceland.py /home/inrack/.local/cpython-3.14.7t/lib/python3.14t/encodings
/usr/bin/install -c -m 644 ./Lib/encodings/mac_latin2.py /home/inrack/.local/cpython-3.14.7t/lib/python3.14t/encodings
/usr/bin/install -c -m 644 ./Lib/encodings/mac_roman.py /home/inrack/.local/cpython-3.14.7t/lib/python3.14t/encodings
/usr/bin/install -c -m 644 ./Lib/encodings/mac_romanian.py /home/inrack/.local/cpython-3.14.7t/lib/python3.14t/encodings
/usr/bin/install -c -m 644 ./Lib/encodings/mac_turkish.py /home/inrack/.local/cpython-3.14.7t/lib/python3.14t/encodings
/usr/bin/install -c -m 644 ./Lib/encodings/mbcs.py /home/inrack/.local/cpython-3.14.7t/lib/python3.14t/encodings
/usr/bin/install -c -m 644 ./Lib/encodings/oem.py /home/inrack/.local/cpython-3.14.7t/lib/python3.14t/encodings
/usr/bin/install -c -m 644 ./Lib/encodings/palmos.py /home/inrack/.local/cpython-3.14.7t/lib/python3.14t/encodings
/usr/bin/install -c -m 644 ./Lib/encodings/ptcp154.py /home/inrack/.local/cpython-3.14.7t/lib/python3.14t/encodings
/usr/bin/install -c -m 644 ./Lib/encodings/punycode.py /home/inrack/.local/cpython-3.14.7t/lib/python3.14t/encodings
/usr/bin/install -c -m 644 ./Lib/encodings/quopri_codec.py /home/inrack/.local/cpython-3.14.7t/lib/python3.14t/encodings
/usr/bin/install -c -m 644 ./Lib/encodings/raw_unicode_escape.py /home/inrack/.local/cpython-3.14.7t/lib/python3.14t/encodings
/usr/bin/install -c ./Lib/encodings/rot_13.py /home/inrack/.local/cpython-3.14.7t/lib/python3.14t/encodings
/usr/bin/install -c -m 644 ./Lib/encodings/shift_jis.py /home/inrack/.local/cpython-3.14.7t/lib/python3.14t/encodings
/usr/bin/install -c -m 644 ./Lib/encodings/shift_jis_2004.py /home/inrack/.local/cpython-3.14.7t/lib/python3.14t/encodings
/usr/bin/install -c -m 644 ./Lib/encodings/shift_jisx0213.py /home/inrack/.local/cpython-3.14.7t/lib/python3.14t/encodings
/usr/bin/install -c -m 644 ./Lib/encodings/tis_620.py /home/inrack/.local/cpython-3.14.7t/lib/python3.14t/encodings
/usr/bin/install -c -m 644 ./Lib/encodings/undefined.py /home/inrack/.local/cpython-3.14.7t/lib/python3.14t/encodings
/usr/bin/install -c -m 644 ./Lib/encodings/unicode_escape.py /home/inrack/.local/cpython-3.14.7t/lib/python3.14t/encodings
/usr/bin/install -c -m 644 ./Lib/encodings/utf_16.py /home/inrack/.local/cpython-3.14.7t/lib/python3.14t/encodings
/usr/bin/install -c -m 644 ./Lib/encodings/utf_16_be.py /home/inrack/.local/cpython-3.14.7t/lib/python3.14t/encodings
/usr/bin/install -c -m 644 ./Lib/encodings/utf_16_le.py /home/inrack/.local/cpython-3.14.7t/lib/python3.14t/encodings
/usr/bin/install -c -m 644 ./Lib/encodings/utf_32.py /home/inrack/.local/cpython-3.14.7t/lib/python3.14t/encodings
/usr/bin/install -c -m 644 ./Lib/encodings/utf_32_be.py /home/inrack/.local/cpython-3.14.7t/lib/python3.14t/encodings
/usr/bin/install -c -m 644 ./Lib/encodings/utf_32_le.py /home/inrack/.local/cpython-3.14.7t/lib/python3.14t/encodings
/usr/bin/install -c -m 644 ./Lib/encodings/utf_7.py /home/inrack/.local/cpython-3.14.7t/lib/python3.14t/encodings
/usr/bin/install -c -m 644 ./Lib/encodings/utf_8.py /home/inrack/.local/cpython-3.14.7t/lib/python3.14t/encodings
/usr/bin/install -c -m 644 ./Lib/encodings/utf_8_sig.py /home/inrack/.local/cpython-3.14.7t/lib/python3.14t/encodings
/usr/bin/install -c -m 644 ./Lib/encodings/uu_codec.py /home/inrack/.local/cpython-3.14.7t/lib/python3.14t/encodings
/usr/bin/install -c -m 644 ./Lib/encodings/zlib_codec.py /home/inrack/.local/cpython-3.14.7t/lib/python3.14t/encodings
/usr/bin/install -c -m 644 ./Lib/ensurepip/__init__.py /home/inrack/.local/cpython-3.14.7t/lib/python3.14t/ensurepip
/usr/bin/install -c -m 644 ./Lib/ensurepip/__main__.py /home/inrack/.local/cpython-3.14.7t/lib/python3.14t/ensurepip
/usr/bin/install -c -m 644 ./Lib/ensurepip/_uninstall.py /home/inrack/.local/cpython-3.14.7t/lib/python3.14t/ensurepip
/usr/bin/install -c -m 644 ./Lib/ensurepip/_bundled/pip-26.2.1-py3-none-any.whl /home/inrack/.local/cpython-3.14.7t/lib/python3.14t/ensurepip/_bundled
/usr/bin/install -c -m 644 ./Lib/html/__init__.py /home/inrack/.local/cpython-3.14.7t/lib/python3.14t/html
/usr/bin/install -c -m 644 ./Lib/html/entities.py /home/inrack/.local/cpython-3.14.7t/lib/python3.14t/html
/usr/bin/install -c -m 644 ./Lib/html/parser.py /home/inrack/.local/cpython-3.14.7t/lib/python3.14t/html
/usr/bin/install -c -m 644 ./Lib/http/__init__.py /home/inrack/.local/cpython-3.14.7t/lib/python3.14t/http
/usr/bin/install -c -m 644 ./Lib/http/client.py /home/inrack/.local/cpython-3.14.7t/lib/python3.14t/http
/usr/bin/install -c -m 644 ./Lib/http/cookiejar.py /home/inrack/.local/cpython-3.14.7t/lib/python3.14t/http
/usr/bin/install -c -m 644 ./Lib/http/cookies.py /home/inrack/.local/cpython-3.14.7t/lib/python3.14t/http
/usr/bin/install -c -m 644 ./Lib/http/server.py /home/inrack/.local/cpython-3.14.7t/lib/python3.14t/http
/usr/bin/install -c -m 644 ./Lib/idlelib/CREDITS.txt /home/inrack/.local/cpython-3.14.7t/lib/python3.14t/idlelib
/usr/bin/install -c -m 644 ./Lib/idlelib/ChangeLog /home/inrack/.local/cpython-3.14.7t/lib/python3.14t/idlelib
/usr/bin/install -c -m 644 ./Lib/idlelib/HISTORY.txt /home/inrack/.local/cpython-3.14.7t/lib/python3.14t/idlelib
/usr/bin/install -c -m 644 ./Lib/idlelib/NEWS2x.txt /home/inrack/.local/cpython-3.14.7t/lib/python3.14t/idlelib
/usr/bin/install -c -m 644 ./Lib/idlelib/News3.txt /home/inrack/.local/cpython-3.14.7t/lib/python3.14t/idlelib
/usr/bin/install -c -m 644 ./Lib/idlelib/README.txt /home/inrack/.local/cpython-3.14.7t/lib/python3.14t/idlelib
/usr/bin/install -c -m 644 ./Lib/idlelib/TODO.txt /home/inrack/.local/cpython-3.14.7t/lib/python3.14t/idlelib
/usr/bin/install -c -m 644 ./Lib/idlelib/__init__.py /home/inrack/.local/cpython-3.14.7t/lib/python3.14t/idlelib
/usr/bin/install -c -m 644 ./Lib/idlelib/__main__.py /home/inrack/.local/cpython-3.14.7t/lib/python3.14t/idlelib
/usr/bin/install -c -m 644 ./Lib/idlelib/autocomplete.py /home/inrack/.local/cpython-3.14.7t/lib/python3.14t/idlelib
/usr/bin/install -c -m 644 ./Lib/idlelib/autocomplete_w.py /home/inrack/.local/cpython-3.14.7t/lib/python3.14t/idlelib
/usr/bin/install -c -m 644 ./Lib/idlelib/autoexpand.py /home/inrack/.local/cpython-3.14.7t/lib/python3.14t/idlelib
/usr/bin/install -c -m 644 ./Lib/idlelib/browser.py /home/inrack/.local/cpython-3.14.7t/lib/python3.14t/idlelib
/usr/bin/install -c -m 644 ./Lib/idlelib/calltip.py /home/inrack/.local/cpython-3.14.7t/lib/python3.14t/idlelib
/usr/bin/install -c -m 644 ./Lib/idlelib/calltip_w.py /home/inrack/.local/cpython-3.14.7t/lib/python3.14t/idlelib
/usr/bin/install -c -m 644 ./Lib/idlelib/codecontext.py /home/inrack/.local/cpython-3.14.7t/lib/python3.14t/idlelib
/usr/bin/install -c -m 644 ./Lib/idlelib/colorizer.py /home/inrack/.local/cpython-3.14.7t/lib/python3.14t/idlelib
/usr/bin/install -c -m 644 ./Lib/idlelib/config-extensions.def /home/inrack/.local/cpython-3.14.7t/lib/python3.14t/idlelib
/usr/bin/install -c -m 644 ./Lib/idlelib/config-highlight.def /home/inrack/.local/cpython-3.14.7t/lib/python3.14t/idlelib
/usr/bin/install -c -m 644 ./Lib/idlelib/config-keys.def /home/inrack/.local/cpython-3.14.7t/lib/python3.14t/idlelib
/usr/bin/install -c -m 644 ./Lib/idlelib/config-main.def /home/inrack/.local/cpython-3.14.7t/lib/python3.14t/idlelib
/usr/bin/install -c -m 644 ./Lib/idlelib/config.py /home/inrack/.local/cpython-3.14.7t/lib/python3.14t/idlelib
/usr/bin/install -c -m 644 ./Lib/idlelib/config_key.py /home/inrack/.local/cpython-3.14.7t/lib/python3.14t/idlelib
/usr/bin/install -c -m 644 ./Lib/idlelib/configdialog.py /home/inrack/.local/cpython-3.14.7t/lib/python3.14t/idlelib
/usr/bin/install -c -m 644 ./Lib/idlelib/debugger.py /home/inrack/.local/cpython-3.14.7t/lib/python3.14t/idlelib
/usr/bin/install -c -m 644 ./Lib/idlelib/debugger_r.py /home/inrack/.local/cpython-3.14.7t/lib/python3.14t/idlelib
/usr/bin/install -c -m 644 ./Lib/idlelib/debugobj.py /home/inrack/.local/cpython-3.14.7t/lib/python3.14t/idlelib
/usr/bin/install -c -m 644 ./Lib/idlelib/debugobj_r.py /home/inrack/.local/cpython-3.14.7t/lib/python3.14t/idlelib
/usr/bin/install -c -m 644 ./Lib/idlelib/delegator.py /home/inrack/.local/cpython-3.14.7t/lib/python3.14t/idlelib
/usr/bin/install -c -m 644 ./Lib/idlelib/dynoption.py /home/inrack/.local/cpython-3.14.7t/lib/python3.14t/idlelib
/usr/bin/install -c -m 644 ./Lib/idlelib/editor.py /home/inrack/.local/cpython-3.14.7t/lib/python3.14t/idlelib
/usr/bin/install -c -m 644 ./Lib/idlelib/extend.txt /home/inrack/.local/cpython-3.14.7t/lib/python3.14t/idlelib
/usr/bin/install -c -m 644 ./Lib/idlelib/filelist.py /home/inrack/.local/cpython-3.14.7t/lib/python3.14t/idlelib
/usr/bin/install -c -m 644 ./Lib/idlelib/format.py /home/inrack/.local/cpython-3.14.7t/lib/python3.14t/idlelib
/usr/bin/install -c -m 644 ./Lib/idlelib/grep.py /home/inrack/.local/cpython-3.14.7t/lib/python3.14t/idlelib
/usr/bin/install -c -m 644 ./Lib/idlelib/help.html /home/inrack/.local/cpython-3.14.7t/lib/python3.14t/idlelib
/usr/bin/install -c -m 644 ./Lib/idlelib/help.py /home/inrack/.local/cpython-3.14.7t/lib/python3.14t/idlelib
/usr/bin/install -c -m 644 ./Lib/idlelib/help_about.py /home/inrack/.local/cpython-3.14.7t/lib/python3.14t/idlelib
/usr/bin/install -c -m 644 ./Lib/idlelib/history.py /home/inrack/.local/cpython-3.14.7t/lib/python3.14t/idlelib
/usr/bin/install -c -m 644 ./Lib/idlelib/hyperparser.py /home/inrack/.local/cpython-3.14.7t/lib/python3.14t/idlelib
/usr/bin/install -c -m 644 ./Lib/idlelib/idle.bat /home/inrack/.local/cpython-3.14.7t/lib/python3.14t/idlelib
/usr/bin/install -c -m 644 ./Lib/idlelib/idle.py /home/inrack/.local/cpython-3.14.7t/lib/python3.14t/idlelib
/usr/bin/install -c -m 644 ./Lib/idlelib/idle.pyw /home/inrack/.local/cpython-3.14.7t/lib/python3.14t/idlelib
/usr/bin/install -c -m 644 ./Lib/idlelib/iomenu.py /home/inrack/.local/cpython-3.14.7t/lib/python3.14t/idlelib
/usr/bin/install -c -m 644 ./Lib/idlelib/macosx.py /home/inrack/.local/cpython-3.14.7t/lib/python3.14t/idlelib
/usr/bin/install -c -m 644 ./Lib/idlelib/mainmenu.py /home/inrack/.local/cpython-3.14.7t/lib/python3.14t/idlelib
/usr/bin/install -c -m 644 ./Lib/idlelib/multicall.py /home/inrack/.local/cpython-3.14.7t/lib/python3.14t/idlelib
/usr/bin/install -c -m 644 ./Lib/idlelib/outwin.py /home/inrack/.local/cpython-3.14.7t/lib/python3.14t/idlelib
/usr/bin/install -c -m 644 ./Lib/idlelib/parenmatch.py /home/inrack/.local/cpython-3.14.7t/lib/python3.14t/idlelib
/usr/bin/install -c -m 644 ./Lib/idlelib/pathbrowser.py /home/inrack/.local/cpython-3.14.7t/lib/python3.14t/idlelib
/usr/bin/install -c -m 644 ./Lib/idlelib/percolator.py /home/inrack/.local/cpython-3.14.7t/lib/python3.14t/idlelib
/usr/bin/install -c -m 644 ./Lib/idlelib/pyparse.py /home/inrack/.local/cpython-3.14.7t/lib/python3.14t/idlelib
/usr/bin/install -c ./Lib/idlelib/pyshell.py /home/inrack/.local/cpython-3.14.7t/lib/python3.14t/idlelib
/usr/bin/install -c -m 644 ./Lib/idlelib/query.py /home/inrack/.local/cpython-3.14.7t/lib/python3.14t/idlelib
/usr/bin/install -c -m 644 ./Lib/idlelib/redirector.py /home/inrack/.local/cpython-3.14.7t/lib/python3.14t/idlelib
/usr/bin/install -c -m 644 ./Lib/idlelib/replace.py /home/inrack/.local/cpython-3.14.7t/lib/python3.14t/idlelib
/usr/bin/install -c -m 644 ./Lib/idlelib/rpc.py /home/inrack/.local/cpython-3.14.7t/lib/python3.14t/idlelib
/usr/bin/install -c -m 644 ./Lib/idlelib/run.py /home/inrack/.local/cpython-3.14.7t/lib/python3.14t/idlelib
/usr/bin/install -c -m 644 ./Lib/idlelib/runscript.py /home/inrack/.local/cpython-3.14.7t/lib/python3.14t/idlelib
/usr/bin/install -c -m 644 ./Lib/idlelib/scrolledlist.py /home/inrack/.local/cpython-3.14.7t/lib/python3.14t/idlelib
/usr/bin/install -c -m 644 ./Lib/idlelib/search.py /home/inrack/.local/cpython-3.14.7t/lib/python3.14t/idlelib
/usr/bin/install -c -m 644 ./Lib/idlelib/searchbase.py /home/inrack/.local/cpython-3.14.7t/lib/python3.14t/idlelib
/usr/bin/install -c -m 644 ./Lib/idlelib/searchengine.py /home/inrack/.local/cpython-3.14.7t/lib/python3.14t/idlelib
/usr/bin/install -c -m 644 ./Lib/idlelib/sidebar.py /home/inrack/.local/cpython-3.14.7t/lib/python3.14t/idlelib
/usr/bin/install -c -m 644 ./Lib/idlelib/squeezer.py /home/inrack/.local/cpython-3.14.7t/lib/python3.14t/idlelib
/usr/bin/install -c -m 644 ./Lib/idlelib/stackviewer.py /home/inrack/.local/cpython-3.14.7t/lib/python3.14t/idlelib
/usr/bin/install -c -m 644 ./Lib/idlelib/statusbar.py /home/inrack/.local/cpython-3.14.7t/lib/python3.14t/idlelib
/usr/bin/install -c -m 644 ./Lib/idlelib/textview.py /home/inrack/.local/cpython-3.14.7t/lib/python3.14t/idlelib
/usr/bin/install -c -m 644 ./Lib/idlelib/tooltip.py /home/inrack/.local/cpython-3.14.7t/lib/python3.14t/idlelib
/usr/bin/install -c -m 644 ./Lib/idlelib/tree.py /home/inrack/.local/cpython-3.14.7t/lib/python3.14t/idlelib
/usr/bin/install -c -m 644 ./Lib/idlelib/undo.py /home/inrack/.local/cpython-3.14.7t/lib/python3.14t/idlelib
/usr/bin/install -c -m 644 ./Lib/idlelib/util.py /home/inrack/.local/cpython-3.14.7t/lib/python3.14t/idlelib
/usr/bin/install -c -m 644 ./Lib/idlelib/window.py /home/inrack/.local/cpython-3.14.7t/lib/python3.14t/idlelib
/usr/bin/install -c -m 644 ./Lib/idlelib/zoomheight.py /home/inrack/.local/cpython-3.14.7t/lib/python3.14t/idlelib
/usr/bin/install -c -m 644 ./Lib/idlelib/zzdummy.py /home/inrack/.local/cpython-3.14.7t/lib/python3.14t/idlelib
/usr/bin/install -c -m 644 ./Lib/idlelib/Icons/README.txt /home/inrack/.local/cpython-3.14.7t/lib/python3.14t/idlelib/Icons
/usr/bin/install -c -m 644 ./Lib/idlelib/Icons/folder.gif /home/inrack/.local/cpython-3.14.7t/lib/python3.14t/idlelib/Icons
/usr/bin/install -c -m 644 ./Lib/idlelib/Icons/idle.ico /home/inrack/.local/cpython-3.14.7t/lib/python3.14t/idlelib/Icons
/usr/bin/install -c -m 644 ./Lib/idlelib/Icons/idle_16.gif /home/inrack/.local/cpython-3.14.7t/lib/python3.14t/idlelib/Icons
/usr/bin/install -c -m 644 ./Lib/idlelib/Icons/idle_16.png /home/inrack/.local/cpython-3.14.7t/lib/python3.14t/idlelib/Icons
/usr/bin/install -c -m 644 ./Lib/idlelib/Icons/idle_256.png /home/inrack/.local/cpython-3.14.7t/lib/python3.14t/idlelib/Icons
/usr/bin/install -c -m 644 ./Lib/idlelib/Icons/idle_32.gif /home/inrack/.local/cpython-3.14.7t/lib/python3.14t/idlelib/Icons
/usr/bin/install -c -m 644 ./Lib/idlelib/Icons/idle_32.png /home/inrack/.local/cpython-3.14.7t/lib/python3.14t/idlelib/Icons
/usr/bin/install -c -m 644 ./Lib/idlelib/Icons/idle_48.gif /home/inrack/.local/cpython-3.14.7t/lib/python3.14t/idlelib/Icons
/usr/bin/install -c -m 644 ./Lib/idlelib/Icons/idle_48.png /home/inrack/.local/cpython-3.14.7t/lib/python3.14t/idlelib/Icons
/usr/bin/install -c -m 644 ./Lib/idlelib/Icons/minusnode.gif /home/inrack/.local/cpython-3.14.7t/lib/python3.14t/idlelib/Icons
/usr/bin/install -c -m 644 ./Lib/idlelib/Icons/openfolder.gif /home/inrack/.local/cpython-3.14.7t/lib/python3.14t/idlelib/Icons
/usr/bin/install -c -m 644 ./Lib/idlelib/Icons/plusnode.gif /home/inrack/.local/cpython-3.14.7t/lib/python3.14t/idlelib/Icons
/usr/bin/install -c -m 644 ./Lib/idlelib/Icons/python.gif /home/inrack/.local/cpython-3.14.7t/lib/python3.14t/idlelib/Icons
/usr/bin/install -c -m 644 ./Lib/idlelib/Icons/tk.gif /home/inrack/.local/cpython-3.14.7t/lib/python3.14t/idlelib/Icons
/usr/bin/install -c -m 644 ./Lib/importlib/__init__.py /home/inrack/.local/cpython-3.14.7t/lib/python3.14t/importlib
/usr/bin/install -c -m 644 ./Lib/importlib/_abc.py /home/inrack/.local/cpython-3.14.7t/lib/python3.14t/importlib
/usr/bin/install -c -m 644 ./Lib/importlib/_bootstrap.py /home/inrack/.local/cpython-3.14.7t/lib/python3.14t/importlib
/usr/bin/install -c -m 644 ./Lib/importlib/_bootstrap_external.py /home/inrack/.local/cpython-3.14.7t/lib/python3.14t/importlib
/usr/bin/install -c -m 644 ./Lib/importlib/abc.py /home/inrack/.local/cpython-3.14.7t/lib/python3.14t/importlib
/usr/bin/install -c -m 644 ./Lib/importlib/machinery.py /home/inrack/.local/cpython-3.14.7t/lib/python3.14t/importlib
/usr/bin/install -c -m 644 ./Lib/importlib/readers.py /home/inrack/.local/cpython-3.14.7t/lib/python3.14t/importlib
/usr/bin/install -c -m 644 ./Lib/importlib/simple.py /home/inrack/.local/cpython-3.14.7t/lib/python3.14t/importlib
/usr/bin/install -c -m 644 ./Lib/importlib/util.py /home/inrack/.local/cpython-3.14.7t/lib/python3.14t/importlib
/usr/bin/install -c -m 644 ./Lib/importlib/resources/__init__.py /home/inrack/.local/cpython-3.14.7t/lib/python3.14t/importlib/resources
/usr/bin/install -c -m 644 ./Lib/importlib/resources/_adapters.py /home/inrack/.local/cpython-3.14.7t/lib/python3.14t/importlib/resources
/usr/bin/install -c -m 644 ./Lib/importlib/resources/_common.py /home/inrack/.local/cpython-3.14.7t/lib/python3.14t/importlib/resources
/usr/bin/install -c -m 644 ./Lib/importlib/resources/_functional.py /home/inrack/.local/cpython-3.14.7t/lib/python3.14t/importlib/resources
/usr/bin/install -c -m 644 ./Lib/importlib/resources/_itertools.py /home/inrack/.local/cpython-3.14.7t/lib/python3.14t/importlib/resources
/usr/bin/install -c -m 644 ./Lib/importlib/resources/abc.py /home/inrack/.local/cpython-3.14.7t/lib/python3.14t/importlib/resources
/usr/bin/install -c -m 644 ./Lib/importlib/resources/readers.py /home/inrack/.local/cpython-3.14.7t/lib/python3.14t/importlib/resources
/usr/bin/install -c -m 644 ./Lib/importlib/resources/simple.py /home/inrack/.local/cpython-3.14.7t/lib/python3.14t/importlib/resources
/usr/bin/install -c -m 644 ./Lib/importlib/metadata/__init__.py /home/inrack/.local/cpython-3.14.7t/lib/python3.14t/importlib/metadata
/usr/bin/install -c -m 644 ./Lib/importlib/metadata/_adapters.py /home/inrack/.local/cpython-3.14.7t/lib/python3.14t/importlib/metadata
/usr/bin/install -c -m 644 ./Lib/importlib/metadata/_collections.py /home/inrack/.local/cpython-3.14.7t/lib/python3.14t/importlib/metadata
/usr/bin/install -c -m 644 ./Lib/importlib/metadata/_functools.py /home/inrack/.local/cpython-3.14.7t/lib/python3.14t/importlib/metadata
/usr/bin/install -c -m 644 ./Lib/importlib/metadata/_itertools.py /home/inrack/.local/cpython-3.14.7t/lib/python3.14t/importlib/metadata
/usr/bin/install -c -m 644 ./Lib/importlib/metadata/_meta.py /home/inrack/.local/cpython-3.14.7t/lib/python3.14t/importlib/metadata
/usr/bin/install -c -m 644 ./Lib/importlib/metadata/_text.py /home/inrack/.local/cpython-3.14.7t/lib/python3.14t/importlib/metadata
/usr/bin/install -c -m 644 ./Lib/importlib/metadata/diagnose.py /home/inrack/.local/cpython-3.14.7t/lib/python3.14t/importlib/metadata
/usr/bin/install -c -m 644 ./Lib/json/__init__.py /home/inrack/.local/cpython-3.14.7t/lib/python3.14t/json
/usr/bin/install -c -m 644 ./Lib/json/__main__.py /home/inrack/.local/cpython-3.14.7t/lib/python3.14t/json
/usr/bin/install -c -m 644 ./Lib/json/decoder.py /home/inrack/.local/cpython-3.14.7t/lib/python3.14t/json
/usr/bin/install -c -m 644 ./Lib/json/encoder.py /home/inrack/.local/cpython-3.14.7t/lib/python3.14t/json
/usr/bin/install -c -m 644 ./Lib/json/scanner.py /home/inrack/.local/cpython-3.14.7t/lib/python3.14t/json
/usr/bin/install -c -m 644 ./Lib/json/tool.py /home/inrack/.local/cpython-3.14.7t/lib/python3.14t/json
/usr/bin/install -c -m 644 ./Lib/logging/__init__.py /home/inrack/.local/cpython-3.14.7t/lib/python3.14t/logging
/usr/bin/install -c -m 644 ./Lib/logging/config.py /home/inrack/.local/cpython-3.14.7t/lib/python3.14t/logging
/usr/bin/install -c -m 644 ./Lib/logging/handlers.py /home/inrack/.local/cpython-3.14.7t/lib/python3.14t/logging
/usr/bin/install -c -m 644 ./Lib/multiprocessing/__init__.py /home/inrack/.local/cpython-3.14.7t/lib/python3.14t/multiprocessing
/usr/bin/install -c -m 644 ./Lib/multiprocessing/connection.py /home/inrack/.local/cpython-3.14.7t/lib/python3.14t/multiprocessing
/usr/bin/install -c -m 644 ./Lib/multiprocessing/context.py /home/inrack/.local/cpython-3.14.7t/lib/python3.14t/multiprocessing
/usr/bin/install -c -m 644 ./Lib/multiprocessing/forkserver.py /home/inrack/.local/cpython-3.14.7t/lib/python3.14t/multiprocessing
/usr/bin/install -c -m 644 ./Lib/multiprocessing/heap.py /home/inrack/.local/cpython-3.14.7t/lib/python3.14t/multiprocessing
/usr/bin/install -c -m 644 ./Lib/multiprocessing/managers.py /home/inrack/.local/cpython-3.14.7t/lib/python3.14t/multiprocessing
/usr/bin/install -c -m 644 ./Lib/multiprocessing/pool.py /home/inrack/.local/cpython-3.14.7t/lib/python3.14t/multiprocessing
/usr/bin/install -c -m 644 ./Lib/multiprocessing/popen_fork.py /home/inrack/.local/cpython-3.14.7t/lib/python3.14t/multiprocessing
/usr/bin/install -c -m 644 ./Lib/multiprocessing/popen_forkserver.py /home/inrack/.local/cpython-3.14.7t/lib/python3.14t/multiprocessing
/usr/bin/install -c -m 644 ./Lib/multiprocessing/popen_spawn_posix.py /home/inrack/.local/cpython-3.14.7t/lib/python3.14t/multiprocessing
/usr/bin/install -c -m 644 ./Lib/multiprocessing/popen_spawn_win32.py /home/inrack/.local/cpython-3.14.7t/lib/python3.14t/multiprocessing
/usr/bin/install -c -m 644 ./Lib/multiprocessing/process.py /home/inrack/.local/cpython-3.14.7t/lib/python3.14t/multiprocessing
/usr/bin/install -c -m 644 ./Lib/multiprocessing/queues.py /home/inrack/.local/cpython-3.14.7t/lib/python3.14t/multiprocessing
/usr/bin/install -c -m 644 ./Lib/multiprocessing/reduction.py /home/inrack/.local/cpython-3.14.7t/lib/python3.14t/multiprocessing
/usr/bin/install -c -m 644 ./Lib/multiprocessing/resource_sharer.py /home/inrack/.local/cpython-3.14.7t/lib/python3.14t/multiprocessing
/usr/bin/install -c -m 644 ./Lib/multiprocessing/resource_tracker.py /home/inrack/.local/cpython-3.14.7t/lib/python3.14t/multiprocessing
/usr/bin/install -c -m 644 ./Lib/multiprocessing/shared_memory.py /home/inrack/.local/cpython-3.14.7t/lib/python3.14t/multiprocessing
/usr/bin/install -c -m 644 ./Lib/multiprocessing/sharedctypes.py /home/inrack/.local/cpython-3.14.7t/lib/python3.14t/multiprocessing
/usr/bin/install -c -m 644 ./Lib/multiprocessing/spawn.py /home/inrack/.local/cpython-3.14.7t/lib/python3.14t/multiprocessing
/usr/bin/install -c -m 644 ./Lib/multiprocessing/synchronize.py /home/inrack/.local/cpython-3.14.7t/lib/python3.14t/multiprocessing
/usr/bin/install -c -m 644 ./Lib/multiprocessing/util.py /home/inrack/.local/cpython-3.14.7t/lib/python3.14t/multiprocessing
/usr/bin/install -c -m 644 ./Lib/multiprocessing/dummy/__init__.py /home/inrack/.local/cpython-3.14.7t/lib/python3.14t/multiprocessing/dummy
/usr/bin/install -c -m 644 ./Lib/multiprocessing/dummy/connection.py /home/inrack/.local/cpython-3.14.7t/lib/python3.14t/multiprocessing/dummy
/usr/bin/install -c -m 644 ./Lib/pathlib/__init__.py /home/inrack/.local/cpython-3.14.7t/lib/python3.14t/pathlib
/usr/bin/install -c -m 644 ./Lib/pathlib/_local.py /home/inrack/.local/cpython-3.14.7t/lib/python3.14t/pathlib
/usr/bin/install -c -m 644 ./Lib/pathlib/_os.py /home/inrack/.local/cpython-3.14.7t/lib/python3.14t/pathlib
/usr/bin/install -c -m 644 ./Lib/pathlib/types.py /home/inrack/.local/cpython-3.14.7t/lib/python3.14t/pathlib
/usr/bin/install -c -m 644 ./Lib/pydoc_data/__init__.py /home/inrack/.local/cpython-3.14.7t/lib/python3.14t/pydoc_data
/usr/bin/install -c -m 644 ./Lib/pydoc_data/_pydoc.css /home/inrack/.local/cpython-3.14.7t/lib/python3.14t/pydoc_data
/usr/bin/install -c -m 644 ./Lib/pydoc_data/module_docs.py /home/inrack/.local/cpython-3.14.7t/lib/python3.14t/pydoc_data
/usr/bin/install -c -m 644 ./Lib/pydoc_data/topics.py /home/inrack/.local/cpython-3.14.7t/lib/python3.14t/pydoc_data
/usr/bin/install -c -m 644 ./Lib/re/__init__.py /home/inrack/.local/cpython-3.14.7t/lib/python3.14t/re
/usr/bin/install -c -m 644 ./Lib/re/_casefix.py /home/inrack/.local/cpython-3.14.7t/lib/python3.14t/re
/usr/bin/install -c -m 644 ./Lib/re/_compiler.py /home/inrack/.local/cpython-3.14.7t/lib/python3.14t/re
/usr/bin/install -c -m 644 ./Lib/re/_constants.py /home/inrack/.local/cpython-3.14.7t/lib/python3.14t/re
/usr/bin/install -c -m 644 ./Lib/re/_parser.py /home/inrack/.local/cpython-3.14.7t/lib/python3.14t/re
/usr/bin/install -c -m 644 ./Lib/site-packages/README.txt /home/inrack/.local/cpython-3.14.7t/lib/python3.14t/site-packages
/usr/bin/install -c -m 644 ./Lib/sqlite3/__init__.py /home/inrack/.local/cpython-3.14.7t/lib/python3.14t/sqlite3
/usr/bin/install -c -m 644 ./Lib/sqlite3/__main__.py /home/inrack/.local/cpython-3.14.7t/lib/python3.14t/sqlite3
/usr/bin/install -c -m 644 ./Lib/sqlite3/dbapi2.py /home/inrack/.local/cpython-3.14.7t/lib/python3.14t/sqlite3
/usr/bin/install -c -m 644 ./Lib/sqlite3/dump.py /home/inrack/.local/cpython-3.14.7t/lib/python3.14t/sqlite3
/usr/bin/install -c -m 644 ./Lib/string/__init__.py /home/inrack/.local/cpython-3.14.7t/lib/python3.14t/string
/usr/bin/install -c -m 644 ./Lib/string/templatelib.py /home/inrack/.local/cpython-3.14.7t/lib/python3.14t/string
/usr/bin/install -c -m 644 ./Lib/sysconfig/__init__.py /home/inrack/.local/cpython-3.14.7t/lib/python3.14t/sysconfig
/usr/bin/install -c -m 644 ./Lib/sysconfig/__main__.py /home/inrack/.local/cpython-3.14.7t/lib/python3.14t/sysconfig
/usr/bin/install -c -m 644 ./Lib/tkinter/__init__.py /home/inrack/.local/cpython-3.14.7t/lib/python3.14t/tkinter
/usr/bin/install -c -m 644 ./Lib/tkinter/__main__.py /home/inrack/.local/cpython-3.14.7t/lib/python3.14t/tkinter
/usr/bin/install -c -m 644 ./Lib/tkinter/colorchooser.py /home/inrack/.local/cpython-3.14.7t/lib/python3.14t/tkinter
/usr/bin/install -c -m 644 ./Lib/tkinter/commondialog.py /home/inrack/.local/cpython-3.14.7t/lib/python3.14t/tkinter
/usr/bin/install -c -m 644 ./Lib/tkinter/constants.py /home/inrack/.local/cpython-3.14.7t/lib/python3.14t/tkinter
/usr/bin/install -c -m 644 ./Lib/tkinter/dialog.py /home/inrack/.local/cpython-3.14.7t/lib/python3.14t/tkinter
/usr/bin/install -c -m 644 ./Lib/tkinter/dnd.py /home/inrack/.local/cpython-3.14.7t/lib/python3.14t/tkinter
/usr/bin/install -c -m 644 ./Lib/tkinter/filedialog.py /home/inrack/.local/cpython-3.14.7t/lib/python3.14t/tkinter
/usr/bin/install -c -m 644 ./Lib/tkinter/font.py /home/inrack/.local/cpython-3.14.7t/lib/python3.14t/tkinter
/usr/bin/install -c -m 644 ./Lib/tkinter/messagebox.py /home/inrack/.local/cpython-3.14.7t/lib/python3.14t/tkinter
/usr/bin/install -c -m 644 ./Lib/tkinter/scrolledtext.py /home/inrack/.local/cpython-3.14.7t/lib/python3.14t/tkinter
/usr/bin/install -c -m 644 ./Lib/tkinter/simpledialog.py /home/inrack/.local/cpython-3.14.7t/lib/python3.14t/tkinter
/usr/bin/install -c -m 644 ./Lib/tkinter/ttk.py /home/inrack/.local/cpython-3.14.7t/lib/python3.14t/tkinter
/usr/bin/install -c -m 644 ./Lib/tomllib/__init__.py /home/inrack/.local/cpython-3.14.7t/lib/python3.14t/tomllib
/usr/bin/install -c -m 644 ./Lib/tomllib/_parser.py /home/inrack/.local/cpython-3.14.7t/lib/python3.14t/tomllib
/usr/bin/install -c -m 644 ./Lib/tomllib/_re.py /home/inrack/.local/cpython-3.14.7t/lib/python3.14t/tomllib
/usr/bin/install -c -m 644 ./Lib/tomllib/_types.py /home/inrack/.local/cpython-3.14.7t/lib/python3.14t/tomllib
/usr/bin/install -c -m 644 ./Lib/tomllib/mypy.ini /home/inrack/.local/cpython-3.14.7t/lib/python3.14t/tomllib
/usr/bin/install -c -m 644 ./Lib/turtledemo/__init__.py /home/inrack/.local/cpython-3.14.7t/lib/python3.14t/turtledemo
/usr/bin/install -c -m 644 ./Lib/turtledemo/__main__.py /home/inrack/.local/cpython-3.14.7t/lib/python3.14t/turtledemo
/usr/bin/install -c -m 644 ./Lib/turtledemo/bytedesign.py /home/inrack/.local/cpython-3.14.7t/lib/python3.14t/turtledemo
/usr/bin/install -c -m 644 ./Lib/turtledemo/chaos.py /home/inrack/.local/cpython-3.14.7t/lib/python3.14t/turtledemo
/usr/bin/install -c -m 644 ./Lib/turtledemo/clock.py /home/inrack/.local/cpython-3.14.7t/lib/python3.14t/turtledemo
/usr/bin/install -c -m 644 ./Lib/turtledemo/colormixer.py /home/inrack/.local/cpython-3.14.7t/lib/python3.14t/turtledemo
/usr/bin/install -c -m 644 ./Lib/turtledemo/forest.py /home/inrack/.local/cpython-3.14.7t/lib/python3.14t/turtledemo
/usr/bin/install -c -m 644 ./Lib/turtledemo/fractalcurves.py /home/inrack/.local/cpython-3.14.7t/lib/python3.14t/turtledemo
/usr/bin/install -c -m 644 ./Lib/turtledemo/lindenmayer.py /home/inrack/.local/cpython-3.14.7t/lib/python3.14t/turtledemo
/usr/bin/install -c -m 644 ./Lib/turtledemo/minimal_hanoi.py /home/inrack/.local/cpython-3.14.7t/lib/python3.14t/turtledemo
/usr/bin/install -c -m 644 ./Lib/turtledemo/nim.py /home/inrack/.local/cpython-3.14.7t/lib/python3.14t/turtledemo
/usr/bin/install -c -m 644 ./Lib/turtledemo/paint.py /home/inrack/.local/cpython-3.14.7t/lib/python3.14t/turtledemo
/usr/bin/install -c -m 644 ./Lib/turtledemo/peace.py /home/inrack/.local/cpython-3.14.7t/lib/python3.14t/turtledemo
/usr/bin/install -c -m 644 ./Lib/turtledemo/penrose.py /home/inrack/.local/cpython-3.14.7t/lib/python3.14t/turtledemo
/usr/bin/install -c -m 644 ./Lib/turtledemo/planet_and_moon.py /home/inrack/.local/cpython-3.14.7t/lib/python3.14t/turtledemo
/usr/bin/install -c -m 644 ./Lib/turtledemo/rosette.py /home/inrack/.local/cpython-3.14.7t/lib/python3.14t/turtledemo
/usr/bin/install -c -m 644 ./Lib/turtledemo/round_dance.py /home/inrack/.local/cpython-3.14.7t/lib/python3.14t/turtledemo
/usr/bin/install -c -m 644 ./Lib/turtledemo/sorting_animate.py /home/inrack/.local/cpython-3.14.7t/lib/python3.14t/turtledemo
/usr/bin/install -c -m 644 ./Lib/turtledemo/tree.py /home/inrack/.local/cpython-3.14.7t/lib/python3.14t/turtledemo
/usr/bin/install -c -m 644 ./Lib/turtledemo/turtle.cfg /home/inrack/.local/cpython-3.14.7t/lib/python3.14t/turtledemo
/usr/bin/install -c -m 644 ./Lib/turtledemo/two_canvases.py /home/inrack/.local/cpython-3.14.7t/lib/python3.14t/turtledemo
/usr/bin/install -c -m 644 ./Lib/turtledemo/yinyang.py /home/inrack/.local/cpython-3.14.7t/lib/python3.14t/turtledemo
/usr/bin/install -c -m 644 ./Lib/unittest/__init__.py /home/inrack/.local/cpython-3.14.7t/lib/python3.14t/unittest
/usr/bin/install -c -m 644 ./Lib/unittest/__main__.py /home/inrack/.local/cpython-3.14.7t/lib/python3.14t/unittest
/usr/bin/install -c -m 644 ./Lib/unittest/_log.py /home/inrack/.local/cpython-3.14.7t/lib/python3.14t/unittest
/usr/bin/install -c -m 644 ./Lib/unittest/async_case.py /home/inrack/.local/cpython-3.14.7t/lib/python3.14t/unittest
/usr/bin/install -c -m 644 ./Lib/unittest/case.py /home/inrack/.local/cpython-3.14.7t/lib/python3.14t/unittest
/usr/bin/install -c -m 644 ./Lib/unittest/loader.py /home/inrack/.local/cpython-3.14.7t/lib/python3.14t/unittest
/usr/bin/install -c -m 644 ./Lib/unittest/main.py /home/inrack/.local/cpython-3.14.7t/lib/python3.14t/unittest
/usr/bin/install -c -m 644 ./Lib/unittest/mock.py /home/inrack/.local/cpython-3.14.7t/lib/python3.14t/unittest
/usr/bin/install -c -m 644 ./Lib/unittest/result.py /home/inrack/.local/cpython-3.14.7t/lib/python3.14t/unittest
/usr/bin/install -c -m 644 ./Lib/unittest/runner.py /home/inrack/.local/cpython-3.14.7t/lib/python3.14t/unittest
/usr/bin/install -c -m 644 ./Lib/unittest/signals.py /home/inrack/.local/cpython-3.14.7t/lib/python3.14t/unittest
/usr/bin/install -c -m 644 ./Lib/unittest/suite.py /home/inrack/.local/cpython-3.14.7t/lib/python3.14t/unittest
/usr/bin/install -c -m 644 ./Lib/unittest/util.py /home/inrack/.local/cpython-3.14.7t/lib/python3.14t/unittest
/usr/bin/install -c -m 644 ./Lib/urllib/__init__.py /home/inrack/.local/cpython-3.14.7t/lib/python3.14t/urllib
/usr/bin/install -c -m 644 ./Lib/urllib/error.py /home/inrack/.local/cpython-3.14.7t/lib/python3.14t/urllib
/usr/bin/install -c -m 644 ./Lib/urllib/parse.py /home/inrack/.local/cpython-3.14.7t/lib/python3.14t/urllib
/usr/bin/install -c -m 644 ./Lib/urllib/request.py /home/inrack/.local/cpython-3.14.7t/lib/python3.14t/urllib
/usr/bin/install -c -m 644 ./Lib/urllib/response.py /home/inrack/.local/cpython-3.14.7t/lib/python3.14t/urllib
/usr/bin/install -c -m 644 ./Lib/urllib/robotparser.py /home/inrack/.local/cpython-3.14.7t/lib/python3.14t/urllib
/usr/bin/install -c -m 644 ./Lib/venv/__init__.py /home/inrack/.local/cpython-3.14.7t/lib/python3.14t/venv
/usr/bin/install -c -m 644 ./Lib/venv/__main__.py /home/inrack/.local/cpython-3.14.7t/lib/python3.14t/venv
/usr/bin/install -c -m 644 ./Lib/venv/scripts/common/Activate.ps1 /home/inrack/.local/cpython-3.14.7t/lib/python3.14t/venv/scripts/common
/usr/bin/install -c -m 644 ./Lib/venv/scripts/common/activate /home/inrack/.local/cpython-3.14.7t/lib/python3.14t/venv/scripts/common
/usr/bin/install -c -m 644 ./Lib/venv/scripts/common/activate.fish /home/inrack/.local/cpython-3.14.7t/lib/python3.14t/venv/scripts/common
/usr/bin/install -c -m 644 ./Lib/venv/scripts/posix/activate.csh /home/inrack/.local/cpython-3.14.7t/lib/python3.14t/venv/scripts/posix
/usr/bin/install -c -m 644 ./Lib/wsgiref/__init__.py /home/inrack/.local/cpython-3.14.7t/lib/python3.14t/wsgiref
/usr/bin/install -c -m 644 ./Lib/wsgiref/handlers.py /home/inrack/.local/cpython-3.14.7t/lib/python3.14t/wsgiref
/usr/bin/install -c -m 644 ./Lib/wsgiref/headers.py /home/inrack/.local/cpython-3.14.7t/lib/python3.14t/wsgiref
/usr/bin/install -c -m 644 ./Lib/wsgiref/simple_server.py /home/inrack/.local/cpython-3.14.7t/lib/python3.14t/wsgiref
/usr/bin/install -c -m 644 ./Lib/wsgiref/types.py /home/inrack/.local/cpython-3.14.7t/lib/python3.14t/wsgiref
/usr/bin/install -c -m 644 ./Lib/wsgiref/util.py /home/inrack/.local/cpython-3.14.7t/lib/python3.14t/wsgiref
/usr/bin/install -c -m 644 ./Lib/wsgiref/validate.py /home/inrack/.local/cpython-3.14.7t/lib/python3.14t/wsgiref
/usr/bin/install -c -m 644 ./Lib/xml/__init__.py /home/inrack/.local/cpython-3.14.7t/lib/python3.14t/xml
/usr/bin/install -c -m 644 ./Lib/xml/dom/NodeFilter.py /home/inrack/.local/cpython-3.14.7t/lib/python3.14t/xml/dom
/usr/bin/install -c -m 644 ./Lib/xml/dom/__init__.py /home/inrack/.local/cpython-3.14.7t/lib/python3.14t/xml/dom
/usr/bin/install -c -m 644 ./Lib/xml/dom/domreg.py /home/inrack/.local/cpython-3.14.7t/lib/python3.14t/xml/dom
/usr/bin/install -c -m 644 ./Lib/xml/dom/expatbuilder.py /home/inrack/.local/cpython-3.14.7t/lib/python3.14t/xml/dom
/usr/bin/install -c -m 644 ./Lib/xml/dom/minicompat.py /home/inrack/.local/cpython-3.14.7t/lib/python3.14t/xml/dom
/usr/bin/install -c -m 644 ./Lib/xml/dom/minidom.py /home/inrack/.local/cpython-3.14.7t/lib/python3.14t/xml/dom
/usr/bin/install -c -m 644 ./Lib/xml/dom/pulldom.py /home/inrack/.local/cpython-3.14.7t/lib/python3.14t/xml/dom
/usr/bin/install -c -m 644 ./Lib/xml/dom/xmlbuilder.py /home/inrack/.local/cpython-3.14.7t/lib/python3.14t/xml/dom
/usr/bin/install -c -m 644 ./Lib/xml/etree/ElementInclude.py /home/inrack/.local/cpython-3.14.7t/lib/python3.14t/xml/etree
/usr/bin/install -c -m 644 ./Lib/xml/etree/ElementPath.py /home/inrack/.local/cpython-3.14.7t/lib/python3.14t/xml/etree
/usr/bin/install -c -m 644 ./Lib/xml/etree/ElementTree.py /home/inrack/.local/cpython-3.14.7t/lib/python3.14t/xml/etree
/usr/bin/install -c -m 644 ./Lib/xml/etree/__init__.py /home/inrack/.local/cpython-3.14.7t/lib/python3.14t/xml/etree
/usr/bin/install -c -m 644 ./Lib/xml/etree/cElementTree.py /home/inrack/.local/cpython-3.14.7t/lib/python3.14t/xml/etree
/usr/bin/install -c -m 644 ./Lib/xml/parsers/__init__.py /home/inrack/.local/cpython-3.14.7t/lib/python3.14t/xml/parsers
/usr/bin/install -c -m 644 ./Lib/xml/parsers/expat.py /home/inrack/.local/cpython-3.14.7t/lib/python3.14t/xml/parsers
/usr/bin/install -c -m 644 ./Lib/xml/sax/__init__.py /home/inrack/.local/cpython-3.14.7t/lib/python3.14t/xml/sax
/usr/bin/install -c -m 644 ./Lib/xml/sax/_exceptions.py /home/inrack/.local/cpython-3.14.7t/lib/python3.14t/xml/sax
/usr/bin/install -c -m 644 ./Lib/xml/sax/expatreader.py /home/inrack/.local/cpython-3.14.7t/lib/python3.14t/xml/sax
/usr/bin/install -c -m 644 ./Lib/xml/sax/handler.py /home/inrack/.local/cpython-3.14.7t/lib/python3.14t/xml/sax
/usr/bin/install -c -m 644 ./Lib/xml/sax/saxutils.py /home/inrack/.local/cpython-3.14.7t/lib/python3.14t/xml/sax
/usr/bin/install -c -m 644 ./Lib/xml/sax/xmlreader.py /home/inrack/.local/cpython-3.14.7t/lib/python3.14t/xml/sax
/usr/bin/install -c -m 644 ./Lib/xmlrpc/__init__.py /home/inrack/.local/cpython-3.14.7t/lib/python3.14t/xmlrpc
/usr/bin/install -c -m 644 ./Lib/xmlrpc/client.py /home/inrack/.local/cpython-3.14.7t/lib/python3.14t/xmlrpc
/usr/bin/install -c -m 644 ./Lib/xmlrpc/server.py /home/inrack/.local/cpython-3.14.7t/lib/python3.14t/xmlrpc
/usr/bin/install -c -m 644 ./Lib/zipfile/__init__.py /home/inrack/.local/cpython-3.14.7t/lib/python3.14t/zipfile
/usr/bin/install -c -m 644 ./Lib/zipfile/__main__.py /home/inrack/.local/cpython-3.14.7t/lib/python3.14t/zipfile
/usr/bin/install -c -m 644 ./Lib/zipfile/_path/__init__.py /home/inrack/.local/cpython-3.14.7t/lib/python3.14t/zipfile/_path
/usr/bin/install -c -m 644 ./Lib/zipfile/_path/glob.py /home/inrack/.local/cpython-3.14.7t/lib/python3.14t/zipfile/_path
/usr/bin/install -c -m 644 ./Lib/zoneinfo/__init__.py /home/inrack/.local/cpython-3.14.7t/lib/python3.14t/zoneinfo
/usr/bin/install -c -m 644 ./Lib/zoneinfo/_common.py /home/inrack/.local/cpython-3.14.7t/lib/python3.14t/zoneinfo
/usr/bin/install -c -m 644 ./Lib/zoneinfo/_tzpath.py /home/inrack/.local/cpython-3.14.7t/lib/python3.14t/zoneinfo
/usr/bin/install -c -m 644 ./Lib/zoneinfo/_zoneinfo.py /home/inrack/.local/cpython-3.14.7t/lib/python3.14t/zoneinfo
/usr/bin/install -c -m 644 ./Lib/_pyrepl/__init__.py /home/inrack/.local/cpython-3.14.7t/lib/python3.14t/_pyrepl
/usr/bin/install -c -m 644 ./Lib/_pyrepl/__main__.py /home/inrack/.local/cpython-3.14.7t/lib/python3.14t/_pyrepl
/usr/bin/install -c -m 644 ./Lib/_pyrepl/_module_completer.py /home/inrack/.local/cpython-3.14.7t/lib/python3.14t/_pyrepl
/usr/bin/install -c -m 644 ./Lib/_pyrepl/_threading_handler.py /home/inrack/.local/cpython-3.14.7t/lib/python3.14t/_pyrepl
/usr/bin/install -c -m 644 ./Lib/_pyrepl/base_eventqueue.py /home/inrack/.local/cpython-3.14.7t/lib/python3.14t/_pyrepl
/usr/bin/install -c -m 644 ./Lib/_pyrepl/commands.py /home/inrack/.local/cpython-3.14.7t/lib/python3.14t/_pyrepl
/usr/bin/install -c -m 644 ./Lib/_pyrepl/completing_reader.py /home/inrack/.local/cpython-3.14.7t/lib/python3.14t/_pyrepl
/usr/bin/install -c -m 644 ./Lib/_pyrepl/console.py /home/inrack/.local/cpython-3.14.7t/lib/python3.14t/_pyrepl
/usr/bin/install -c -m 644 ./Lib/_pyrepl/fancy_termios.py /home/inrack/.local/cpython-3.14.7t/lib/python3.14t/_pyrepl
/usr/bin/install -c -m 644 ./Lib/_pyrepl/historical_reader.py /home/inrack/.local/cpython-3.14.7t/lib/python3.14t/_pyrepl
/usr/bin/install -c -m 644 ./Lib/_pyrepl/input.py /home/inrack/.local/cpython-3.14.7t/lib/python3.14t/_pyrepl
/usr/bin/install -c -m 644 ./Lib/_pyrepl/keymap.py /home/inrack/.local/cpython-3.14.7t/lib/python3.14t/_pyrepl
/usr/bin/install -c -m 644 ./Lib/_pyrepl/main.py /home/inrack/.local/cpython-3.14.7t/lib/python3.14t/_pyrepl
/usr/bin/install -c -m 644 ./Lib/_pyrepl/mypy.ini /home/inrack/.local/cpython-3.14.7t/lib/python3.14t/_pyrepl
/usr/bin/install -c -m 644 ./Lib/_pyrepl/pager.py /home/inrack/.local/cpython-3.14.7t/lib/python3.14t/_pyrepl
/usr/bin/install -c -m 644 ./Lib/_pyrepl/reader.py /home/inrack/.local/cpython-3.14.7t/lib/python3.14t/_pyrepl
/usr/bin/install -c -m 644 ./Lib/_pyrepl/readline.py /home/inrack/.local/cpython-3.14.7t/lib/python3.14t/_pyrepl
/usr/bin/install -c -m 644 ./Lib/_pyrepl/simple_interact.py /home/inrack/.local/cpython-3.14.7t/lib/python3.14t/_pyrepl
/usr/bin/install -c -m 644 ./Lib/_pyrepl/terminfo.py /home/inrack/.local/cpython-3.14.7t/lib/python3.14t/_pyrepl
/usr/bin/install -c -m 644 ./Lib/_pyrepl/trace.py /home/inrack/.local/cpython-3.14.7t/lib/python3.14t/_pyrepl
/usr/bin/install -c -m 644 ./Lib/_pyrepl/types.py /home/inrack/.local/cpython-3.14.7t/lib/python3.14t/_pyrepl
/usr/bin/install -c -m 644 ./Lib/_pyrepl/unix_console.py /home/inrack/.local/cpython-3.14.7t/lib/python3.14t/_pyrepl
/usr/bin/install -c -m 644 ./Lib/_pyrepl/unix_eventqueue.py /home/inrack/.local/cpython-3.14.7t/lib/python3.14t/_pyrepl
/usr/bin/install -c -m 644 ./Lib/_pyrepl/utils.py /home/inrack/.local/cpython-3.14.7t/lib/python3.14t/_pyrepl
/usr/bin/install -c -m 644 ./Lib/_pyrepl/windows_console.py /home/inrack/.local/cpython-3.14.7t/lib/python3.14t/_pyrepl
/usr/bin/install -c -m 644 ./Lib/_pyrepl/windows_eventqueue.py /home/inrack/.local/cpython-3.14.7t/lib/python3.14t/_pyrepl
/usr/bin/install -c -m 644 ./Lib/__phello__/__init__.py /home/inrack/.local/cpython-3.14.7t/lib/python3.14t/__phello__
/usr/bin/install -c -m 644 ./Lib/__phello__/spam.py /home/inrack/.local/cpython-3.14.7t/lib/python3.14t/__phello__
/usr/bin/install -c -m 644 ./Lib/idlelib/idle_test/README.txt /home/inrack/.local/cpython-3.14.7t/lib/python3.14t/idlelib/idle_test
/usr/bin/install -c -m 644 ./Lib/idlelib/idle_test/__init__.py /home/inrack/.local/cpython-3.14.7t/lib/python3.14t/idlelib/idle_test
/usr/bin/install -c -m 644 ./Lib/idlelib/idle_test/example_noext /home/inrack/.local/cpython-3.14.7t/lib/python3.14t/idlelib/idle_test
/usr/bin/install -c -m 644 ./Lib/idlelib/idle_test/example_stub.pyi /home/inrack/.local/cpython-3.14.7t/lib/python3.14t/idlelib/idle_test
/usr/bin/install -c -m 644 ./Lib/idlelib/idle_test/htest.py /home/inrack/.local/cpython-3.14.7t/lib/python3.14t/idlelib/idle_test
/usr/bin/install -c -m 644 ./Lib/idlelib/idle_test/mock_idle.py /home/inrack/.local/cpython-3.14.7t/lib/python3.14t/idlelib/idle_test
/usr/bin/install -c -m 644 ./Lib/idlelib/idle_test/mock_tk.py /home/inrack/.local/cpython-3.14.7t/lib/python3.14t/idlelib/idle_test
/usr/bin/install -c -m 644 ./Lib/idlelib/idle_test/template.py /home/inrack/.local/cpython-3.14.7t/lib/python3.14t/idlelib/idle_test
/usr/bin/install -c -m 644 ./Lib/idlelib/idle_test/test_autocomplete.py /home/inrack/.local/cpython-3.14.7t/lib/python3.14t/idlelib/idle_test
/usr/bin/install -c -m 644 ./Lib/idlelib/idle_test/test_autocomplete_w.py /home/inrack/.local/cpython-3.14.7t/lib/python3.14t/idlelib/idle_test
/usr/bin/install -c -m 644 ./Lib/idlelib/idle_test/test_autoexpand.py /home/inrack/.local/cpython-3.14.7t/lib/python3.14t/idlelib/idle_test
/usr/bin/install -c -m 644 ./Lib/idlelib/idle_test/test_browser.py /home/inrack/.local/cpython-3.14.7t/lib/python3.14t/idlelib/idle_test
/usr/bin/install -c -m 644 ./Lib/idlelib/idle_test/test_calltip.py /home/inrack/.local/cpython-3.14.7t/lib/python3.14t/idlelib/idle_test
/usr/bin/install -c -m 644 ./Lib/idlelib/idle_test/test_calltip_w.py /home/inrack/.local/cpython-3.14.7t/lib/python3.14t/idlelib/idle_test
/usr/bin/install -c -m 644 ./Lib/idlelib/idle_test/test_codecontext.py /home/inrack/.local/cpython-3.14.7t/lib/python3.14t/idlelib/idle_test
/usr/bin/install -c -m 644 ./Lib/idlelib/idle_test/test_colorizer.py /home/inrack/.local/cpython-3.14.7t/lib/python3.14t/idlelib/idle_test
/usr/bin/install -c -m 644 ./Lib/idlelib/idle_test/test_config.py /home/inrack/.local/cpython-3.14.7t/lib/python3.14t/idlelib/idle_test
/usr/bin/install -c -m 644 ./Lib/idlelib/idle_test/test_config_key.py /home/inrack/.local/cpython-3.14.7t/lib/python3.14t/idlelib/idle_test
/usr/bin/install -c -m 644 ./Lib/idlelib/idle_test/test_configdialog.py /home/inrack/.local/cpython-3.14.7t/lib/python3.14t/idlelib/idle_test
/usr/bin/install -c -m 644 ./Lib/idlelib/idle_test/test_debugger.py /home/inrack/.local/cpython-3.14.7t/lib/python3.14t/idlelib/idle_test
/usr/bin/install -c -m 644 ./Lib/idlelib/idle_test/test_debugger_r.py /home/inrack/.local/cpython-3.14.7t/lib/python3.14t/idlelib/idle_test
/usr/bin/install -c -m 644 ./Lib/idlelib/idle_test/test_debugobj.py /home/inrack/.local/cpython-3.14.7t/lib/python3.14t/idlelib/idle_test
/usr/bin/install -c -m 644 ./Lib/idlelib/idle_test/test_debugobj_r.py /home/inrack/.local/cpython-3.14.7t/lib/python3.14t/idlelib/idle_test
/usr/bin/install -c -m 644 ./Lib/idlelib/idle_test/test_delegator.py /home/inrack/.local/cpython-3.14.7t/lib/python3.14t/idlelib/idle_test
/usr/bin/install -c -m 644 ./Lib/idlelib/idle_test/test_editmenu.py /home/inrack/.local/cpython-3.14.7t/lib/python3.14t/idlelib/idle_test
/usr/bin/install -c -m 644 ./Lib/idlelib/idle_test/test_editor.py /home/inrack/.local/cpython-3.14.7t/lib/python3.14t/idlelib/idle_test
/usr/bin/install -c -m 644 ./Lib/idlelib/idle_test/test_filelist.py /home/inrack/.local/cpython-3.14.7t/lib/python3.14t/idlelib/idle_test
/usr/bin/install -c -m 644 ./Lib/idlelib/idle_test/test_format.py /home/inrack/.local/cpython-3.14.7t/lib/python3.14t/idlelib/idle_test
/usr/bin/install -c -m 644 ./Lib/idlelib/idle_test/test_grep.py /home/inrack/.local/cpython-3.14.7t/lib/python3.14t/idlelib/idle_test
/usr/bin/install -c -m 644 ./Lib/idlelib/idle_test/test_help.py /home/inrack/.local/cpython-3.14.7t/lib/python3.14t/idlelib/idle_test
/usr/bin/install -c -m 644 ./Lib/idlelib/idle_test/test_help_about.py /home/inrack/.local/cpython-3.14.7t/lib/python3.14t/idlelib/idle_test
/usr/bin/install -c -m 644 ./Lib/idlelib/idle_test/test_history.py /home/inrack/.local/cpython-3.14.7t/lib/python3.14t/idlelib/idle_test
/usr/bin/install -c -m 644 ./Lib/idlelib/idle_test/test_hyperparser.py /home/inrack/.local/cpython-3.14.7t/lib/python3.14t/idlelib/idle_test
/usr/bin/install -c -m 644 ./Lib/idlelib/idle_test/test_iomenu.py /home/inrack/.local/cpython-3.14.7t/lib/python3.14t/idlelib/idle_test
/usr/bin/install -c -m 644 ./Lib/idlelib/idle_test/test_macosx.py /home/inrack/.local/cpython-3.14.7t/lib/python3.14t/idlelib/idle_test
/usr/bin/install -c -m 644 ./Lib/idlelib/idle_test/test_mainmenu.py /home/inrack/.local/cpython-3.14.7t/lib/python3.14t/idlelib/idle_test
/usr/bin/install -c -m 644 ./Lib/idlelib/idle_test/test_multicall.py /home/inrack/.local/cpython-3.14.7t/lib/python3.14t/idlelib/idle_test
/usr/bin/install -c -m 644 ./Lib/idlelib/idle_test/test_outwin.py /home/inrack/.local/cpython-3.14.7t/lib/python3.14t/idlelib/idle_test
/usr/bin/install -c -m 644 ./Lib/idlelib/idle_test/test_parenmatch.py /home/inrack/.local/cpython-3.14.7t/lib/python3.14t/idlelib/idle_test
/usr/bin/install -c -m 644 ./Lib/idlelib/idle_test/test_pathbrowser.py /home/inrack/.local/cpython-3.14.7t/lib/python3.14t/idlelib/idle_test
/usr/bin/install -c -m 644 ./Lib/idlelib/idle_test/test_percolator.py /home/inrack/.local/cpython-3.14.7t/lib/python3.14t/idlelib/idle_test
/usr/bin/install -c -m 644 ./Lib/idlelib/idle_test/test_pyparse.py /home/inrack/.local/cpython-3.14.7t/lib/python3.14t/idlelib/idle_test
/usr/bin/install -c -m 644 ./Lib/idlelib/idle_test/test_pyshell.py /home/inrack/.local/cpython-3.14.7t/lib/python3.14t/idlelib/idle_test
/usr/bin/install -c -m 644 ./Lib/idlelib/idle_test/test_query.py /home/inrack/.local/cpython-3.14.7t/lib/python3.14t/idlelib/idle_test
/usr/bin/install -c -m 644 ./Lib/idlelib/idle_test/test_redirector.py /home/inrack/.local/cpython-3.14.7t/lib/python3.14t/idlelib/idle_test
/usr/bin/install -c -m 644 ./Lib/idlelib/idle_test/test_replace.py /home/inrack/.local/cpython-3.14.7t/lib/python3.14t/idlelib/idle_test
/usr/bin/install -c -m 644 ./Lib/idlelib/idle_test/test_rpc.py /home/inrack/.local/cpython-3.14.7t/lib/python3.14t/idlelib/idle_test
/usr/bin/install -c -m 644 ./Lib/idlelib/idle_test/test_run.py /home/inrack/.local/cpython-3.14.7t/lib/python3.14t/idlelib/idle_test
/usr/bin/install -c -m 644 ./Lib/idlelib/idle_test/test_runscript.py /home/inrack/.local/cpython-3.14.7t/lib/python3.14t/idlelib/idle_test
/usr/bin/install -c -m 644 ./Lib/idlelib/idle_test/test_scrolledlist.py /home/inrack/.local/cpython-3.14.7t/lib/python3.14t/idlelib/idle_test
/usr/bin/install -c -m 644 ./Lib/idlelib/idle_test/test_search.py /home/inrack/.local/cpython-3.14.7t/lib/python3.14t/idlelib/idle_test
/usr/bin/install -c -m 644 ./Lib/idlelib/idle_test/test_searchbase.py /home/inrack/.local/cpython-3.14.7t/lib/python3.14t/idlelib/idle_test
/usr/bin/install -c -m 644 ./Lib/idlelib/idle_test/test_searchengine.py /home/inrack/.local/cpython-3.14.7t/lib/python3.14t/idlelib/idle_test
/usr/bin/install -c -m 644 ./Lib/idlelib/idle_test/test_sidebar.py /home/inrack/.local/cpython-3.14.7t/lib/python3.14t/idlelib/idle_test
/usr/bin/install -c -m 644 ./Lib/idlelib/idle_test/test_squeezer.py /home/inrack/.local/cpython-3.14.7t/lib/python3.14t/idlelib/idle_test
/usr/bin/install -c -m 644 ./Lib/idlelib/idle_test/test_stackviewer.py /home/inrack/.local/cpython-3.14.7t/lib/python3.14t/idlelib/idle_test
/usr/bin/install -c -m 644 ./Lib/idlelib/idle_test/test_statusbar.py /home/inrack/.local/cpython-3.14.7t/lib/python3.14t/idlelib/idle_test
/usr/bin/install -c -m 644 ./Lib/idlelib/idle_test/test_text.py /home/inrack/.local/cpython-3.14.7t/lib/python3.14t/idlelib/idle_test
/usr/bin/install -c -m 644 ./Lib/idlelib/idle_test/test_textview.py /home/inrack/.local/cpython-3.14.7t/lib/python3.14t/idlelib/idle_test
/usr/bin/install -c -m 644 ./Lib/idlelib/idle_test/test_tooltip.py /home/inrack/.local/cpython-3.14.7t/lib/python3.14t/idlelib/idle_test
/usr/bin/install -c -m 644 ./Lib/idlelib/idle_test/test_tree.py /home/inrack/.local/cpython-3.14.7t/lib/python3.14t/idlelib/idle_test
/usr/bin/install -c -m 644 ./Lib/idlelib/idle_test/test_undo.py /home/inrack/.local/cpython-3.14.7t/lib/python3.14t/idlelib/idle_test
/usr/bin/install -c -m 644 ./Lib/idlelib/idle_test/test_util.py /home/inrack/.local/cpython-3.14.7t/lib/python3.14t/idlelib/idle_test
/usr/bin/install -c -m 644 ./Lib/idlelib/idle_test/test_warning.py /home/inrack/.local/cpython-3.14.7t/lib/python3.14t/idlelib/idle_test
/usr/bin/install -c -m 644 ./Lib/idlelib/idle_test/test_window.py /home/inrack/.local/cpython-3.14.7t/lib/python3.14t/idlelib/idle_test
/usr/bin/install -c -m 644 ./Lib/idlelib/idle_test/test_zoomheight.py /home/inrack/.local/cpython-3.14.7t/lib/python3.14t/idlelib/idle_test
/usr/bin/install -c -m 644 ./Lib/idlelib/idle_test/test_zzdummy.py /home/inrack/.local/cpython-3.14.7t/lib/python3.14t/idlelib/idle_test
/usr/bin/install -c -m 644 ./Lib/idlelib/idle_test/test_zzdummy_user.py /home/inrack/.local/cpython-3.14.7t/lib/python3.14t/idlelib/idle_test
/usr/bin/install -c -m 644 ./Lib/idlelib/idle_test/tkinter_testing_utils.py /home/inrack/.local/cpython-3.14.7t/lib/python3.14t/idlelib/idle_test
/usr/bin/install -c -m 644 ./Lib/test/NormalizationTest-3.2.0.txt /home/inrack/.local/cpython-3.14.7t/lib/python3.14t/test
/usr/bin/install -c -m 644 ./Lib/test/__init__.py /home/inrack/.local/cpython-3.14.7t/lib/python3.14t/test
/usr/bin/install -c -m 644 ./Lib/test/__main__.py /home/inrack/.local/cpython-3.14.7t/lib/python3.14t/test
/usr/bin/install -c -m 644 ./Lib/test/_code_definitions.py /home/inrack/.local/cpython-3.14.7t/lib/python3.14t/test
/usr/bin/install -c -m 644 ./Lib/test/_crossinterp_definitions.py /home/inrack/.local/cpython-3.14.7t/lib/python3.14t/test
/usr/bin/install -c -m 644 ./Lib/test/_isolated_sample.py /home/inrack/.local/cpython-3.14.7t/lib/python3.14t/test
/usr/bin/install -c -m 644 ./Lib/test/_test_atexit.py /home/inrack/.local/cpython-3.14.7t/lib/python3.14t/test
/usr/bin/install -c -m 644 ./Lib/test/_test_eintr.py /home/inrack/.local/cpython-3.14.7t/lib/python3.14t/test
/usr/bin/install -c -m 644 ./Lib/test/_test_embed_structseq.py /home/inrack/.local/cpython-3.14.7t/lib/python3.14t/test
/usr/bin/install -c -m 644 ./Lib/test/_test_monitoring_shutdown.py /home/inrack/.local/cpython-3.14.7t/lib/python3.14t/test
/usr/bin/install -c -m 644 ./Lib/test/_test_multiprocessing.py /home/inrack/.local/cpython-3.14.7t/lib/python3.14t/test
/usr/bin/install -c -m 644 ./Lib/test/_test_venv_multiprocessing.py /home/inrack/.local/cpython-3.14.7t/lib/python3.14t/test
/usr/bin/install -c -m 644 ./Lib/test/archiver_tests.py /home/inrack/.local/cpython-3.14.7t/lib/python3.14t/test
/usr/bin/install -c -m 644 ./Lib/test/audiotests.py /home/inrack/.local/cpython-3.14.7t/lib/python3.14t/test
/usr/bin/install -c -m 644 ./Lib/test/audit-tests.py /home/inrack/.local/cpython-3.14.7t/lib/python3.14t/test
/usr/bin/install -c -m 644 ./Lib/test/autotest.py /home/inrack/.local/cpython-3.14.7t/lib/python3.14t/test
/usr/bin/install -c ./Lib/test/bisect_cmd.py /home/inrack/.local/cpython-3.14.7t/lib/python3.14t/test
/usr/bin/install -c -m 644 ./Lib/test/clinic.test.c /home/inrack/.local/cpython-3.14.7t/lib/python3.14t/test
/usr/bin/install -c -m 644 ./Lib/test/cov.py /home/inrack/.local/cpython-3.14.7t/lib/python3.14t/test
/usr/bin/install -c ./Lib/test/curses_tests.py /home/inrack/.local/cpython-3.14.7t/lib/python3.14t/test
/usr/bin/install -c -m 644 ./Lib/test/datetimetester.py /home/inrack/.local/cpython-3.14.7t/lib/python3.14t/test
/usr/bin/install -c -m 644 ./Lib/test/dis_module.py /home/inrack/.local/cpython-3.14.7t/lib/python3.14t/test
/usr/bin/install -c -m 644 ./Lib/test/empty.vbs /home/inrack/.local/cpython-3.14.7t/lib/python3.14t/test
/usr/bin/install -c -m 644 ./Lib/test/exception_hierarchy.txt /home/inrack/.local/cpython-3.14.7t/lib/python3.14t/test
/usr/bin/install -c -m 644 ./Lib/test/fork_wait.py /home/inrack/.local/cpython-3.14.7t/lib/python3.14t/test
/usr/bin/install -c -m 644 ./Lib/test/levenshtein_examples.json /home/inrack/.local/cpython-3.14.7t/lib/python3.14t/test
/usr/bin/install -c -m 644 ./Lib/test/list_tests.py /home/inrack/.local/cpython-3.14.7t/lib/python3.14t/test
/usr/bin/install -c -m 644 ./Lib/test/lock_tests.py /home/inrack/.local/cpython-3.14.7t/lib/python3.14t/test
/usr/bin/install -c -m 644 ./Lib/test/mapping_tests.py /home/inrack/.local/cpython-3.14.7t/lib/python3.14t/test
/usr/bin/install -c -m 644 ./Lib/test/memory_watchdog.py /home/inrack/.local/cpython-3.14.7t/lib/python3.14t/test
/usr/bin/install -c -m 644 ./Lib/test/mime.types /home/inrack/.local/cpython-3.14.7t/lib/python3.14t/test
/usr/bin/install -c -m 644 ./Lib/test/mime.types2 /home/inrack/.local/cpython-3.14.7t/lib/python3.14t/test
/usr/bin/install -c -m 644 ./Lib/test/mock_socket.py /home/inrack/.local/cpython-3.14.7t/lib/python3.14t/test
/usr/bin/install -c -m 644 ./Lib/test/mp_fork_bomb.py /home/inrack/.local/cpython-3.14.7t/lib/python3.14t/test
/usr/bin/install -c -m 644 ./Lib/test/mp_preload.py /home/inrack/.local/cpython-3.14.7t/lib/python3.14t/test
/usr/bin/install -c -m 644 ./Lib/test/mp_preload_flush.py /home/inrack/.local/cpython-3.14.7t/lib/python3.14t/test
/usr/bin/install -c -m 644 ./Lib/test/mp_preload_large_sysargv.py /home/inrack/.local/cpython-3.14.7t/lib/python3.14t/test
/usr/bin/install -c -m 644 ./Lib/test/mp_preload_main.py /home/inrack/.local/cpython-3.14.7t/lib/python3.14t/test
/usr/bin/install -c -m 644 ./Lib/test/mp_preload_sysargv.py /home/inrack/.local/cpython-3.14.7t/lib/python3.14t/test
/usr/bin/install -c -m 644 ./Lib/test/multibytecodec_support.py /home/inrack/.local/cpython-3.14.7t/lib/python3.14t/test
/usr/bin/install -c -m 644 ./Lib/test/picklecommon.py /home/inrack/.local/cpython-3.14.7t/lib/python3.14t/test
/usr/bin/install -c -m 644 ./Lib/test/pickletester.py /home/inrack/.local/cpython-3.14.7t/lib/python3.14t/test
/usr/bin/install -c -m 644 ./Lib/test/profilee.py /home/inrack/.local/cpython-3.14.7t/lib/python3.14t/test
/usr/bin/install -c -m 644 ./Lib/test/pstats.pck /home/inrack/.local/cpython-3.14.7t/lib/python3.14t/test
/usr/bin/install -c -m 644 ./Lib/test/pyclbr_input.py /home/inrack/.local/cpython-3.14.7t/lib/python3.14t/test
/usr/bin/install -c -m 644 ./Lib/test/pythoninfo.py /home/inrack/.local/cpython-3.14.7t/lib/python3.14t/test
/usr/bin/install -c -m 644 ./Lib/test/randv2_32.pck /home/inrack/.local/cpython-3.14.7t/lib/python3.14t/test
/usr/bin/install -c -m 644 ./Lib/test/randv2_64.pck /home/inrack/.local/cpython-3.14.7t/lib/python3.14t/test
/usr/bin/install -c -m 644 ./Lib/test/randv3.pck /home/inrack/.local/cpython-3.14.7t/lib/python3.14t/test
/usr/bin/install -c ./Lib/test/re_tests.py /home/inrack/.local/cpython-3.14.7t/lib/python3.14t/test
/usr/bin/install -c ./Lib/test/regrtest.py /home/inrack/.local/cpython-3.14.7t/lib/python3.14t/test
/usr/bin/install -c -m 644 ./Lib/test/relimport.py /home/inrack/.local/cpython-3.14.7t/lib/python3.14t/test
/usr/bin/install -c -m 644 ./Lib/test/seq_tests.py /home/inrack/.local/cpython-3.14.7t/lib/python3.14t/test
/usr/bin/install -c -m 644 ./Lib/test/signalinterproctester.py /home/inrack/.local/cpython-3.14.7t/lib/python3.14t/test
/usr/bin/install -c -m 644 ./Lib/test/ssl_servers.py /home/inrack/.local/cpython-3.14.7t/lib/python3.14t/test
/usr/bin/install -c -m 644 ./Lib/test/ssltests.py /home/inrack/.local/cpython-3.14.7t/lib/python3.14t/test
/usr/bin/install -c -m 644 ./Lib/test/string_tests.py /home/inrack/.local/cpython-3.14.7t/lib/python3.14t/test
/usr/bin/install -c -m 644 ./Lib/test/test___all__.py /home/inrack/.local/cpython-3.14.7t/lib/python3.14t/test
/usr/bin/install -c -m 644 ./Lib/test/test__colorize.py /home/inrack/.local/cpython-3.14.7t/lib/python3.14t/test
/usr/bin/install -c -m 644 ./Lib/test/test__interpchannels.py /home/inrack/.local/cpython-3.14.7t/lib/python3.14t/test
/usr/bin/install -c -m 644 ./Lib/test/test__interpreters.py /home/inrack/.local/cpython-3.14.7t/lib/python3.14t/test
/usr/bin/install -c -m 644 ./Lib/test/test__locale.py /home/inrack/.local/cpython-3.14.7t/lib/python3.14t/test
/usr/bin/install -c -m 644 ./Lib/test/test__opcode.py /home/inrack/.local/cpython-3.14.7t/lib/python3.14t/test
/usr/bin/install -c -m 644 ./Lib/test/test__osx_support.py /home/inrack/.local/cpython-3.14.7t/lib/python3.14t/test
/usr/bin/install -c -m 644 ./Lib/test/test_abc.py /home/inrack/.local/cpython-3.14.7t/lib/python3.14t/test
/usr/bin/install -c -m 644 ./Lib/test/test_abstract_numbers.py /home/inrack/.local/cpython-3.14.7t/lib/python3.14t/test
/usr/bin/install -c -m 644 ./Lib/test/test_android.py /home/inrack/.local/cpython-3.14.7t/lib/python3.14t/test
/usr/bin/install -c -m 644 ./Lib/test/test_annotationlib.py /home/inrack/.local/cpython-3.14.7t/lib/python3.14t/test
/usr/bin/install -c -m 644 ./Lib/test/test_apple.py /home/inrack/.local/cpython-3.14.7t/lib/python3.14t/test
/usr/bin/install -c -m 644 ./Lib/test/test_argparse.py /home/inrack/.local/cpython-3.14.7t/lib/python3.14t/test
/usr/bin/install -c ./Lib/test/test_array.py /home/inrack/.local/cpython-3.14.7t/lib/python3.14t/test
/usr/bin/install -c -m 644 ./Lib/test/test_asdl_parser.py /home/inrack/.local/cpython-3.14.7t/lib/python3.14t/test
/usr/bin/install -c -m 644 ./Lib/test/test_asyncgen.py /home/inrack/.local/cpython-3.14.7t/lib/python3.14t/test
/usr/bin/install -c -m 644 ./Lib/test/test_atexit.py /home/inrack/.local/cpython-3.14.7t/lib/python3.14t/test
/usr/bin/install -c -m 644 ./Lib/test/test_audit.py /home/inrack/.local/cpython-3.14.7t/lib/python3.14t/test
/usr/bin/install -c -m 644 ./Lib/test/test_augassign.py /home/inrack/.local/cpython-3.14.7t/lib/python3.14t/test
/usr/bin/install -c -m 644 ./Lib/test/test_base64.py /home/inrack/.local/cpython-3.14.7t/lib/python3.14t/test
/usr/bin/install -c -m 644 ./Lib/test/test_baseexception.py /home/inrack/.local/cpython-3.14.7t/lib/python3.14t/test
/usr/bin/install -c -m 644 ./Lib/test/test_bdb.py /home/inrack/.local/cpython-3.14.7t/lib/python3.14t/test
/usr/bin/install -c -m 644 ./Lib/test/test_bigaddrspace.py /home/inrack/.local/cpython-3.14.7t/lib/python3.14t/test
/usr/bin/install -c -m 644 ./Lib/test/test_bigmem.py /home/inrack/.local/cpython-3.14.7t/lib/python3.14t/test
/usr/bin/install -c -m 644 ./Lib/test/test_binascii.py /home/inrack/.local/cpython-3.14.7t/lib/python3.14t/test
/usr/bin/install -c -m 644 ./Lib/test/test_binop.py /home/inrack/.local/cpython-3.14.7t/lib/python3.14t/test
/usr/bin/install -c -m 644 ./Lib/test/test_bisect.py /home/inrack/.local/cpython-3.14.7t/lib/python3.14t/test
/usr/bin/install -c -m 644 ./Lib/test/test_bool.py /home/inrack/.local/cpython-3.14.7t/lib/python3.14t/test
/usr/bin/install -c -m 644 ./Lib/test/test_buffer.py /home/inrack/.local/cpython-3.14.7t/lib/python3.14t/test
/usr/bin/install -c -m 644 ./Lib/test/test_bufio.py /home/inrack/.local/cpython-3.14.7t/lib/python3.14t/test
/usr/bin/install -c -m 644 ./Lib/test/test_build_details.py /home/inrack/.local/cpython-3.14.7t/lib/python3.14t/test
/usr/bin/install -c -m 644 ./Lib/test/test_builtin.py /home/inrack/.local/cpython-3.14.7t/lib/python3.14t/test
/usr/bin/install -c -m 644 ./Lib/test/test_bytes.py /home/inrack/.local/cpython-3.14.7t/lib/python3.14t/test
/usr/bin/install -c -m 644 ./Lib/test/test_bz2.py /home/inrack/.local/cpython-3.14.7t/lib/python3.14t/test
/usr/bin/install -c -m 644 ./Lib/test/test_c_locale_coercion.py /home/inrack/.local/cpython-3.14.7t/lib/python3.14t/test
/usr/bin/install -c -m 644 ./Lib/test/test_calendar.py /home/inrack/.local/cpython-3.14.7t/lib/python3.14t/test
/usr/bin/install -c -m 644 ./Lib/test/test_call.py /home/inrack/.local/cpython-3.14.7t/lib/python3.14t/test
/usr/bin/install -c -m 644 ./Lib/test/test_charmapcodec.py /home/inrack/.local/cpython-3.14.7t/lib/python3.14t/test
/usr/bin/install -c -m 644 ./Lib/test/test_class.py /home/inrack/.local/cpython-3.14.7t/lib/python3.14t/test
/usr/bin/install -c -m 644 ./Lib/test/test_clinic.py /home/inrack/.local/cpython-3.14.7t/lib/python3.14t/test
/usr/bin/install -c -m 644 ./Lib/test/test_cmath.py /home/inrack/.local/cpython-3.14.7t/lib/python3.14t/test
/usr/bin/install -c -m 644 ./Lib/test/test_cmd.py /home/inrack/.local/cpython-3.14.7t/lib/python3.14t/test
/usr/bin/install -c -m 644 ./Lib/test/test_cmd_line.py /home/inrack/.local/cpython-3.14.7t/lib/python3.14t/test
/usr/bin/install -c -m 644 ./Lib/test/test_cmd_line_script.py /home/inrack/.local/cpython-3.14.7t/lib/python3.14t/test
/usr/bin/install -c -m 644 ./Lib/test/test_code.py /home/inrack/.local/cpython-3.14.7t/lib/python3.14t/test
/usr/bin/install -c -m 644 ./Lib/test/test_code_module.py /home/inrack/.local/cpython-3.14.7t/lib/python3.14t/test
/usr/bin/install -c -m 644 ./Lib/test/test_codeccallbacks.py /home/inrack/.local/cpython-3.14.7t/lib/python3.14t/test
/usr/bin/install -c -m 644 ./Lib/test/test_codecencodings_cn.py /home/inrack/.local/cpython-3.14.7t/lib/python3.14t/test
/usr/bin/install -c -m 644 ./Lib/test/test_codecencodings_hk.py /home/inrack/.local/cpython-3.14.7t/lib/python3.14t/test
/usr/bin/install -c -m 644 ./Lib/test/test_codecencodings_iso2022.py /home/inrack/.local/cpython-3.14.7t/lib/python3.14t/test
/usr/bin/install -c -m 644 ./Lib/test/test_codecencodings_jp.py /home/inrack/.local/cpython-3.14.7t/lib/python3.14t/test
/usr/bin/install -c -m 644 ./Lib/test/test_codecencodings_kr.py /home/inrack/.local/cpython-3.14.7t/lib/python3.14t/test
/usr/bin/install -c -m 644 ./Lib/test/test_codecencodings_tw.py /home/inrack/.local/cpython-3.14.7t/lib/python3.14t/test
/usr/bin/install -c -m 644 ./Lib/test/test_codecmaps_cn.py /home/inrack/.local/cpython-3.14.7t/lib/python3.14t/test
/usr/bin/install -c -m 644 ./Lib/test/test_codecmaps_hk.py /home/inrack/.local/cpython-3.14.7t/lib/python3.14t/test
/usr/bin/install -c -m 644 ./Lib/test/test_codecmaps_jp.py /home/inrack/.local/cpython-3.14.7t/lib/python3.14t/test
/usr/bin/install -c -m 644 ./Lib/test/test_codecmaps_kr.py /home/inrack/.local/cpython-3.14.7t/lib/python3.14t/test
/usr/bin/install -c -m 644 ./Lib/test/test_codecmaps_tw.py /home/inrack/.local/cpython-3.14.7t/lib/python3.14t/test
/usr/bin/install -c -m 644 ./Lib/test/test_codecs.py /home/inrack/.local/cpython-3.14.7t/lib/python3.14t/test
/usr/bin/install -c -m 644 ./Lib/test/test_codeop.py /home/inrack/.local/cpython-3.14.7t/lib/python3.14t/test
/usr/bin/install -c -m 644 ./Lib/test/test_collections.py /home/inrack/.local/cpython-3.14.7t/lib/python3.14t/test
/usr/bin/install -c -m 644 ./Lib/test/test_colorsys.py /home/inrack/.local/cpython-3.14.7t/lib/python3.14t/test
/usr/bin/install -c -m 644 ./Lib/test/test_compare.py /home/inrack/.local/cpython-3.14.7t/lib/python3.14t/test
/usr/bin/install -c -m 644 ./Lib/test/test_compile.py /home/inrack/.local/cpython-3.14.7t/lib/python3.14t/test
/usr/bin/install -c -m 644 ./Lib/test/test_compileall.py /home/inrack/.local/cpython-3.14.7t/lib/python3.14t/test
/usr/bin/install -c -m 644 ./Lib/test/test_compiler_assemble.py /home/inrack/.local/cpython-3.14.7t/lib/python3.14t/test
/usr/bin/install -c -m 644 ./Lib/test/test_compiler_codegen.py /home/inrack/.local/cpython-3.14.7t/lib/python3.14t/test
/usr/bin/install -c -m 644 ./Lib/test/test_complex.py /home/inrack/.local/cpython-3.14.7t/lib/python3.14t/test
/usr/bin/install -c -m 644 ./Lib/test/test_configparser.py /home/inrack/.local/cpython-3.14.7t/lib/python3.14t/test
/usr/bin/install -c -m 644 ./Lib/test/test_contains.py /home/inrack/.local/cpython-3.14.7t/lib/python3.14t/test
/usr/bin/install -c -m 644 ./Lib/test/test_context.py /home/inrack/.local/cpython-3.14.7t/lib/python3.14t/test
/usr/bin/install -c -m 644 ./Lib/test/test_contextlib.py /home/inrack/.local/cpython-3.14.7t/lib/python3.14t/test
/usr/bin/install -c -m 644 ./Lib/test/test_contextlib_async.py /home/inrack/.local/cpython-3.14.7t/lib/python3.14t/test
/usr/bin/install -c -m 644 ./Lib/test/test_copy.py /home/inrack/.local/cpython-3.14.7t/lib/python3.14t/test
/usr/bin/install -c -m 644 ./Lib/test/test_copyreg.py /home/inrack/.local/cpython-3.14.7t/lib/python3.14t/test
/usr/bin/install -c -m 644 ./Lib/test/test_coroutines.py /home/inrack/.local/cpython-3.14.7t/lib/python3.14t/test
/usr/bin/install -c -m 644 ./Lib/test/test_cprofile.py /home/inrack/.local/cpython-3.14.7t/lib/python3.14t/test
/usr/bin/install -c -m 644 ./Lib/test/test_crossinterp.py /home/inrack/.local/cpython-3.14.7t/lib/python3.14t/test
/usr/bin/install -c -m 644 ./Lib/test/test_csv.py /home/inrack/.local/cpython-3.14.7t/lib/python3.14t/test
/usr/bin/install -c -m 644 ./Lib/test/test_curses.py /home/inrack/.local/cpython-3.14.7t/lib/python3.14t/test
/usr/bin/install -c -m 644 ./Lib/test/test_datetime.py /home/inrack/.local/cpython-3.14.7t/lib/python3.14t/test
/usr/bin/install -c -m 644 ./Lib/test/test_dbm.py /home/inrack/.local/cpython-3.14.7t/lib/python3.14t/test
/usr/bin/install -c -m 644 ./Lib/test/test_dbm_dumb.py /home/inrack/.local/cpython-3.14.7t/lib/python3.14t/test
/usr/bin/install -c -m 644 ./Lib/test/test_dbm_gnu.py /home/inrack/.local/cpython-3.14.7t/lib/python3.14t/test
/usr/bin/install -c -m 644 ./Lib/test/test_dbm_ndbm.py /home/inrack/.local/cpython-3.14.7t/lib/python3.14t/test
/usr/bin/install -c -m 644 ./Lib/test/test_dbm_sqlite3.py /home/inrack/.local/cpython-3.14.7t/lib/python3.14t/test
/usr/bin/install -c -m 644 ./Lib/test/test_decimal.py /home/inrack/.local/cpython-3.14.7t/lib/python3.14t/test
/usr/bin/install -c -m 644 ./Lib/test/test_decorators.py /home/inrack/.local/cpython-3.14.7t/lib/python3.14t/test
/usr/bin/install -c -m 644 ./Lib/test/test_defaultdict.py /home/inrack/.local/cpython-3.14.7t/lib/python3.14t/test
/usr/bin/install -c -m 644 ./Lib/test/test_deque.py /home/inrack/.local/cpython-3.14.7t/lib/python3.14t/test
/usr/bin/install -c -m 644 ./Lib/test/test_descr.py /home/inrack/.local/cpython-3.14.7t/lib/python3.14t/test
/usr/bin/install -c -m 644 ./Lib/test/test_descrtut.py /home/inrack/.local/cpython-3.14.7t/lib/python3.14t/test
/usr/bin/install -c -m 644 ./Lib/test/test_devpoll.py /home/inrack/.local/cpython-3.14.7t/lib/python3.14t/test
/usr/bin/install -c -m 644 ./Lib/test/test_dict.py /home/inrack/.local/cpython-3.14.7t/lib/python3.14t/test
/usr/bin/install -c -m 644 ./Lib/test/test_dictcomps.py /home/inrack/.local/cpython-3.14.7t/lib/python3.14t/test
/usr/bin/install -c -m 644 ./Lib/test/test_dictviews.py /home/inrack/.local/cpython-3.14.7t/lib/python3.14t/test
/usr/bin/install -c -m 644 ./Lib/test/test_difflib.py /home/inrack/.local/cpython-3.14.7t/lib/python3.14t/test
/usr/bin/install -c -m 644 ./Lib/test/test_difflib_expect.html /home/inrack/.local/cpython-3.14.7t/lib/python3.14t/test
/usr/bin/install -c -m 644 ./Lib/test/test_dis.py /home/inrack/.local/cpython-3.14.7t/lib/python3.14t/test
/usr/bin/install -c -m 644 ./Lib/test/test_docxmlrpc.py /home/inrack/.local/cpython-3.14.7t/lib/python3.14t/test
/usr/bin/install -c -m 644 ./Lib/test/test_dtrace.py /home/inrack/.local/cpython-3.14.7t/lib/python3.14t/test
/usr/bin/install -c -m 644 ./Lib/test/test_dynamic.py /home/inrack/.local/cpython-3.14.7t/lib/python3.14t/test
/usr/bin/install -c -m 644 ./Lib/test/test_dynamicclassattribute.py /home/inrack/.local/cpython-3.14.7t/lib/python3.14t/test
/usr/bin/install -c -m 644 ./Lib/test/test_eintr.py /home/inrack/.local/cpython-3.14.7t/lib/python3.14t/test
/usr/bin/install -c -m 644 ./Lib/test/test_embed.py /home/inrack/.local/cpython-3.14.7t/lib/python3.14t/test
/usr/bin/install -c -m 644 ./Lib/test/test_ensurepip.py /home/inrack/.local/cpython-3.14.7t/lib/python3.14t/test
/usr/bin/install -c -m 644 ./Lib/test/test_enum.py /home/inrack/.local/cpython-3.14.7t/lib/python3.14t/test
/usr/bin/install -c -m 644 ./Lib/test/test_enumerate.py /home/inrack/.local/cpython-3.14.7t/lib/python3.14t/test
/usr/bin/install -c -m 644 ./Lib/test/test_eof.py /home/inrack/.local/cpython-3.14.7t/lib/python3.14t/test
/usr/bin/install -c -m 644 ./Lib/test/test_epoll.py /home/inrack/.local/cpython-3.14.7t/lib/python3.14t/test
/usr/bin/install -c -m 644 ./Lib/test/test_errno.py /home/inrack/.local/cpython-3.14.7t/lib/python3.14t/test
/usr/bin/install -c -m 644 ./Lib/test/test_except_star.py /home/inrack/.local/cpython-3.14.7t/lib/python3.14t/test
/usr/bin/install -c -m 644 ./Lib/test/test_exception_group.py /home/inrack/.local/cpython-3.14.7t/lib/python3.14t/test
/usr/bin/install -c -m 644 ./Lib/test/test_exception_hierarchy.py /home/inrack/.local/cpython-3.14.7t/lib/python3.14t/test
/usr/bin/install -c -m 644 ./Lib/test/test_exception_variations.py /home/inrack/.local/cpython-3.14.7t/lib/python3.14t/test
/usr/bin/install -c -m 644 ./Lib/test/test_exceptions.py /home/inrack/.local/cpython-3.14.7t/lib/python3.14t/test
/usr/bin/install -c -m 644 ./Lib/test/test_extcall.py /home/inrack/.local/cpython-3.14.7t/lib/python3.14t/test
/usr/bin/install -c -m 644 ./Lib/test/test_external_inspection.py /home/inrack/.local/cpython-3.14.7t/lib/python3.14t/test
/usr/bin/install -c -m 644 ./Lib/test/test_faulthandler.py /home/inrack/.local/cpython-3.14.7t/lib/python3.14t/test
/usr/bin/install -c -m 644 ./Lib/test/test_fcntl.py /home/inrack/.local/cpython-3.14.7t/lib/python3.14t/test
/usr/bin/install -c -m 644 ./Lib/test/test_file.py /home/inrack/.local/cpython-3.14.7t/lib/python3.14t/test
/usr/bin/install -c -m 644 ./Lib/test/test_file_eintr.py /home/inrack/.local/cpython-3.14.7t/lib/python3.14t/test
/usr/bin/install -c -m 644 ./Lib/test/test_filecmp.py /home/inrack/.local/cpython-3.14.7t/lib/python3.14t/test
/usr/bin/install -c -m 644 ./Lib/test/test_fileinput.py /home/inrack/.local/cpython-3.14.7t/lib/python3.14t/test
/usr/bin/install -c -m 644 ./Lib/test/test_fileio.py /home/inrack/.local/cpython-3.14.7t/lib/python3.14t/test
/usr/bin/install -c -m 644 ./Lib/test/test_fileutils.py /home/inrack/.local/cpython-3.14.7t/lib/python3.14t/test
/usr/bin/install -c -m 644 ./Lib/test/test_finalization.py /home/inrack/.local/cpython-3.14.7t/lib/python3.14t/test
/usr/bin/install -c -m 644 ./Lib/test/test_float.py /home/inrack/.local/cpython-3.14.7t/lib/python3.14t/test
/usr/bin/install -c -m 644 ./Lib/test/test_flufl.py /home/inrack/.local/cpython-3.14.7t/lib/python3.14t/test
/usr/bin/install -c -m 644 ./Lib/test/test_fnmatch.py /home/inrack/.local/cpython-3.14.7t/lib/python3.14t/test
/usr/bin/install -c -m 644 ./Lib/test/test_fork1.py /home/inrack/.local/cpython-3.14.7t/lib/python3.14t/test
/usr/bin/install -c -m 644 ./Lib/test/test_format.py /home/inrack/.local/cpython-3.14.7t/lib/python3.14t/test
/usr/bin/install -c -m 644 ./Lib/test/test_fractions.py /home/inrack/.local/cpython-3.14.7t/lib/python3.14t/test
/usr/bin/install -c -m 644 ./Lib/test/test_frame.py /home/inrack/.local/cpython-3.14.7t/lib/python3.14t/test
/usr/bin/install -c -m 644 ./Lib/test/test_frozen.py /home/inrack/.local/cpython-3.14.7t/lib/python3.14t/test
/usr/bin/install -c -m 644 ./Lib/test/test_fstring.py /home/inrack/.local/cpython-3.14.7t/lib/python3.14t/test
/usr/bin/install -c -m 644 ./Lib/test/test_ftplib.py /home/inrack/.local/cpython-3.14.7t/lib/python3.14t/test
/usr/bin/install -c -m 644 ./Lib/test/test_funcattrs.py /home/inrack/.local/cpython-3.14.7t/lib/python3.14t/test
/usr/bin/install -c -m 644 ./Lib/test/test_functools.py /home/inrack/.local/cpython-3.14.7t/lib/python3.14t/test
/usr/bin/install -c -m 644 ./Lib/test/test_gc.py /home/inrack/.local/cpython-3.14.7t/lib/python3.14t/test
/usr/bin/install -c -m 644 ./Lib/test/test_generated_cases.py /home/inrack/.local/cpython-3.14.7t/lib/python3.14t/test
/usr/bin/install -c -m 644 ./Lib/test/test_generator_stop.py /home/inrack/.local/cpython-3.14.7t/lib/python3.14t/test
/usr/bin/install -c -m 644 ./Lib/test/test_generators.py /home/inrack/.local/cpython-3.14.7t/lib/python3.14t/test
/usr/bin/install -c -m 644 ./Lib/test/test_genericalias.py /home/inrack/.local/cpython-3.14.7t/lib/python3.14t/test
/usr/bin/install -c -m 644 ./Lib/test/test_genericclass.py /home/inrack/.local/cpython-3.14.7t/lib/python3.14t/test
/usr/bin/install -c -m 644 ./Lib/test/test_genericpath.py /home/inrack/.local/cpython-3.14.7t/lib/python3.14t/test
/usr/bin/install -c -m 644 ./Lib/test/test_genexps.py /home/inrack/.local/cpython-3.14.7t/lib/python3.14t/test
/usr/bin/install -c -m 644 ./Lib/test/test_getopt.py /home/inrack/.local/cpython-3.14.7t/lib/python3.14t/test
/usr/bin/install -c -m 644 ./Lib/test/test_getpass.py /home/inrack/.local/cpython-3.14.7t/lib/python3.14t/test
/usr/bin/install -c -m 644 ./Lib/test/test_getpath.py /home/inrack/.local/cpython-3.14.7t/lib/python3.14t/test
/usr/bin/install -c -m 644 ./Lib/test/test_gettext.py /home/inrack/.local/cpython-3.14.7t/lib/python3.14t/test
/usr/bin/install -c -m 644 ./Lib/test/test_glob.py /home/inrack/.local/cpython-3.14.7t/lib/python3.14t/test
/usr/bin/install -c -m 644 ./Lib/test/test_global.py /home/inrack/.local/cpython-3.14.7t/lib/python3.14t/test
/usr/bin/install -c -m 644 ./Lib/test/test_grammar.py /home/inrack/.local/cpython-3.14.7t/lib/python3.14t/test
/usr/bin/install -c -m 644 ./Lib/test/test_graphlib.py /home/inrack/.local/cpython-3.14.7t/lib/python3.14t/test
/usr/bin/install -c -m 644 ./Lib/test/test_grp.py /home/inrack/.local/cpython-3.14.7t/lib/python3.14t/test
/usr/bin/install -c -m 644 ./Lib/test/test_gzip.py /home/inrack/.local/cpython-3.14.7t/lib/python3.14t/test
/usr/bin/install -c -m 644 ./Lib/test/test_hash.py /home/inrack/.local/cpython-3.14.7t/lib/python3.14t/test
/usr/bin/install -c -m 644 ./Lib/test/test_hashlib.py /home/inrack/.local/cpython-3.14.7t/lib/python3.14t/test
/usr/bin/install -c -m 644 ./Lib/test/test_heapq.py /home/inrack/.local/cpython-3.14.7t/lib/python3.14t/test
/usr/bin/install -c -m 644 ./Lib/test/test_hmac.py /home/inrack/.local/cpython-3.14.7t/lib/python3.14t/test
/usr/bin/install -c -m 644 ./Lib/test/test_html.py /home/inrack/.local/cpython-3.14.7t/lib/python3.14t/test
/usr/bin/install -c -m 644 ./Lib/test/test_htmlparser.py /home/inrack/.local/cpython-3.14.7t/lib/python3.14t/test
/usr/bin/install -c -m 644 ./Lib/test/test_http_cookiejar.py /home/inrack/.local/cpython-3.14.7t/lib/python3.14t/test
/usr/bin/install -c -m 644 ./Lib/test/test_http_cookies.py /home/inrack/.local/cpython-3.14.7t/lib/python3.14t/test
/usr/bin/install -c -m 644 ./Lib/test/test_httplib.py /home/inrack/.local/cpython-3.14.7t/lib/python3.14t/test
/usr/bin/install -c -m 644 ./Lib/test/test_httpservers.py /home/inrack/.local/cpython-3.14.7t/lib/python3.14t/test
/usr/bin/install -c -m 644 ./Lib/test/test_idle.py /home/inrack/.local/cpython-3.14.7t/lib/python3.14t/test
/usr/bin/install -c -m 644 ./Lib/test/test_imaplib.py /home/inrack/.local/cpython-3.14.7t/lib/python3.14t/test
/usr/bin/install -c -m 644 ./Lib/test/test_index.py /home/inrack/.local/cpython-3.14.7t/lib/python3.14t/test
/usr/bin/install -c -m 644 ./Lib/test/test_int.py /home/inrack/.local/cpython-3.14.7t/lib/python3.14t/test
/usr/bin/install -c -m 644 ./Lib/test/test_int_literal.py /home/inrack/.local/cpython-3.14.7t/lib/python3.14t/test
/usr/bin/install -c -m 644 ./Lib/test/test_io.py /home/inrack/.local/cpython-3.14.7t/lib/python3.14t/test
/usr/bin/install -c -m 644 ./Lib/test/test_ioctl.py /home/inrack/.local/cpython-3.14.7t/lib/python3.14t/test
/usr/bin/install -c -m 644 ./Lib/test/test_ipaddress.py /home/inrack/.local/cpython-3.14.7t/lib/python3.14t/test
/usr/bin/install -c -m 644 ./Lib/test/test_isinstance.py /home/inrack/.local/cpython-3.14.7t/lib/python3.14t/test
/usr/bin/install -c -m 644 ./Lib/test/test_iter.py /home/inrack/.local/cpython-3.14.7t/lib/python3.14t/test
/usr/bin/install -c -m 644 ./Lib/test/test_iterlen.py /home/inrack/.local/cpython-3.14.7t/lib/python3.14t/test
/usr/bin/install -c -m 644 ./Lib/test/test_itertools.py /home/inrack/.local/cpython-3.14.7t/lib/python3.14t/test
/usr/bin/install -c -m 644 ./Lib/test/test_keyword.py /home/inrack/.local/cpython-3.14.7t/lib/python3.14t/test
/usr/bin/install -c -m 644 ./Lib/test/test_keywordonlyarg.py /home/inrack/.local/cpython-3.14.7t/lib/python3.14t/test
/usr/bin/install -c -m 644 ./Lib/test/test_kqueue.py /home/inrack/.local/cpython-3.14.7t/lib/python3.14t/test
/usr/bin/install -c -m 644 ./Lib/test/test_largefile.py /home/inrack/.local/cpython-3.14.7t/lib/python3.14t/test
/usr/bin/install -c -m 644 ./Lib/test/test_launcher.py /home/inrack/.local/cpython-3.14.7t/lib/python3.14t/test
/usr/bin/install -c -m 644 ./Lib/test/test_linecache.py /home/inrack/.local/cpython-3.14.7t/lib/python3.14t/test
/usr/bin/install -c -m 644 ./Lib/test/test_list.py /home/inrack/.local/cpython-3.14.7t/lib/python3.14t/test
/usr/bin/install -c -m 644 ./Lib/test/test_listcomps.py /home/inrack/.local/cpython-3.14.7t/lib/python3.14t/test
/usr/bin/install -c -m 644 ./Lib/test/test_lltrace.py /home/inrack/.local/cpython-3.14.7t/lib/python3.14t/test
/usr/bin/install -c -m 644 ./Lib/test/test_locale.py /home/inrack/.local/cpython-3.14.7t/lib/python3.14t/test
/usr/bin/install -c -m 644 ./Lib/test/test_logging.py /home/inrack/.local/cpython-3.14.7t/lib/python3.14t/test
/usr/bin/install -c -m 644 ./Lib/test/test_long.py /home/inrack/.local/cpython-3.14.7t/lib/python3.14t/test
/usr/bin/install -c -m 644 ./Lib/test/test_longexp.py /home/inrack/.local/cpython-3.14.7t/lib/python3.14t/test
/usr/bin/install -c -m 644 ./Lib/test/test_lzma.py /home/inrack/.local/cpython-3.14.7t/lib/python3.14t/test
/usr/bin/install -c -m 644 ./Lib/test/test_mailbox.py /home/inrack/.local/cpython-3.14.7t/lib/python3.14t/test
/usr/bin/install -c -m 644 ./Lib/test/test_marshal.py /home/inrack/.local/cpython-3.14.7t/lib/python3.14t/test
/usr/bin/install -c -m 644 ./Lib/test/test_math.py /home/inrack/.local/cpython-3.14.7t/lib/python3.14t/test
/usr/bin/install -c -m 644 ./Lib/test/test_math_property.py /home/inrack/.local/cpython-3.14.7t/lib/python3.14t/test
/usr/bin/install -c -m 644 ./Lib/test/test_memoryio.py /home/inrack/.local/cpython-3.14.7t/lib/python3.14t/test
/usr/bin/install -c -m 644 ./Lib/test/test_memoryview.py /home/inrack/.local/cpython-3.14.7t/lib/python3.14t/test
/usr/bin/install -c -m 644 ./Lib/test/test_metaclass.py /home/inrack/.local/cpython-3.14.7t/lib/python3.14t/test
/usr/bin/install -c -m 644 ./Lib/test/test_mimetypes.py /home/inrack/.local/cpython-3.14.7t/lib/python3.14t/test
/usr/bin/install -c -m 644 ./Lib/test/test_minidom.py /home/inrack/.local/cpython-3.14.7t/lib/python3.14t/test
/usr/bin/install -c -m 644 ./Lib/test/test_mmap.py /home/inrack/.local/cpython-3.14.7t/lib/python3.14t/test
/usr/bin/install -c -m 644 ./Lib/test/test_modulefinder.py /home/inrack/.local/cpython-3.14.7t/lib/python3.14t/test
/usr/bin/install -c -m 644 ./Lib/test/test_monitoring.py /home/inrack/.local/cpython-3.14.7t/lib/python3.14t/test
/usr/bin/install -c -m 644 ./Lib/test/test_msvcrt.py /home/inrack/.local/cpython-3.14.7t/lib/python3.14t/test
/usr/bin/install -c -m 644 ./Lib/test/test_multibytecodec.py /home/inrack/.local/cpython-3.14.7t/lib/python3.14t/test
/usr/bin/install -c -m 644 ./Lib/test/test_multiprocessing_main_handling.py /home/inrack/.local/cpython-3.14.7t/lib/python3.14t/test
/usr/bin/install -c -m 644 ./Lib/test/test_named_expressions.py /home/inrack/.local/cpython-3.14.7t/lib/python3.14t/test
/usr/bin/install -c -m 644 ./Lib/test/test_netrc.py /home/inrack/.local/cpython-3.14.7t/lib/python3.14t/test
/usr/bin/install -c -m 644 ./Lib/test/test_ntpath.py /home/inrack/.local/cpython-3.14.7t/lib/python3.14t/test
/usr/bin/install -c -m 644 ./Lib/test/test_nturl2path.py /home/inrack/.local/cpython-3.14.7t/lib/python3.14t/test
/usr/bin/install -c -m 644 ./Lib/test/test_numeric_tower.py /home/inrack/.local/cpython-3.14.7t/lib/python3.14t/test
/usr/bin/install -c -m 644 ./Lib/test/test_opcache.py /home/inrack/.local/cpython-3.14.7t/lib/python3.14t/test
/usr/bin/install -c -m 644 ./Lib/test/test_opcodes.py /home/inrack/.local/cpython-3.14.7t/lib/python3.14t/test
/usr/bin/install -c -m 644 ./Lib/test/test_openpty.py /home/inrack/.local/cpython-3.14.7t/lib/python3.14t/test
/usr/bin/install -c -m 644 ./Lib/test/test_operator.py /home/inrack/.local/cpython-3.14.7t/lib/python3.14t/test
/usr/bin/install -c -m 644 ./Lib/test/test_optimizer.py /home/inrack/.local/cpython-3.14.7t/lib/python3.14t/test
/usr/bin/install -c -m 644 ./Lib/test/test_optparse.py /home/inrack/.local/cpython-3.14.7t/lib/python3.14t/test
/usr/bin/install -c -m 644 ./Lib/test/test_ordered_dict.py /home/inrack/.local/cpython-3.14.7t/lib/python3.14t/test
/usr/bin/install -c -m 644 ./Lib/test/test_os.py /home/inrack/.local/cpython-3.14.7t/lib/python3.14t/test
/usr/bin/install -c -m 644 ./Lib/test/test_osx_env.py /home/inrack/.local/cpython-3.14.7t/lib/python3.14t/test
/usr/bin/install -c -m 644 ./Lib/test/test_patma.py /home/inrack/.local/cpython-3.14.7t/lib/python3.14t/test
/usr/bin/install -c -m 644 ./Lib/test/test_pdb.py /home/inrack/.local/cpython-3.14.7t/lib/python3.14t/test
/usr/bin/install -c -m 644 ./Lib/test/test_peepholer.py /home/inrack/.local/cpython-3.14.7t/lib/python3.14t/test
/usr/bin/install -c -m 644 ./Lib/test/test_pep646_syntax.py /home/inrack/.local/cpython-3.14.7t/lib/python3.14t/test
/usr/bin/install -c -m 644 ./Lib/test/test_perf_profiler.py /home/inrack/.local/cpython-3.14.7t/lib/python3.14t/test
/usr/bin/install -c -m 644 ./Lib/test/test_perfmaps.py /home/inrack/.local/cpython-3.14.7t/lib/python3.14t/test
/usr/bin/install -c -m 644 ./Lib/test/test_pickle.py /home/inrack/.local/cpython-3.14.7t/lib/python3.14t/test
/usr/bin/install -c -m 644 ./Lib/test/test_picklebuffer.py /home/inrack/.local/cpython-3.14.7t/lib/python3.14t/test
/usr/bin/install -c -m 644 ./Lib/test/test_pickletools.py /home/inrack/.local/cpython-3.14.7t/lib/python3.14t/test
/usr/bin/install -c -m 644 ./Lib/test/test_pkg.py /home/inrack/.local/cpython-3.14.7t/lib/python3.14t/test
/usr/bin/install -c -m 644 ./Lib/test/test_pkgutil.py /home/inrack/.local/cpython-3.14.7t/lib/python3.14t/test
/usr/bin/install -c -m 644 ./Lib/test/test_platform.py /home/inrack/.local/cpython-3.14.7t/lib/python3.14t/test
/usr/bin/install -c -m 644 ./Lib/test/test_plistlib.py /home/inrack/.local/cpython-3.14.7t/lib/python3.14t/test
/usr/bin/install -c -m 644 ./Lib/test/test_poll.py /home/inrack/.local/cpython-3.14.7t/lib/python3.14t/test
/usr/bin/install -c -m 644 ./Lib/test/test_popen.py /home/inrack/.local/cpython-3.14.7t/lib/python3.14t/test
/usr/bin/install -c -m 644 ./Lib/test/test_poplib.py /home/inrack/.local/cpython-3.14.7t/lib/python3.14t/test
/usr/bin/install -c -m 644 ./Lib/test/test_positional_only_arg.py /home/inrack/.local/cpython-3.14.7t/lib/python3.14t/test
/usr/bin/install -c -m 644 ./Lib/test/test_posix.py /home/inrack/.local/cpython-3.14.7t/lib/python3.14t/test
/usr/bin/install -c -m 644 ./Lib/test/test_posixpath.py /home/inrack/.local/cpython-3.14.7t/lib/python3.14t/test
/usr/bin/install -c -m 644 ./Lib/test/test_pow.py /home/inrack/.local/cpython-3.14.7t/lib/python3.14t/test
/usr/bin/install -c -m 644 ./Lib/test/test_pprint.py /home/inrack/.local/cpython-3.14.7t/lib/python3.14t/test
/usr/bin/install -c -m 644 ./Lib/test/test_print.py /home/inrack/.local/cpython-3.14.7t/lib/python3.14t/test
/usr/bin/install -c -m 644 ./Lib/test/test_profile.py /home/inrack/.local/cpython-3.14.7t/lib/python3.14t/test
/usr/bin/install -c -m 644 ./Lib/test/test_property.py /home/inrack/.local/cpython-3.14.7t/lib/python3.14t/test
/usr/bin/install -c -m 644 ./Lib/test/test_pstats.py /home/inrack/.local/cpython-3.14.7t/lib/python3.14t/test
/usr/bin/install -c -m 644 ./Lib/test/test_pty.py /home/inrack/.local/cpython-3.14.7t/lib/python3.14t/test
/usr/bin/install -c -m 644 ./Lib/test/test_pulldom.py /home/inrack/.local/cpython-3.14.7t/lib/python3.14t/test
/usr/bin/install -c -m 644 ./Lib/test/test_pwd.py /home/inrack/.local/cpython-3.14.7t/lib/python3.14t/test
/usr/bin/install -c -m 644 ./Lib/test/test_py_compile.py /home/inrack/.local/cpython-3.14.7t/lib/python3.14t/test
/usr/bin/install -c -m 644 ./Lib/test/test_pyclbr.py /home/inrack/.local/cpython-3.14.7t/lib/python3.14t/test
/usr/bin/install -c -m 644 ./Lib/test/test_pyexpat.py /home/inrack/.local/cpython-3.14.7t/lib/python3.14t/test
/usr/bin/install -c -m 644 ./Lib/test/test_queue.py /home/inrack/.local/cpython-3.14.7t/lib/python3.14t/test
/usr/bin/install -c -m 644 ./Lib/test/test_quopri.py /home/inrack/.local/cpython-3.14.7t/lib/python3.14t/test
/usr/bin/install -c -m 644 ./Lib/test/test_raise.py /home/inrack/.local/cpython-3.14.7t/lib/python3.14t/test
/usr/bin/install -c -m 644 ./Lib/test/test_random.py /home/inrack/.local/cpython-3.14.7t/lib/python3.14t/test
/usr/bin/install -c -m 644 ./Lib/test/test_range.py /home/inrack/.local/cpython-3.14.7t/lib/python3.14t/test
/usr/bin/install -c -m 644 ./Lib/test/test_re.py /home/inrack/.local/cpython-3.14.7t/lib/python3.14t/test
/usr/bin/install -c -m 644 ./Lib/test/test_readline.py /home/inrack/.local/cpython-3.14.7t/lib/python3.14t/test
/usr/bin/install -c -m 644 ./Lib/test/test_regrtest.py /home/inrack/.local/cpython-3.14.7t/lib/python3.14t/test
/usr/bin/install -c -m 644 ./Lib/test/test_remote_pdb.py /home/inrack/.local/cpython-3.14.7t/lib/python3.14t/test
/usr/bin/install -c -m 644 ./Lib/test/test_repl.py /home/inrack/.local/cpython-3.14.7t/lib/python3.14t/test
/usr/bin/install -c -m 644 ./Lib/test/test_reprlib.py /home/inrack/.local/cpython-3.14.7t/lib/python3.14t/test
/usr/bin/install -c -m 644 ./Lib/test/test_resource.py /home/inrack/.local/cpython-3.14.7t/lib/python3.14t/test
/usr/bin/install -c -m 644 ./Lib/test/test_richcmp.py /home/inrack/.local/cpython-3.14.7t/lib/python3.14t/test
/usr/bin/install -c -m 644 ./Lib/test/test_rlcompleter.py /home/inrack/.local/cpython-3.14.7t/lib/python3.14t/test
/usr/bin/install -c -m 644 ./Lib/test/test_robotparser.py /home/inrack/.local/cpython-3.14.7t/lib/python3.14t/test
/usr/bin/install -c -m 644 ./Lib/test/test_runpy.py /home/inrack/.local/cpython-3.14.7t/lib/python3.14t/test
/usr/bin/install -c -m 644 ./Lib/test/test_sax.py /home/inrack/.local/cpython-3.14.7t/lib/python3.14t/test
/usr/bin/install -c -m 644 ./Lib/test/test_sched.py /home/inrack/.local/cpython-3.14.7t/lib/python3.14t/test
/usr/bin/install -c -m 644 ./Lib/test/test_scope.py /home/inrack/.local/cpython-3.14.7t/lib/python3.14t/test
/usr/bin/install -c -m 644 ./Lib/test/test_script_helper.py /home/inrack/.local/cpython-3.14.7t/lib/python3.14t/test
/usr/bin/install -c -m 644 ./Lib/test/test_secrets.py /home/inrack/.local/cpython-3.14.7t/lib/python3.14t/test
/usr/bin/install -c -m 644 ./Lib/test/test_select.py /home/inrack/.local/cpython-3.14.7t/lib/python3.14t/test
/usr/bin/install -c -m 644 ./Lib/test/test_selectors.py /home/inrack/.local/cpython-3.14.7t/lib/python3.14t/test
/usr/bin/install -c -m 644 ./Lib/test/test_set.py /home/inrack/.local/cpython-3.14.7t/lib/python3.14t/test
/usr/bin/install -c -m 644 ./Lib/test/test_setcomps.py /home/inrack/.local/cpython-3.14.7t/lib/python3.14t/test
/usr/bin/install -c -m 644 ./Lib/test/test_shelve.py /home/inrack/.local/cpython-3.14.7t/lib/python3.14t/test
/usr/bin/install -c -m 644 ./Lib/test/test_shlex.py /home/inrack/.local/cpython-3.14.7t/lib/python3.14t/test
/usr/bin/install -c -m 644 ./Lib/test/test_shutil.py /home/inrack/.local/cpython-3.14.7t/lib/python3.14t/test
/usr/bin/install -c -m 644 ./Lib/test/test_signal.py /home/inrack/.local/cpython-3.14.7t/lib/python3.14t/test
/usr/bin/install -c -m 644 ./Lib/test/test_site.py /home/inrack/.local/cpython-3.14.7t/lib/python3.14t/test
/usr/bin/install -c -m 644 ./Lib/test/test_slice.py /home/inrack/.local/cpython-3.14.7t/lib/python3.14t/test
/usr/bin/install -c -m 644 ./Lib/test/test_smtplib.py /home/inrack/.local/cpython-3.14.7t/lib/python3.14t/test
/usr/bin/install -c -m 644 ./Lib/test/test_smtpnet.py /home/inrack/.local/cpython-3.14.7t/lib/python3.14t/test
/usr/bin/install -c -m 644 ./Lib/test/test_socket.py /home/inrack/.local/cpython-3.14.7t/lib/python3.14t/test
/usr/bin/install -c -m 644 ./Lib/test/test_socketserver.py /home/inrack/.local/cpython-3.14.7t/lib/python3.14t/test
/usr/bin/install -c -m 644 ./Lib/test/test_sort.py /home/inrack/.local/cpython-3.14.7t/lib/python3.14t/test
/usr/bin/install -c -m 644 ./Lib/test/test_source_encoding.py /home/inrack/.local/cpython-3.14.7t/lib/python3.14t/test
/usr/bin/install -c -m 644 ./Lib/test/test_ssl.py /home/inrack/.local/cpython-3.14.7t/lib/python3.14t/test
/usr/bin/install -c -m 644 ./Lib/test/test_stable_abi_ctypes.py /home/inrack/.local/cpython-3.14.7t/lib/python3.14t/test
/usr/bin/install -c -m 644 ./Lib/test/test_startfile.py /home/inrack/.local/cpython-3.14.7t/lib/python3.14t/test
/usr/bin/install -c -m 644 ./Lib/test/test_stat.py /home/inrack/.local/cpython-3.14.7t/lib/python3.14t/test
/usr/bin/install -c -m 644 ./Lib/test/test_statistics.py /home/inrack/.local/cpython-3.14.7t/lib/python3.14t/test
/usr/bin/install -c -m 644 ./Lib/test/test_str.py /home/inrack/.local/cpython-3.14.7t/lib/python3.14t/test
/usr/bin/install -c -m 644 ./Lib/test/test_strftime.py /home/inrack/.local/cpython-3.14.7t/lib/python3.14t/test
/usr/bin/install -c -m 644 ./Lib/test/test_string_literals.py /home/inrack/.local/cpython-3.14.7t/lib/python3.14t/test
/usr/bin/install -c -m 644 ./Lib/test/test_stringprep.py /home/inrack/.local/cpython-3.14.7t/lib/python3.14t/test
/usr/bin/install -c -m 644 ./Lib/test/test_strptime.py /home/inrack/.local/cpython-3.14.7t/lib/python3.14t/test
/usr/bin/install -c -m 644 ./Lib/test/test_strtod.py /home/inrack/.local/cpython-3.14.7t/lib/python3.14t/test
/usr/bin/install -c -m 644 ./Lib/test/test_struct.py /home/inrack/.local/cpython-3.14.7t/lib/python3.14t/test
/usr/bin/install -c -m 644 ./Lib/test/test_structseq.py /home/inrack/.local/cpython-3.14.7t/lib/python3.14t/test
/usr/bin/install -c -m 644 ./Lib/test/test_subclassinit.py /home/inrack/.local/cpython-3.14.7t/lib/python3.14t/test
/usr/bin/install -c -m 644 ./Lib/test/test_subprocess.py /home/inrack/.local/cpython-3.14.7t/lib/python3.14t/test
/usr/bin/install -c -m 644 ./Lib/test/test_sundry.py /home/inrack/.local/cpython-3.14.7t/lib/python3.14t/test
/usr/bin/install -c -m 644 ./Lib/test/test_super.py /home/inrack/.local/cpython-3.14.7t/lib/python3.14t/test
/usr/bin/install -c -m 644 ./Lib/test/test_support.py /home/inrack/.local/cpython-3.14.7t/lib/python3.14t/test
/usr/bin/install -c -m 644 ./Lib/test/test_symtable.py /home/inrack/.local/cpython-3.14.7t/lib/python3.14t/test
/usr/bin/install -c -m 644 ./Lib/test/test_syntax.py /home/inrack/.local/cpython-3.14.7t/lib/python3.14t/test
/usr/bin/install -c -m 644 ./Lib/test/test_sys.py /home/inrack/.local/cpython-3.14.7t/lib/python3.14t/test
/usr/bin/install -c -m 644 ./Lib/test/test_sys_setprofile.py /home/inrack/.local/cpython-3.14.7t/lib/python3.14t/test
/usr/bin/install -c -m 644 ./Lib/test/test_sys_settrace.py /home/inrack/.local/cpython-3.14.7t/lib/python3.14t/test
/usr/bin/install -c -m 644 ./Lib/test/test_sysconfig.py /home/inrack/.local/cpython-3.14.7t/lib/python3.14t/test
/usr/bin/install -c -m 644 ./Lib/test/test_syslog.py /home/inrack/.local/cpython-3.14.7t/lib/python3.14t/test
/usr/bin/install -c -m 644 ./Lib/test/test_tabnanny.py /home/inrack/.local/cpython-3.14.7t/lib/python3.14t/test
/usr/bin/install -c -m 644 ./Lib/test/test_tarfile.py /home/inrack/.local/cpython-3.14.7t/lib/python3.14t/test
/usr/bin/install -c -m 644 ./Lib/test/test_tcl.py /home/inrack/.local/cpython-3.14.7t/lib/python3.14t/test
/usr/bin/install -c -m 644 ./Lib/test/test_tempfile.py /home/inrack/.local/cpython-3.14.7t/lib/python3.14t/test
/usr/bin/install -c -m 644 ./Lib/test/test_termios.py /home/inrack/.local/cpython-3.14.7t/lib/python3.14t/test
/usr/bin/install -c -m 644 ./Lib/test/test_textwrap.py /home/inrack/.local/cpython-3.14.7t/lib/python3.14t/test
/usr/bin/install -c -m 644 ./Lib/test/test_thread.py /home/inrack/.local/cpython-3.14.7t/lib/python3.14t/test
/usr/bin/install -c -m 644 ./Lib/test/test_thread_local_bytecode.py /home/inrack/.local/cpython-3.14.7t/lib/python3.14t/test
/usr/bin/install -c -m 644 ./Lib/test/test_threadedtempfile.py /home/inrack/.local/cpython-3.14.7t/lib/python3.14t/test
/usr/bin/install -c -m 644 ./Lib/test/test_threading.py /home/inrack/.local/cpython-3.14.7t/lib/python3.14t/test
/usr/bin/install -c -m 644 ./Lib/test/test_threading_local.py /home/inrack/.local/cpython-3.14.7t/lib/python3.14t/test
/usr/bin/install -c -m 644 ./Lib/test/test_threadsignals.py /home/inrack/.local/cpython-3.14.7t/lib/python3.14t/test
/usr/bin/install -c -m 644 ./Lib/test/test_time.py /home/inrack/.local/cpython-3.14.7t/lib/python3.14t/test
/usr/bin/install -c -m 644 ./Lib/test/test_timeit.py /home/inrack/.local/cpython-3.14.7t/lib/python3.14t/test
/usr/bin/install -c -m 644 ./Lib/test/test_timeout.py /home/inrack/.local/cpython-3.14.7t/lib/python3.14t/test
/usr/bin/install -c -m 644 ./Lib/test/test_tokenize.py /home/inrack/.local/cpython-3.14.7t/lib/python3.14t/test
/usr/bin/install -c -m 644 ./Lib/test/test_trace.py /home/inrack/.local/cpython-3.14.7t/lib/python3.14t/test
/usr/bin/install -c -m 644 ./Lib/test/test_traceback.py /home/inrack/.local/cpython-3.14.7t/lib/python3.14t/test
/usr/bin/install -c -m 644 ./Lib/test/test_tracemalloc.py /home/inrack/.local/cpython-3.14.7t/lib/python3.14t/test
/usr/bin/install -c -m 644 ./Lib/test/test_tstring.py /home/inrack/.local/cpython-3.14.7t/lib/python3.14t/test
/usr/bin/install -c -m 644 ./Lib/test/test_ttk_textonly.py /home/inrack/.local/cpython-3.14.7t/lib/python3.14t/test
/usr/bin/install -c -m 644 ./Lib/test/test_tty.py /home/inrack/.local/cpython-3.14.7t/lib/python3.14t/test
/usr/bin/install -c -m 644 ./Lib/test/test_tuple.py /home/inrack/.local/cpython-3.14.7t/lib/python3.14t/test
/usr/bin/install -c -m 644 ./Lib/test/test_turtle.py /home/inrack/.local/cpython-3.14.7t/lib/python3.14t/test
/usr/bin/install -c -m 644 ./Lib/test/test_type_aliases.py /home/inrack/.local/cpython-3.14.7t/lib/python3.14t/test
/usr/bin/install -c -m 644 ./Lib/test/test_type_annotations.py /home/inrack/.local/cpython-3.14.7t/lib/python3.14t/test
/usr/bin/install -c -m 644 ./Lib/test/test_type_cache.py /home/inrack/.local/cpython-3.14.7t/lib/python3.14t/test
/usr/bin/install -c -m 644 ./Lib/test/test_type_comments.py /home/inrack/.local/cpython-3.14.7t/lib/python3.14t/test
/usr/bin/install -c -m 644 ./Lib/test/test_type_params.py /home/inrack/.local/cpython-3.14.7t/lib/python3.14t/test
/usr/bin/install -c -m 644 ./Lib/test/test_typechecks.py /home/inrack/.local/cpython-3.14.7t/lib/python3.14t/test
/usr/bin/install -c -m 644 ./Lib/test/test_types.py /home/inrack/.local/cpython-3.14.7t/lib/python3.14t/test
/usr/bin/install -c -m 644 ./Lib/test/test_typing.py /home/inrack/.local/cpython-3.14.7t/lib/python3.14t/test
/usr/bin/install -c -m 644 ./Lib/test/test_ucn.py /home/inrack/.local/cpython-3.14.7t/lib/python3.14t/test
/usr/bin/install -c -m 644 ./Lib/test/test_unary.py /home/inrack/.local/cpython-3.14.7t/lib/python3.14t/test
/usr/bin/install -c -m 644 ./Lib/test/test_unicode_file.py /home/inrack/.local/cpython-3.14.7t/lib/python3.14t/test
/usr/bin/install -c -m 644 ./Lib/test/test_unicode_file_functions.py /home/inrack/.local/cpython-3.14.7t/lib/python3.14t/test
/usr/bin/install -c -m 644 ./Lib/test/test_unicode_identifiers.py /home/inrack/.local/cpython-3.14.7t/lib/python3.14t/test
/usr/bin/install -c -m 644 ./Lib/test/test_unicodedata.py /home/inrack/.local/cpython-3.14.7t/lib/python3.14t/test
/usr/bin/install -c -m 644 ./Lib/test/test_univnewlines.py /home/inrack/.local/cpython-3.14.7t/lib/python3.14t/test
/usr/bin/install -c -m 644 ./Lib/test/test_unpack.py /home/inrack/.local/cpython-3.14.7t/lib/python3.14t/test
/usr/bin/install -c -m 644 ./Lib/test/test_unpack_ex.py /home/inrack/.local/cpython-3.14.7t/lib/python3.14t/test
/usr/bin/install -c -m 644 ./Lib/test/test_unparse.py /home/inrack/.local/cpython-3.14.7t/lib/python3.14t/test
/usr/bin/install -c -m 644 ./Lib/test/test_urllib.py /home/inrack/.local/cpython-3.14.7t/lib/python3.14t/test
/usr/bin/install -c -m 644 ./Lib/test/test_urllib2.py /home/inrack/.local/cpython-3.14.7t/lib/python3.14t/test
/usr/bin/install -c -m 644 ./Lib/test/test_urllib2_localnet.py /home/inrack/.local/cpython-3.14.7t/lib/python3.14t/test
/usr/bin/install -c -m 644 ./Lib/test/test_urllib2net.py /home/inrack/.local/cpython-3.14.7t/lib/python3.14t/test
/usr/bin/install -c -m 644 ./Lib/test/test_urllib_response.py /home/inrack/.local/cpython-3.14.7t/lib/python3.14t/test
/usr/bin/install -c -m 644 ./Lib/test/test_urllibnet.py /home/inrack/.local/cpython-3.14.7t/lib/python3.14t/test
/usr/bin/install -c -m 644 ./Lib/test/test_urlparse.py /home/inrack/.local/cpython-3.14.7t/lib/python3.14t/test
/usr/bin/install -c -m 644 ./Lib/test/test_userdict.py /home/inrack/.local/cpython-3.14.7t/lib/python3.14t/test
/usr/bin/install -c -m 644 ./Lib/test/test_userlist.py /home/inrack/.local/cpython-3.14.7t/lib/python3.14t/test
/usr/bin/install -c -m 644 ./Lib/test/test_userstring.py /home/inrack/.local/cpython-3.14.7t/lib/python3.14t/test
/usr/bin/install -c -m 644 ./Lib/test/test_utf8_mode.py /home/inrack/.local/cpython-3.14.7t/lib/python3.14t/test
/usr/bin/install -c -m 644 ./Lib/test/test_utf8source.py /home/inrack/.local/cpython-3.14.7t/lib/python3.14t/test
/usr/bin/install -c ./Lib/test/test_uuid.py /home/inrack/.local/cpython-3.14.7t/lib/python3.14t/test
/usr/bin/install -c -m 644 ./Lib/test/test_venv.py /home/inrack/.local/cpython-3.14.7t/lib/python3.14t/test
/usr/bin/install -c -m 644 ./Lib/test/test_wait3.py /home/inrack/.local/cpython-3.14.7t/lib/python3.14t/test
/usr/bin/install -c -m 644 ./Lib/test/test_wait4.py /home/inrack/.local/cpython-3.14.7t/lib/python3.14t/test
/usr/bin/install -c -m 644 ./Lib/test/test_wave.py /home/inrack/.local/cpython-3.14.7t/lib/python3.14t/test
/usr/bin/install -c -m 644 ./Lib/test/test_weakref.py /home/inrack/.local/cpython-3.14.7t/lib/python3.14t/test
/usr/bin/install -c -m 644 ./Lib/test/test_weakset.py /home/inrack/.local/cpython-3.14.7t/lib/python3.14t/test
/usr/bin/install -c -m 644 ./Lib/test/test_webbrowser.py /home/inrack/.local/cpython-3.14.7t/lib/python3.14t/test
/usr/bin/install -c -m 644 ./Lib/test/test_winapi.py /home/inrack/.local/cpython-3.14.7t/lib/python3.14t/test
/usr/bin/install -c -m 644 ./Lib/test/test_winconsoleio.py /home/inrack/.local/cpython-3.14.7t/lib/python3.14t/test
/usr/bin/install -c -m 644 ./Lib/test/test_winreg.py /home/inrack/.local/cpython-3.14.7t/lib/python3.14t/test
/usr/bin/install -c -m 644 ./Lib/test/test_winsound.py /home/inrack/.local/cpython-3.14.7t/lib/python3.14t/test
/usr/bin/install -c -m 644 ./Lib/test/test_with.py /home/inrack/.local/cpython-3.14.7t/lib/python3.14t/test
/usr/bin/install -c -m 644 ./Lib/test/test_wmi.py /home/inrack/.local/cpython-3.14.7t/lib/python3.14t/test
/usr/bin/install -c -m 644 ./Lib/test/test_wsgiref.py /home/inrack/.local/cpython-3.14.7t/lib/python3.14t/test
/usr/bin/install -c -m 644 ./Lib/test/test_xml_dom_minicompat.py /home/inrack/.local/cpython-3.14.7t/lib/python3.14t/test
/usr/bin/install -c -m 644 ./Lib/test/test_xml_dom_xmlbuilder.py /home/inrack/.local/cpython-3.14.7t/lib/python3.14t/test
/usr/bin/install -c -m 644 ./Lib/test/test_xml_etree.py /home/inrack/.local/cpython-3.14.7t/lib/python3.14t/test
/usr/bin/install -c -m 644 ./Lib/test/test_xml_etree_c.py /home/inrack/.local/cpython-3.14.7t/lib/python3.14t/test
/usr/bin/install -c -m 644 ./Lib/test/test_xmlrpc.py /home/inrack/.local/cpython-3.14.7t/lib/python3.14t/test
/usr/bin/install -c -m 644 ./Lib/test/test_xpickle.py /home/inrack/.local/cpython-3.14.7t/lib/python3.14t/test
/usr/bin/install -c -m 644 ./Lib/test/test_xxlimited.py /home/inrack/.local/cpython-3.14.7t/lib/python3.14t/test
/usr/bin/install -c -m 644 ./Lib/test/test_xxtestfuzz.py /home/inrack/.local/cpython-3.14.7t/lib/python3.14t/test
/usr/bin/install -c -m 644 ./Lib/test/test_yield_from.py /home/inrack/.local/cpython-3.14.7t/lib/python3.14t/test
/usr/bin/install -c -m 644 ./Lib/test/test_zipapp.py /home/inrack/.local/cpython-3.14.7t/lib/python3.14t/test
/usr/bin/install -c -m 644 ./Lib/test/test_zipfile64.py /home/inrack/.local/cpython-3.14.7t/lib/python3.14t/test
/usr/bin/install -c -m 644 ./Lib/test/test_zipimport.py /home/inrack/.local/cpython-3.14.7t/lib/python3.14t/test
/usr/bin/install -c -m 644 ./Lib/test/test_zipimport_support.py /home/inrack/.local/cpython-3.14.7t/lib/python3.14t/test
/usr/bin/install -c -m 644 ./Lib/test/test_zlib.py /home/inrack/.local/cpython-3.14.7t/lib/python3.14t/test
/usr/bin/install -c -m 644 ./Lib/test/test_zstd.py /home/inrack/.local/cpython-3.14.7t/lib/python3.14t/test
/usr/bin/install -c -m 644 ./Lib/test/testcodec.py /home/inrack/.local/cpython-3.14.7t/lib/python3.14t/test
/usr/bin/install -c -m 644 ./Lib/test/tf_inherit_check.py /home/inrack/.local/cpython-3.14.7t/lib/python3.14t/test
/usr/bin/install -c -m 644 ./Lib/test/win_console_handler.py /home/inrack/.local/cpython-3.14.7t/lib/python3.14t/test
/usr/bin/install -c -m 644 ./Lib/test/xmltests.py /home/inrack/.local/cpython-3.14.7t/lib/python3.14t/test
/usr/bin/install -c -m 644 ./Lib/test/xpickle_worker.py /home/inrack/.local/cpython-3.14.7t/lib/python3.14t/test
/usr/bin/install -c -m 644 ./Lib/test/test_ast/__init__.py /home/inrack/.local/cpython-3.14.7t/lib/python3.14t/test/test_ast
/usr/bin/install -c -m 644 ./Lib/test/test_ast/snippets.py /home/inrack/.local/cpython-3.14.7t/lib/python3.14t/test/test_ast
/usr/bin/install -c -m 644 ./Lib/test/test_ast/test_ast.py /home/inrack/.local/cpython-3.14.7t/lib/python3.14t/test/test_ast
/usr/bin/install -c -m 644 ./Lib/test/test_ast/utils.py /home/inrack/.local/cpython-3.14.7t/lib/python3.14t/test/test_ast
/usr/bin/install -c -m 644 ./Lib/test/test_ast/data/ast_repr.txt /home/inrack/.local/cpython-3.14.7t/lib/python3.14t/test/test_ast/data
/usr/bin/install -c -m 644 ./Lib/test/archivetestdata/README.md /home/inrack/.local/cpython-3.14.7t/lib/python3.14t/test/archivetestdata
/usr/bin/install -c ./Lib/test/archivetestdata/exe_with_z64 /home/inrack/.local/cpython-3.14.7t/lib/python3.14t/test/archivetestdata
/usr/bin/install -c ./Lib/test/archivetestdata/exe_with_zip /home/inrack/.local/cpython-3.14.7t/lib/python3.14t/test/archivetestdata
/usr/bin/install -c ./Lib/test/archivetestdata/header.sh /home/inrack/.local/cpython-3.14.7t/lib/python3.14t/test/archivetestdata
/usr/bin/install -c -m 644 ./Lib/test/archivetestdata/recursion.tar /home/inrack/.local/cpython-3.14.7t/lib/python3.14t/test/archivetestdata
/usr/bin/install -c -m 644 ./Lib/test/archivetestdata/testdata_module_inside_zip.py /home/inrack/.local/cpython-3.14.7t/lib/python3.14t/test/archivetestdata
/usr/bin/install -c -m 644 ./Lib/test/archivetestdata/testtar.tar /home/inrack/.local/cpython-3.14.7t/lib/python3.14t/test/archivetestdata
/usr/bin/install -c -m 644 ./Lib/test/archivetestdata/testtar.tar.xz /home/inrack/.local/cpython-3.14.7t/lib/python3.14t/test/archivetestdata
/usr/bin/install -c -m 644 ./Lib/test/archivetestdata/zip_cp437_header.zip /home/inrack/.local/cpython-3.14.7t/lib/python3.14t/test/archivetestdata
/usr/bin/install -c -m 644 ./Lib/test/archivetestdata/zipdir.zip /home/inrack/.local/cpython-3.14.7t/lib/python3.14t/test/archivetestdata
/usr/bin/install -c -m 644 ./Lib/test/archivetestdata/zipdir_backslash.zip /home/inrack/.local/cpython-3.14.7t/lib/python3.14t/test/archivetestdata
/usr/bin/install -c -m 644 ./Lib/test/audiodata/pluck-pcm16.wav /home/inrack/.local/cpython-3.14.7t/lib/python3.14t/test/audiodata
/usr/bin/install -c -m 644 ./Lib/test/audiodata/pluck-pcm24-ext.wav /home/inrack/.local/cpython-3.14.7t/lib/python3.14t/test/audiodata
/usr/bin/install -c -m 644 ./Lib/test/audiodata/pluck-pcm24.wav /home/inrack/.local/cpython-3.14.7t/lib/python3.14t/test/audiodata
/usr/bin/install -c -m 644 ./Lib/test/audiodata/pluck-pcm32.wav /home/inrack/.local/cpython-3.14.7t/lib/python3.14t/test/audiodata
/usr/bin/install -c -m 644 ./Lib/test/audiodata/pluck-pcm8.wav /home/inrack/.local/cpython-3.14.7t/lib/python3.14t/test/audiodata
/usr/bin/install -c -m 644 ./Lib/test/certdata/allsans.pem /home/inrack/.local/cpython-3.14.7t/lib/python3.14t/test/certdata
/usr/bin/install -c -m 644 ./Lib/test/certdata/badcert.pem /home/inrack/.local/cpython-3.14.7t/lib/python3.14t/test/certdata
/usr/bin/install -c -m 644 ./Lib/test/certdata/badkey.pem /home/inrack/.local/cpython-3.14.7t/lib/python3.14t/test/certdata
/usr/bin/install -c -m 644 ./Lib/test/certdata/cert3.pem /home/inrack/.local/cpython-3.14.7t/lib/python3.14t/test/certdata
/usr/bin/install -c -m 644 ./Lib/test/certdata/ffdh3072.pem /home/inrack/.local/cpython-3.14.7t/lib/python3.14t/test/certdata
/usr/bin/install -c -m 644 ./Lib/test/certdata/idnsans.pem /home/inrack/.local/cpython-3.14.7t/lib/python3.14t/test/certdata
/usr/bin/install -c -m 644 ./Lib/test/certdata/keycert.passwd.pem /home/inrack/.local/cpython-3.14.7t/lib/python3.14t/test/certdata
/usr/bin/install -c -m 644 ./Lib/test/certdata/keycert.pem /home/inrack/.local/cpython-3.14.7t/lib/python3.14t/test/certdata
/usr/bin/install -c -m 644 ./Lib/test/certdata/keycert.pem.reference /home/inrack/.local/cpython-3.14.7t/lib/python3.14t/test/certdata
/usr/bin/install -c -m 644 ./Lib/test/certdata/keycert2.pem /home/inrack/.local/cpython-3.14.7t/lib/python3.14t/test/certdata
/usr/bin/install -c -m 644 ./Lib/test/certdata/keycert3.pem /home/inrack/.local/cpython-3.14.7t/lib/python3.14t/test/certdata
/usr/bin/install -c -m 644 ./Lib/test/certdata/keycert3.pem.reference /home/inrack/.local/cpython-3.14.7t/lib/python3.14t/test/certdata
/usr/bin/install -c -m 644 ./Lib/test/certdata/keycert4.pem /home/inrack/.local/cpython-3.14.7t/lib/python3.14t/test/certdata
/usr/bin/install -c -m 644 ./Lib/test/certdata/keycertecc.pem /home/inrack/.local/cpython-3.14.7t/lib/python3.14t/test/certdata
/usr/bin/install -c -m 644 ./Lib/test/certdata/leaf-missing-aki.ca.pem /home/inrack/.local/cpython-3.14.7t/lib/python3.14t/test/certdata
/usr/bin/install -c -m 644 ./Lib/test/certdata/leaf-missing-aki.keycert.pem /home/inrack/.local/cpython-3.14.7t/lib/python3.14t/test/certdata
/usr/bin/install -c -m 644 ./Lib/test/certdata/make_ssl_certs.py /home/inrack/.local/cpython-3.14.7t/lib/python3.14t/test/certdata
/usr/bin/install -c -m 644 ./Lib/test/certdata/nokia.pem /home/inrack/.local/cpython-3.14.7t/lib/python3.14t/test/certdata
/usr/bin/install -c -m 644 ./Lib/test/certdata/nosan.pem /home/inrack/.local/cpython-3.14.7t/lib/python3.14t/test/certdata
/usr/bin/install -c -m 644 ./Lib/test/certdata/nullbytecert.pem /home/inrack/.local/cpython-3.14.7t/lib/python3.14t/test/certdata
/usr/bin/install -c -m 644 ./Lib/test/certdata/nullcert.pem /home/inrack/.local/cpython-3.14.7t/lib/python3.14t/test/certdata
/usr/bin/install -c -m 644 ./Lib/test/certdata/pycacert.pem /home/inrack/.local/cpython-3.14.7t/lib/python3.14t/test/certdata
/usr/bin/install -c -m 644 ./Lib/test/certdata/pycakey.pem /home/inrack/.local/cpython-3.14.7t/lib/python3.14t/test/certdata
/usr/bin/install -c -m 644 ./Lib/test/certdata/revocation.crl /home/inrack/.local/cpython-3.14.7t/lib/python3.14t/test/certdata
/usr/bin/install -c -m 644 ./Lib/test/certdata/secp384r1.pem /home/inrack/.local/cpython-3.14.7t/lib/python3.14t/test/certdata
/usr/bin/install -c -m 644 ./Lib/test/certdata/selfsigned_pythontestdotnet.pem /home/inrack/.local/cpython-3.14.7t/lib/python3.14t/test/certdata
/usr/bin/install -c -m 644 ./Lib/test/certdata/ssl_cert.pem /home/inrack/.local/cpython-3.14.7t/lib/python3.14t/test/certdata
/usr/bin/install -c -m 644 ./Lib/test/certdata/ssl_key.passwd.pem /home/inrack/.local/cpython-3.14.7t/lib/python3.14t/test/certdata
/usr/bin/install -c -m 644 ./Lib/test/certdata/ssl_key.pem /home/inrack/.local/cpython-3.14.7t/lib/python3.14t/test/certdata
/usr/bin/install -c -m 644 ./Lib/test/certdata/talos-2019-0758.pem /home/inrack/.local/cpython-3.14.7t/lib/python3.14t/test/certdata
/usr/bin/install -c -m 644 ./Lib/test/certdata/capath/4e1295a3.0 /home/inrack/.local/cpython-3.14.7t/lib/python3.14t/test/certdata/capath
/usr/bin/install -c -m 644 ./Lib/test/certdata/capath/5ed36f99.0 /home/inrack/.local/cpython-3.14.7t/lib/python3.14t/test/certdata/capath
/usr/bin/install -c -m 644 ./Lib/test/certdata/capath/6e88d7b8.0 /home/inrack/.local/cpython-3.14.7t/lib/python3.14t/test/certdata/capath
/usr/bin/install -c -m 644 ./Lib/test/certdata/capath/99d0fa06.0 /home/inrack/.local/cpython-3.14.7t/lib/python3.14t/test/certdata/capath
/usr/bin/install -c -m 644 ./Lib/test/certdata/capath/b1930218.0 /home/inrack/.local/cpython-3.14.7t/lib/python3.14t/test/certdata/capath
/usr/bin/install -c -m 644 ./Lib/test/certdata/capath/ceff1710.0 /home/inrack/.local/cpython-3.14.7t/lib/python3.14t/test/certdata/capath
/usr/bin/install -c -m 644 ./Lib/test/cjkencodings/big5-utf8.txt /home/inrack/.local/cpython-3.14.7t/lib/python3.14t/test/cjkencodings
/usr/bin/install -c -m 644 ./Lib/test/cjkencodings/big5.txt /home/inrack/.local/cpython-3.14.7t/lib/python3.14t/test/cjkencodings
/usr/bin/install -c -m 644 ./Lib/test/cjkencodings/big5hkscs-utf8.txt /home/inrack/.local/cpython-3.14.7t/lib/python3.14t/test/cjkencodings
/usr/bin/install -c -m 644 ./Lib/test/cjkencodings/big5hkscs.txt /home/inrack/.local/cpython-3.14.7t/lib/python3.14t/test/cjkencodings
/usr/bin/install -c -m 644 ./Lib/test/cjkencodings/cp949-utf8.txt /home/inrack/.local/cpython-3.14.7t/lib/python3.14t/test/cjkencodings
/usr/bin/install -c -m 644 ./Lib/test/cjkencodings/cp949.txt /home/inrack/.local/cpython-3.14.7t/lib/python3.14t/test/cjkencodings
/usr/bin/install -c -m 644 ./Lib/test/cjkencodings/euc_jisx0213-utf8.txt /home/inrack/.local/cpython-3.14.7t/lib/python3.14t/test/cjkencodings
/usr/bin/install -c -m 644 ./Lib/test/cjkencodings/euc_jisx0213.txt /home/inrack/.local/cpython-3.14.7t/lib/python3.14t/test/cjkencodings
/usr/bin/install -c -m 644 ./Lib/test/cjkencodings/euc_jp-utf8.txt /home/inrack/.local/cpython-3.14.7t/lib/python3.14t/test/cjkencodings
/usr/bin/install -c -m 644 ./Lib/test/cjkencodings/euc_jp.txt /home/inrack/.local/cpython-3.14.7t/lib/python3.14t/test/cjkencodings
/usr/bin/install -c -m 644 ./Lib/test/cjkencodings/euc_kr-utf8.txt /home/inrack/.local/cpython-3.14.7t/lib/python3.14t/test/cjkencodings
/usr/bin/install -c -m 644 ./Lib/test/cjkencodings/euc_kr.txt /home/inrack/.local/cpython-3.14.7t/lib/python3.14t/test/cjkencodings
/usr/bin/install -c -m 644 ./Lib/test/cjkencodings/gb18030-utf8.txt /home/inrack/.local/cpython-3.14.7t/lib/python3.14t/test/cjkencodings
/usr/bin/install -c -m 644 ./Lib/test/cjkencodings/gb18030.txt /home/inrack/.local/cpython-3.14.7t/lib/python3.14t/test/cjkencodings
/usr/bin/install -c -m 644 ./Lib/test/cjkencodings/gb2312-utf8.txt /home/inrack/.local/cpython-3.14.7t/lib/python3.14t/test/cjkencodings
/usr/bin/install -c -m 644 ./Lib/test/cjkencodings/gb2312.txt /home/inrack/.local/cpython-3.14.7t/lib/python3.14t/test/cjkencodings
/usr/bin/install -c -m 644 ./Lib/test/cjkencodings/gbk-utf8.txt /home/inrack/.local/cpython-3.14.7t/lib/python3.14t/test/cjkencodings
/usr/bin/install -c -m 644 ./Lib/test/cjkencodings/gbk.txt /home/inrack/.local/cpython-3.14.7t/lib/python3.14t/test/cjkencodings
/usr/bin/install -c -m 644 ./Lib/test/cjkencodings/hz-utf8.txt /home/inrack/.local/cpython-3.14.7t/lib/python3.14t/test/cjkencodings
/usr/bin/install -c -m 644 ./Lib/test/cjkencodings/hz.txt /home/inrack/.local/cpython-3.14.7t/lib/python3.14t/test/cjkencodings
/usr/bin/install -c -m 644 ./Lib/test/cjkencodings/iso2022_jp-utf8.txt /home/inrack/.local/cpython-3.14.7t/lib/python3.14t/test/cjkencodings
/usr/bin/install -c -m 644 ./Lib/test/cjkencodings/iso2022_jp.txt /home/inrack/.local/cpython-3.14.7t/lib/python3.14t/test/cjkencodings
/usr/bin/install -c -m 644 ./Lib/test/cjkencodings/iso2022_kr-utf8.txt /home/inrack/.local/cpython-3.14.7t/lib/python3.14t/test/cjkencodings
/usr/bin/install -c -m 644 ./Lib/test/cjkencodings/iso2022_kr.txt /home/inrack/.local/cpython-3.14.7t/lib/python3.14t/test/cjkencodings
/usr/bin/install -c -m 644 ./Lib/test/cjkencodings/johab-utf8.txt /home/inrack/.local/cpython-3.14.7t/lib/python3.14t/test/cjkencodings
/usr/bin/install -c -m 644 ./Lib/test/cjkencodings/johab.txt /home/inrack/.local/cpython-3.14.7t/lib/python3.14t/test/cjkencodings
/usr/bin/install -c -m 644 ./Lib/test/cjkencodings/shift_jis-utf8.txt /home/inrack/.local/cpython-3.14.7t/lib/python3.14t/test/cjkencodings
/usr/bin/install -c -m 644 ./Lib/test/cjkencodings/shift_jis.txt /home/inrack/.local/cpython-3.14.7t/lib/python3.14t/test/cjkencodings
/usr/bin/install -c -m 644 ./Lib/test/cjkencodings/shift_jisx0213-utf8.txt /home/inrack/.local/cpython-3.14.7t/lib/python3.14t/test/cjkencodings
/usr/bin/install -c -m 644 ./Lib/test/cjkencodings/shift_jisx0213.txt /home/inrack/.local/cpython-3.14.7t/lib/python3.14t/test/cjkencodings
/usr/bin/install -c -m 644 ./Lib/test/configdata/cfgparser.1 /home/inrack/.local/cpython-3.14.7t/lib/python3.14t/test/configdata
/usr/bin/install -c -m 644 ./Lib/test/configdata/cfgparser.2 /home/inrack/.local/cpython-3.14.7t/lib/python3.14t/test/configdata
/usr/bin/install -c -m 644 ./Lib/test/configdata/cfgparser.3 /home/inrack/.local/cpython-3.14.7t/lib/python3.14t/test/configdata
/usr/bin/install -c -m 644 ./Lib/test/crashers/README /home/inrack/.local/cpython-3.14.7t/lib/python3.14t/test/crashers
/usr/bin/install -c -m 644 ./Lib/test/crashers/bogus_code_obj.py /home/inrack/.local/cpython-3.14.7t/lib/python3.14t/test/crashers
/usr/bin/install -c -m 644 ./Lib/test/crashers/gc_inspection.py /home/inrack/.local/cpython-3.14.7t/lib/python3.14t/test/crashers
/usr/bin/install -c -m 644 ./Lib/test/crashers/infinite_loop_re.py /home/inrack/.local/cpython-3.14.7t/lib/python3.14t/test/crashers
/usr/bin/install -c -m 644 ./Lib/test/crashers/mutation_inside_cyclegc.py /home/inrack/.local/cpython-3.14.7t/lib/python3.14t/test/crashers
/usr/bin/install -c ./Lib/test/crashers/recursive_call.py /home/inrack/.local/cpython-3.14.7t/lib/python3.14t/test/crashers
/usr/bin/install -c -m 644 ./Lib/test/crashers/trace_at_recursion_limit.py /home/inrack/.local/cpython-3.14.7t/lib/python3.14t/test/crashers
/usr/bin/install -c -m 644 ./Lib/test/crashers/underlying_dict.py /home/inrack/.local/cpython-3.14.7t/lib/python3.14t/test/crashers
/usr/bin/install -c -m 644 ./Lib/test/data/README /home/inrack/.local/cpython-3.14.7t/lib/python3.14t/test/data
/usr/bin/install -c -m 644 ./Lib/test/decimaltestdata/abs.decTest /home/inrack/.local/cpython-3.14.7t/lib/python3.14t/test/decimaltestdata
/usr/bin/install -c -m 644 ./Lib/test/decimaltestdata/add.decTest /home/inrack/.local/cpython-3.14.7t/lib/python3.14t/test/decimaltestdata
/usr/bin/install -c -m 644 ./Lib/test/decimaltestdata/and.decTest /home/inrack/.local/cpython-3.14.7t/lib/python3.14t/test/decimaltestdata
/usr/bin/install -c -m 644 ./Lib/test/decimaltestdata/base.decTest /home/inrack/.local/cpython-3.14.7t/lib/python3.14t/test/decimaltestdata
/usr/bin/install -c -m 644 ./Lib/test/decimaltestdata/clamp.decTest /home/inrack/.local/cpython-3.14.7t/lib/python3.14t/test/decimaltestdata
/usr/bin/install -c -m 644 ./Lib/test/decimaltestdata/class.decTest /home/inrack/.local/cpython-3.14.7t/lib/python3.14t/test/decimaltestdata
/usr/bin/install -c -m 644 ./Lib/test/decimaltestdata/compare.decTest /home/inrack/.local/cpython-3.14.7t/lib/python3.14t/test/decimaltestdata
/usr/bin/install -c -m 644 ./Lib/test/decimaltestdata/comparetotal.decTest /home/inrack/.local/cpython-3.14.7t/lib/python3.14t/test/decimaltestdata
/usr/bin/install -c -m 644 ./Lib/test/decimaltestdata/comparetotmag.decTest /home/inrack/.local/cpython-3.14.7t/lib/python3.14t/test/decimaltestdata
/usr/bin/install -c -m 644 ./Lib/test/decimaltestdata/copy.decTest /home/inrack/.local/cpython-3.14.7t/lib/python3.14t/test/decimaltestdata
/usr/bin/install -c -m 644 ./Lib/test/decimaltestdata/copyabs.decTest /home/inrack/.local/cpython-3.14.7t/lib/python3.14t/test/decimaltestdata
/usr/bin/install -c -m 644 ./Lib/test/decimaltestdata/copynegate.decTest /home/inrack/.local/cpython-3.14.7t/lib/python3.14t/test/decimaltestdata
/usr/bin/install -c -m 644 ./Lib/test/decimaltestdata/copysign.decTest /home/inrack/.local/cpython-3.14.7t/lib/python3.14t/test/decimaltestdata
/usr/bin/install -c -m 644 ./Lib/test/decimaltestdata/ddAbs.decTest /home/inrack/.local/cpython-3.14.7t/lib/python3.14t/test/decimaltestdata
/usr/bin/install -c -m 644 ./Lib/test/decimaltestdata/ddAdd.decTest /home/inrack/.local/cpython-3.14.7t/lib/python3.14t/test/decimaltestdata
/usr/bin/install -c -m 644 ./Lib/test/decimaltestdata/ddAnd.decTest /home/inrack/.local/cpython-3.14.7t/lib/python3.14t/test/decimaltestdata
/usr/bin/install -c -m 644 ./Lib/test/decimaltestdata/ddBase.decTest /home/inrack/.local/cpython-3.14.7t/lib/python3.14t/test/decimaltestdata
/usr/bin/install -c -m 644 ./Lib/test/decimaltestdata/ddCanonical.decTest /home/inrack/.local/cpython-3.14.7t/lib/python3.14t/test/decimaltestdata
/usr/bin/install -c -m 644 ./Lib/test/decimaltestdata/ddClass.decTest /home/inrack/.local/cpython-3.14.7t/lib/python3.14t/test/decimaltestdata
/usr/bin/install -c -m 644 ./Lib/test/decimaltestdata/ddCompare.decTest /home/inrack/.local/cpython-3.14.7t/lib/python3.14t/test/decimaltestdata
/usr/bin/install -c -m 644 ./Lib/test/decimaltestdata/ddCompareSig.decTest /home/inrack/.local/cpython-3.14.7t/lib/python3.14t/test/decimaltestdata
/usr/bin/install -c -m 644 ./Lib/test/decimaltestdata/ddCompareTotal.decTest /home/inrack/.local/cpython-3.14.7t/lib/python3.14t/test/decimaltestdata
/usr/bin/install -c -m 644 ./Lib/test/decimaltestdata/ddCompareTotalMag.decTest /home/inrack/.local/cpython-3.14.7t/lib/python3.14t/test/decimaltestdata
/usr/bin/install -c -m 644 ./Lib/test/decimaltestdata/ddCopy.decTest /home/inrack/.local/cpython-3.14.7t/lib/python3.14t/test/decimaltestdata
/usr/bin/install -c -m 644 ./Lib/test/decimaltestdata/ddCopyAbs.decTest /home/inrack/.local/cpython-3.14.7t/lib/python3.14t/test/decimaltestdata
/usr/bin/install -c -m 644 ./Lib/test/decimaltestdata/ddCopyNegate.decTest /home/inrack/.local/cpython-3.14.7t/lib/python3.14t/test/decimaltestdata
/usr/bin/install -c -m 644 ./Lib/test/decimaltestdata/ddCopySign.decTest /home/inrack/.local/cpython-3.14.7t/lib/python3.14t/test/decimaltestdata
/usr/bin/install -c -m 644 ./Lib/test/decimaltestdata/ddDivide.decTest /home/inrack/.local/cpython-3.14.7t/lib/python3.14t/test/decimaltestdata
/usr/bin/install -c -m 644 ./Lib/test/decimaltestdata/ddDivideInt.decTest /home/inrack/.local/cpython-3.14.7t/lib/python3.14t/test/decimaltestdata
/usr/bin/install -c -m 644 ./Lib/test/decimaltestdata/ddEncode.decTest /home/inrack/.local/cpython-3.14.7t/lib/python3.14t/test/decimaltestdata
/usr/bin/install -c -m 644 ./Lib/test/decimaltestdata/ddFMA.decTest /home/inrack/.local/cpython-3.14.7t/lib/python3.14t/test/decimaltestdata
/usr/bin/install -c -m 644 ./Lib/test/decimaltestdata/ddInvert.decTest /home/inrack/.local/cpython-3.14.7t/lib/python3.14t/test/decimaltestdata
/usr/bin/install -c -m 644 ./Lib/test/decimaltestdata/ddLogB.decTest /home/inrack/.local/cpython-3.14.7t/lib/python3.14t/test/decimaltestdata
/usr/bin/install -c -m 644 ./Lib/test/decimaltestdata/ddMax.decTest /home/inrack/.local/cpython-3.14.7t/lib/python3.14t/test/decimaltestdata
/usr/bin/install -c -m 644 ./Lib/test/decimaltestdata/ddMaxMag.decTest /home/inrack/.local/cpython-3.14.7t/lib/python3.14t/test/decimaltestdata
/usr/bin/install -c -m 644 ./Lib/test/decimaltestdata/ddMin.decTest /home/inrack/.local/cpython-3.14.7t/lib/python3.14t/test/decimaltestdata
/usr/bin/install -c -m 644 ./Lib/test/decimaltestdata/ddMinMag.decTest /home/inrack/.local/cpython-3.14.7t/lib/python3.14t/test/decimaltestdata
/usr/bin/install -c -m 644 ./Lib/test/decimaltestdata/ddMinus.decTest /home/inrack/.local/cpython-3.14.7t/lib/python3.14t/test/decimaltestdata
/usr/bin/install -c -m 644 ./Lib/test/decimaltestdata/ddMultiply.decTest /home/inrack/.local/cpython-3.14.7t/lib/python3.14t/test/decimaltestdata
/usr/bin/install -c -m 644 ./Lib/test/decimaltestdata/ddNextMinus.decTest /home/inrack/.local/cpython-3.14.7t/lib/python3.14t/test/decimaltestdata
/usr/bin/install -c -m 644 ./Lib/test/decimaltestdata/ddNextPlus.decTest /home/inrack/.local/cpython-3.14.7t/lib/python3.14t/test/decimaltestdata
/usr/bin/install -c -m 644 ./Lib/test/decimaltestdata/ddNextToward.decTest /home/inrack/.local/cpython-3.14.7t/lib/python3.14t/test/decimaltestdata
/usr/bin/install -c -m 644 ./Lib/test/decimaltestdata/ddOr.decTest /home/inrack/.local/cpython-3.14.7t/lib/python3.14t/test/decimaltestdata
/usr/bin/install -c -m 644 ./Lib/test/decimaltestdata/ddPlus.decTest /home/inrack/.local/cpython-3.14.7t/lib/python3.14t/test/decimaltestdata
/usr/bin/install -c -m 644 ./Lib/test/decimaltestdata/ddQuantize.decTest /home/inrack/.local/cpython-3.14.7t/lib/python3.14t/test/decimaltestdata
/usr/bin/install -c -m 644 ./Lib/test/decimaltestdata/ddReduce.decTest /home/inrack/.local/cpython-3.14.7t/lib/python3.14t/test/decimaltestdata
/usr/bin/install -c -m 644 ./Lib/test/decimaltestdata/ddRemainder.decTest /home/inrack/.local/cpython-3.14.7t/lib/python3.14t/test/decimaltestdata
/usr/bin/install -c -m 644 ./Lib/test/decimaltestdata/ddRemainderNear.decTest /home/inrack/.local/cpython-3.14.7t/lib/python3.14t/test/decimaltestdata
/usr/bin/install -c -m 644 ./Lib/test/decimaltestdata/ddRotate.decTest /home/inrack/.local/cpython-3.14.7t/lib/python3.14t/test/decimaltestdata
/usr/bin/install -c -m 644 ./Lib/test/decimaltestdata/ddSameQuantum.decTest /home/inrack/.local/cpython-3.14.7t/lib/python3.14t/test/decimaltestdata
/usr/bin/install -c -m 644 ./Lib/test/decimaltestdata/ddScaleB.decTest /home/inrack/.local/cpython-3.14.7t/lib/python3.14t/test/decimaltestdata
/usr/bin/install -c -m 644 ./Lib/test/decimaltestdata/ddShift.decTest /home/inrack/.local/cpython-3.14.7t/lib/python3.14t/test/decimaltestdata
/usr/bin/install -c -m 644 ./Lib/test/decimaltestdata/ddSubtract.decTest /home/inrack/.local/cpython-3.14.7t/lib/python3.14t/test/decimaltestdata
/usr/bin/install -c -m 644 ./Lib/test/decimaltestdata/ddToIntegral.decTest /home/inrack/.local/cpython-3.14.7t/lib/python3.14t/test/decimaltestdata
/usr/bin/install -c -m 644 ./Lib/test/decimaltestdata/ddXor.decTest /home/inrack/.local/cpython-3.14.7t/lib/python3.14t/test/decimaltestdata
/usr/bin/install -c -m 644 ./Lib/test/decimaltestdata/decDouble.decTest /home/inrack/.local/cpython-3.14.7t/lib/python3.14t/test/decimaltestdata
/usr/bin/install -c -m 644 ./Lib/test/decimaltestdata/decQuad.decTest /home/inrack/.local/cpython-3.14.7t/lib/python3.14t/test/decimaltestdata
/usr/bin/install -c -m 644 ./Lib/test/decimaltestdata/decSingle.decTest /home/inrack/.local/cpython-3.14.7t/lib/python3.14t/test/decimaltestdata
/usr/bin/install -c -m 644 ./Lib/test/decimaltestdata/divide.decTest /home/inrack/.local/cpython-3.14.7t/lib/python3.14t/test/decimaltestdata
/usr/bin/install -c -m 644 ./Lib/test/decimaltestdata/divideint.decTest /home/inrack/.local/cpython-3.14.7t/lib/python3.14t/test/decimaltestdata
/usr/bin/install -c -m 644 ./Lib/test/decimaltestdata/dqAbs.decTest /home/inrack/.local/cpython-3.14.7t/lib/python3.14t/test/decimaltestdata
/usr/bin/install -c -m 644 ./Lib/test/decimaltestdata/dqAdd.decTest /home/inrack/.local/cpython-3.14.7t/lib/python3.14t/test/decimaltestdata
/usr/bin/install -c -m 644 ./Lib/test/decimaltestdata/dqAnd.decTest /home/inrack/.local/cpython-3.14.7t/lib/python3.14t/test/decimaltestdata
/usr/bin/install -c -m 644 ./Lib/test/decimaltestdata/dqBase.decTest /home/inrack/.local/cpython-3.14.7t/lib/python3.14t/test/decimaltestdata
/usr/bin/install -c -m 644 ./Lib/test/decimaltestdata/dqCanonical.decTest /home/inrack/.local/cpython-3.14.7t/lib/python3.14t/test/decimaltestdata
/usr/bin/install -c -m 644 ./Lib/test/decimaltestdata/dqClass.decTest /home/inrack/.local/cpython-3.14.7t/lib/python3.14t/test/decimaltestdata
/usr/bin/install -c -m 644 ./Lib/test/decimaltestdata/dqCompare.decTest /home/inrack/.local/cpython-3.14.7t/lib/python3.14t/test/decimaltestdata
/usr/bin/install -c -m 644 ./Lib/test/decimaltestdata/dqCompareSig.decTest /home/inrack/.local/cpython-3.14.7t/lib/python3.14t/test/decimaltestdata
/usr/bin/install -c -m 644 ./Lib/test/decimaltestdata/dqCompareTotal.decTest /home/inrack/.local/cpython-3.14.7t/lib/python3.14t/test/decimaltestdata
/usr/bin/install -c -m 644 ./Lib/test/decimaltestdata/dqCompareTotalMag.decTest /home/inrack/.local/cpython-3.14.7t/lib/python3.14t/test/decimaltestdata
/usr/bin/install -c -m 644 ./Lib/test/decimaltestdata/dqCopy.decTest /home/inrack/.local/cpython-3.14.7t/lib/python3.14t/test/decimaltestdata
/usr/bin/install -c -m 644 ./Lib/test/decimaltestdata/dqCopyAbs.decTest /home/inrack/.local/cpython-3.14.7t/lib/python3.14t/test/decimaltestdata
/usr/bin/install -c -m 644 ./Lib/test/decimaltestdata/dqCopyNegate.decTest /home/inrack/.local/cpython-3.14.7t/lib/python3.14t/test/decimaltestdata
/usr/bin/install -c -m 644 ./Lib/test/decimaltestdata/dqCopySign.decTest /home/inrack/.local/cpython-3.14.7t/lib/python3.14t/test/decimaltestdata
/usr/bin/install -c -m 644 ./Lib/test/decimaltestdata/dqDivide.decTest /home/inrack/.local/cpython-3.14.7t/lib/python3.14t/test/decimaltestdata
/usr/bin/install -c -m 644 ./Lib/test/decimaltestdata/dqDivideInt.decTest /home/inrack/.local/cpython-3.14.7t/lib/python3.14t/test/decimaltestdata
/usr/bin/install -c -m 644 ./Lib/test/decimaltestdata/dqEncode.decTest /home/inrack/.local/cpython-3.14.7t/lib/python3.14t/test/decimaltestdata
/usr/bin/install -c -m 644 ./Lib/test/decimaltestdata/dqFMA.decTest /home/inrack/.local/cpython-3.14.7t/lib/python3.14t/test/decimaltestdata
/usr/bin/install -c -m 644 ./Lib/test/decimaltestdata/dqInvert.decTest /home/inrack/.local/cpython-3.14.7t/lib/python3.14t/test/decimaltestdata
/usr/bin/install -c -m 644 ./Lib/test/decimaltestdata/dqLogB.decTest /home/inrack/.local/cpython-3.14.7t/lib/python3.14t/test/decimaltestdata
/usr/bin/install -c -m 644 ./Lib/test/decimaltestdata/dqMax.decTest /home/inrack/.local/cpython-3.14.7t/lib/python3.14t/test/decimaltestdata
/usr/bin/install -c -m 644 ./Lib/test/decimaltestdata/dqMaxMag.decTest /home/inrack/.local/cpython-3.14.7t/lib/python3.14t/test/decimaltestdata
/usr/bin/install -c -m 644 ./Lib/test/decimaltestdata/dqMin.decTest /home/inrack/.local/cpython-3.14.7t/lib/python3.14t/test/decimaltestdata
/usr/bin/install -c -m 644 ./Lib/test/decimaltestdata/dqMinMag.decTest /home/inrack/.local/cpython-3.14.7t/lib/python3.14t/test/decimaltestdata
/usr/bin/install -c -m 644 ./Lib/test/decimaltestdata/dqMinus.decTest /home/inrack/.local/cpython-3.14.7t/lib/python3.14t/test/decimaltestdata
/usr/bin/install -c -m 644 ./Lib/test/decimaltestdata/dqMultiply.decTest /home/inrack/.local/cpython-3.14.7t/lib/python3.14t/test/decimaltestdata
/usr/bin/install -c -m 644 ./Lib/test/decimaltestdata/dqNextMinus.decTest /home/inrack/.local/cpython-3.14.7t/lib/python3.14t/test/decimaltestdata
/usr/bin/install -c -m 644 ./Lib/test/decimaltestdata/dqNextPlus.decTest /home/inrack/.local/cpython-3.14.7t/lib/python3.14t/test/decimaltestdata
/usr/bin/install -c -m 644 ./Lib/test/decimaltestdata/dqNextToward.decTest /home/inrack/.local/cpython-3.14.7t/lib/python3.14t/test/decimaltestdata
/usr/bin/install -c -m 644 ./Lib/test/decimaltestdata/dqOr.decTest /home/inrack/.local/cpython-3.14.7t/lib/python3.14t/test/decimaltestdata
/usr/bin/install -c -m 644 ./Lib/test/decimaltestdata/dqPlus.decTest /home/inrack/.local/cpython-3.14.7t/lib/python3.14t/test/decimaltestdata
/usr/bin/install -c -m 644 ./Lib/test/decimaltestdata/dqQuantize.decTest /home/inrack/.local/cpython-3.14.7t/lib/python3.14t/test/decimaltestdata
/usr/bin/install -c -m 644 ./Lib/test/decimaltestdata/dqReduce.decTest /home/inrack/.local/cpython-3.14.7t/lib/python3.14t/test/decimaltestdata
/usr/bin/install -c -m 644 ./Lib/test/decimaltestdata/dqRemainder.decTest /home/inrack/.local/cpython-3.14.7t/lib/python3.14t/test/decimaltestdata
/usr/bin/install -c -m 644 ./Lib/test/decimaltestdata/dqRemainderNear.decTest /home/inrack/.local/cpython-3.14.7t/lib/python3.14t/test/decimaltestdata
/usr/bin/install -c -m 644 ./Lib/test/decimaltestdata/dqRotate.decTest /home/inrack/.local/cpython-3.14.7t/lib/python3.14t/test/decimaltestdata
/usr/bin/install -c -m 644 ./Lib/test/decimaltestdata/dqSameQuantum.decTest /home/inrack/.local/cpython-3.14.7t/lib/python3.14t/test/decimaltestdata
/usr/bin/install -c -m 644 ./Lib/test/decimaltestdata/dqScaleB.decTest /home/inrack/.local/cpython-3.14.7t/lib/python3.14t/test/decimaltestdata
/usr/bin/install -c -m 644 ./Lib/test/decimaltestdata/dqShift.decTest /home/inrack/.local/cpython-3.14.7t/lib/python3.14t/test/decimaltestdata
/usr/bin/install -c -m 644 ./Lib/test/decimaltestdata/dqSubtract.decTest /home/inrack/.local/cpython-3.14.7t/lib/python3.14t/test/decimaltestdata
/usr/bin/install -c -m 644 ./Lib/test/decimaltestdata/dqToIntegral.decTest /home/inrack/.local/cpython-3.14.7t/lib/python3.14t/test/decimaltestdata
/usr/bin/install -c -m 644 ./Lib/test/decimaltestdata/dqXor.decTest /home/inrack/.local/cpython-3.14.7t/lib/python3.14t/test/decimaltestdata
/usr/bin/install -c -m 644 ./Lib/test/decimaltestdata/dsBase.decTest /home/inrack/.local/cpython-3.14.7t/lib/python3.14t/test/decimaltestdata
/usr/bin/install -c -m 644 ./Lib/test/decimaltestdata/dsEncode.decTest /home/inrack/.local/cpython-3.14.7t/lib/python3.14t/test/decimaltestdata
/usr/bin/install -c -m 644 ./Lib/test/decimaltestdata/exp.decTest /home/inrack/.local/cpython-3.14.7t/lib/python3.14t/test/decimaltestdata
/usr/bin/install -c -m 644 ./Lib/test/decimaltestdata/extra.decTest /home/inrack/.local/cpython-3.14.7t/lib/python3.14t/test/decimaltestdata
/usr/bin/install -c -m 644 ./Lib/test/decimaltestdata/fma.decTest /home/inrack/.local/cpython-3.14.7t/lib/python3.14t/test/decimaltestdata
/usr/bin/install -c -m 644 ./Lib/test/decimaltestdata/inexact.decTest /home/inrack/.local/cpython-3.14.7t/lib/python3.14t/test/decimaltestdata
/usr/bin/install -c -m 644 ./Lib/test/decimaltestdata/invert.decTest /home/inrack/.local/cpython-3.14.7t/lib/python3.14t/test/decimaltestdata
/usr/bin/install -c -m 644 ./Lib/test/decimaltestdata/ln.decTest /home/inrack/.local/cpython-3.14.7t/lib/python3.14t/test/decimaltestdata
/usr/bin/install -c -m 644 ./Lib/test/decimaltestdata/log10.decTest /home/inrack/.local/cpython-3.14.7t/lib/python3.14t/test/decimaltestdata
/usr/bin/install -c -m 644 ./Lib/test/decimaltestdata/logb.decTest /home/inrack/.local/cpython-3.14.7t/lib/python3.14t/test/decimaltestdata
/usr/bin/install -c -m 644 ./Lib/test/decimaltestdata/max.decTest /home/inrack/.local/cpython-3.14.7t/lib/python3.14t/test/decimaltestdata
/usr/bin/install -c -m 644 ./Lib/test/decimaltestdata/maxmag.decTest /home/inrack/.local/cpython-3.14.7t/lib/python3.14t/test/decimaltestdata
/usr/bin/install -c -m 644 ./Lib/test/decimaltestdata/min.decTest /home/inrack/.local/cpython-3.14.7t/lib/python3.14t/test/decimaltestdata
/usr/bin/install -c -m 644 ./Lib/test/decimaltestdata/minmag.decTest /home/inrack/.local/cpython-3.14.7t/lib/python3.14t/test/decimaltestdata
/usr/bin/install -c -m 644 ./Lib/test/decimaltestdata/minus.decTest /home/inrack/.local/cpython-3.14.7t/lib/python3.14t/test/decimaltestdata
/usr/bin/install -c -m 644 ./Lib/test/decimaltestdata/multiply.decTest /home/inrack/.local/cpython-3.14.7t/lib/python3.14t/test/decimaltestdata
/usr/bin/install -c -m 644 ./Lib/test/decimaltestdata/nextminus.decTest /home/inrack/.local/cpython-3.14.7t/lib/python3.14t/test/decimaltestdata
/usr/bin/install -c -m 644 ./Lib/test/decimaltestdata/nextplus.decTest /home/inrack/.local/cpython-3.14.7t/lib/python3.14t/test/decimaltestdata
/usr/bin/install -c -m 644 ./Lib/test/decimaltestdata/nexttoward.decTest /home/inrack/.local/cpython-3.14.7t/lib/python3.14t/test/decimaltestdata
/usr/bin/install -c -m 644 ./Lib/test/decimaltestdata/or.decTest /home/inrack/.local/cpython-3.14.7t/lib/python3.14t/test/decimaltestdata
/usr/bin/install -c -m 644 ./Lib/test/decimaltestdata/plus.decTest /home/inrack/.local/cpython-3.14.7t/lib/python3.14t/test/decimaltestdata
/usr/bin/install -c -m 644 ./Lib/test/decimaltestdata/power.decTest /home/inrack/.local/cpython-3.14.7t/lib/python3.14t/test/decimaltestdata
/usr/bin/install -c -m 644 ./Lib/test/decimaltestdata/powersqrt.decTest /home/inrack/.local/cpython-3.14.7t/lib/python3.14t/test/decimaltestdata
/usr/bin/install -c -m 644 ./Lib/test/decimaltestdata/quantize.decTest /home/inrack/.local/cpython-3.14.7t/lib/python3.14t/test/decimaltestdata
/usr/bin/install -c -m 644 ./Lib/test/decimaltestdata/randomBound32.decTest /home/inrack/.local/cpython-3.14.7t/lib/python3.14t/test/decimaltestdata
/usr/bin/install -c -m 644 ./Lib/test/decimaltestdata/randoms.decTest /home/inrack/.local/cpython-3.14.7t/lib/python3.14t/test/decimaltestdata
/usr/bin/install -c -m 644 ./Lib/test/decimaltestdata/reduce.decTest /home/inrack/.local/cpython-3.14.7t/lib/python3.14t/test/decimaltestdata
/usr/bin/install -c -m 644 ./Lib/test/decimaltestdata/remainder.decTest /home/inrack/.local/cpython-3.14.7t/lib/python3.14t/test/decimaltestdata
/usr/bin/install -c -m 644 ./Lib/test/decimaltestdata/remainderNear.decTest /home/inrack/.local/cpython-3.14.7t/lib/python3.14t/test/decimaltestdata
/usr/bin/install -c -m 644 ./Lib/test/decimaltestdata/rescale.decTest /home/inrack/.local/cpython-3.14.7t/lib/python3.14t/test/decimaltestdata
/usr/bin/install -c -m 644 ./Lib/test/decimaltestdata/rotate.decTest /home/inrack/.local/cpython-3.14.7t/lib/python3.14t/test/decimaltestdata
/usr/bin/install -c -m 644 ./Lib/test/decimaltestdata/rounding.decTest /home/inrack/.local/cpython-3.14.7t/lib/python3.14t/test/decimaltestdata
/usr/bin/install -c -m 644 ./Lib/test/decimaltestdata/samequantum.decTest /home/inrack/.local/cpython-3.14.7t/lib/python3.14t/test/decimaltestdata
/usr/bin/install -c -m 644 ./Lib/test/decimaltestdata/scaleb.decTest /home/inrack/.local/cpython-3.14.7t/lib/python3.14t/test/decimaltestdata
/usr/bin/install -c -m 644 ./Lib/test/decimaltestdata/shift.decTest /home/inrack/.local/cpython-3.14.7t/lib/python3.14t/test/decimaltestdata
/usr/bin/install -c -m 644 ./Lib/test/decimaltestdata/squareroot.decTest /home/inrack/.local/cpython-3.14.7t/lib/python3.14t/test/decimaltestdata
/usr/bin/install -c -m 644 ./Lib/test/decimaltestdata/subtract.decTest /home/inrack/.local/cpython-3.14.7t/lib/python3.14t/test/decimaltestdata
/usr/bin/install -c -m 644 ./Lib/test/decimaltestdata/testall.decTest /home/inrack/.local/cpython-3.14.7t/lib/python3.14t/test/decimaltestdata
/usr/bin/install -c -m 644 ./Lib/test/decimaltestdata/tointegral.decTest /home/inrack/.local/cpython-3.14.7t/lib/python3.14t/test/decimaltestdata
/usr/bin/install -c -m 644 ./Lib/test/decimaltestdata/tointegralx.decTest /home/inrack/.local/cpython-3.14.7t/lib/python3.14t/test/decimaltestdata
/usr/bin/install -c -m 644 ./Lib/test/decimaltestdata/xor.decTest /home/inrack/.local/cpython-3.14.7t/lib/python3.14t/test/decimaltestdata
/usr/bin/install -c -m 644 ./Lib/test/dtracedata/assert_usable.d /home/inrack/.local/cpython-3.14.7t/lib/python3.14t/test/dtracedata
/usr/bin/install -c -m 644 ./Lib/test/dtracedata/assert_usable.stp /home/inrack/.local/cpython-3.14.7t/lib/python3.14t/test/dtracedata
/usr/bin/install -c -m 644 ./Lib/test/dtracedata/call_stack.d /home/inrack/.local/cpython-3.14.7t/lib/python3.14t/test/dtracedata
/usr/bin/install -c -m 644 ./Lib/test/dtracedata/call_stack.d.expected /home/inrack/.local/cpython-3.14.7t/lib/python3.14t/test/dtracedata
/usr/bin/install -c -m 644 ./Lib/test/dtracedata/call_stack.py /home/inrack/.local/cpython-3.14.7t/lib/python3.14t/test/dtracedata
/usr/bin/install -c -m 644 ./Lib/test/dtracedata/call_stack.stp /home/inrack/.local/cpython-3.14.7t/lib/python3.14t/test/dtracedata
/usr/bin/install -c -m 644 ./Lib/test/dtracedata/call_stack.stp.expected /home/inrack/.local/cpython-3.14.7t/lib/python3.14t/test/dtracedata
/usr/bin/install -c -m 644 ./Lib/test/dtracedata/gc.d /home/inrack/.local/cpython-3.14.7t/lib/python3.14t/test/dtracedata
/usr/bin/install -c -m 644 ./Lib/test/dtracedata/gc.d.expected /home/inrack/.local/cpython-3.14.7t/lib/python3.14t/test/dtracedata
/usr/bin/install -c -m 644 ./Lib/test/dtracedata/gc.py /home/inrack/.local/cpython-3.14.7t/lib/python3.14t/test/dtracedata
/usr/bin/install -c -m 644 ./Lib/test/dtracedata/gc.stp /home/inrack/.local/cpython-3.14.7t/lib/python3.14t/test/dtracedata
/usr/bin/install -c -m 644 ./Lib/test/dtracedata/gc.stp.expected /home/inrack/.local/cpython-3.14.7t/lib/python3.14t/test/dtracedata
/usr/bin/install -c -m 644 ./Lib/test/dtracedata/instance.py /home/inrack/.local/cpython-3.14.7t/lib/python3.14t/test/dtracedata
/usr/bin/install -c -m 644 ./Lib/test/dtracedata/line.d /home/inrack/.local/cpython-3.14.7t/lib/python3.14t/test/dtracedata
/usr/bin/install -c -m 644 ./Lib/test/dtracedata/line.d.expected /home/inrack/.local/cpython-3.14.7t/lib/python3.14t/test/dtracedata
/usr/bin/install -c -m 644 ./Lib/test/dtracedata/line.py /home/inrack/.local/cpython-3.14.7t/lib/python3.14t/test/dtracedata
/usr/bin/install -c -m 644 ./Lib/test/encoded_modules/__init__.py /home/inrack/.local/cpython-3.14.7t/lib/python3.14t/test/encoded_modules
/usr/bin/install -c -m 644 ./Lib/test/encoded_modules/module_iso_8859_1.py /home/inrack/.local/cpython-3.14.7t/lib/python3.14t/test/encoded_modules
/usr/bin/install -c -m 644 ./Lib/test/encoded_modules/module_koi8_r.py /home/inrack/.local/cpython-3.14.7t/lib/python3.14t/test/encoded_modules
/usr/bin/install -c -m 644 ./Lib/test/leakers/README.txt /home/inrack/.local/cpython-3.14.7t/lib/python3.14t/test/leakers
/usr/bin/install -c -m 644 ./Lib/test/leakers/__init__.py /home/inrack/.local/cpython-3.14.7t/lib/python3.14t/test/leakers
/usr/bin/install -c -m 644 ./Lib/test/leakers/test_ctypes.py /home/inrack/.local/cpython-3.14.7t/lib/python3.14t/test/leakers
/usr/bin/install -c -m 644 ./Lib/test/leakers/test_selftype.py /home/inrack/.local/cpython-3.14.7t/lib/python3.14t/test/leakers
/usr/bin/install -c -m 644 ./Lib/test/libregrtest/__init__.py /home/inrack/.local/cpython-3.14.7t/lib/python3.14t/test/libregrtest
/usr/bin/install -c -m 644 ./Lib/test/libregrtest/cmdline.py /home/inrack/.local/cpython-3.14.7t/lib/python3.14t/test/libregrtest
/usr/bin/install -c -m 644 ./Lib/test/libregrtest/filter.py /home/inrack/.local/cpython-3.14.7t/lib/python3.14t/test/libregrtest
/usr/bin/install -c -m 644 ./Lib/test/libregrtest/findtests.py /home/inrack/.local/cpython-3.14.7t/lib/python3.14t/test/libregrtest
/usr/bin/install -c -m 644 ./Lib/test/libregrtest/logger.py /home/inrack/.local/cpython-3.14.7t/lib/python3.14t/test/libregrtest
/usr/bin/install -c -m 644 ./Lib/test/libregrtest/main.py /home/inrack/.local/cpython-3.14.7t/lib/python3.14t/test/libregrtest
/usr/bin/install -c -m 644 ./Lib/test/libregrtest/mypy.ini /home/inrack/.local/cpython-3.14.7t/lib/python3.14t/test/libregrtest
/usr/bin/install -c -m 644 ./Lib/test/libregrtest/parallel_case.py /home/inrack/.local/cpython-3.14.7t/lib/python3.14t/test/libregrtest
/usr/bin/install -c -m 644 ./Lib/test/libregrtest/pgo.py /home/inrack/.local/cpython-3.14.7t/lib/python3.14t/test/libregrtest
/usr/bin/install -c -m 644 ./Lib/test/libregrtest/refleak.py /home/inrack/.local/cpython-3.14.7t/lib/python3.14t/test/libregrtest
/usr/bin/install -c -m 644 ./Lib/test/libregrtest/result.py /home/inrack/.local/cpython-3.14.7t/lib/python3.14t/test/libregrtest
/usr/bin/install -c -m 644 ./Lib/test/libregrtest/results.py /home/inrack/.local/cpython-3.14.7t/lib/python3.14t/test/libregrtest
/usr/bin/install -c -m 644 ./Lib/test/libregrtest/run_workers.py /home/inrack/.local/cpython-3.14.7t/lib/python3.14t/test/libregrtest
/usr/bin/install -c -m 644 ./Lib/test/libregrtest/runtests.py /home/inrack/.local/cpython-3.14.7t/lib/python3.14t/test/libregrtest
/usr/bin/install -c -m 644 ./Lib/test/libregrtest/save_env.py /home/inrack/.local/cpython-3.14.7t/lib/python3.14t/test/libregrtest
/usr/bin/install -c -m 644 ./Lib/test/libregrtest/setup.py /home/inrack/.local/cpython-3.14.7t/lib/python3.14t/test/libregrtest
/usr/bin/install -c -m 644 ./Lib/test/libregrtest/single.py /home/inrack/.local/cpython-3.14.7t/lib/python3.14t/test/libregrtest
/usr/bin/install -c -m 644 ./Lib/test/libregrtest/testresult.py /home/inrack/.local/cpython-3.14.7t/lib/python3.14t/test/libregrtest
/usr/bin/install -c -m 644 ./Lib/test/libregrtest/tsan.py /home/inrack/.local/cpython-3.14.7t/lib/python3.14t/test/libregrtest
/usr/bin/install -c -m 644 ./Lib/test/libregrtest/utils.py /home/inrack/.local/cpython-3.14.7t/lib/python3.14t/test/libregrtest
/usr/bin/install -c -m 644 ./Lib/test/libregrtest/win_utils.py /home/inrack/.local/cpython-3.14.7t/lib/python3.14t/test/libregrtest
/usr/bin/install -c -m 644 ./Lib/test/libregrtest/worker.py /home/inrack/.local/cpython-3.14.7t/lib/python3.14t/test/libregrtest
/usr/bin/install -c -m 644 ./Lib/test/mathdata/cmath_testcases.txt /home/inrack/.local/cpython-3.14.7t/lib/python3.14t/test/mathdata
/usr/bin/install -c -m 644 ./Lib/test/mathdata/floating_points.txt /home/inrack/.local/cpython-3.14.7t/lib/python3.14t/test/mathdata
/usr/bin/install -c -m 644 ./Lib/test/mathdata/formatfloat_testcases.txt /home/inrack/.local/cpython-3.14.7t/lib/python3.14t/test/mathdata
/usr/bin/install -c -m 644 ./Lib/test/mathdata/ieee754.txt /home/inrack/.local/cpython-3.14.7t/lib/python3.14t/test/mathdata
/usr/bin/install -c -m 644 ./Lib/test/mathdata/math_testcases.txt /home/inrack/.local/cpython-3.14.7t/lib/python3.14t/test/mathdata
/usr/bin/install -c -m 644 ./Lib/test/regrtestdata/import_from_tests/test_regrtest_a.py /home/inrack/.local/cpython-3.14.7t/lib/python3.14t/test/regrtestdata/import_from_tests
/usr/bin/install -c -m 644 ./Lib/test/regrtestdata/import_from_tests/test_regrtest_c.py /home/inrack/.local/cpython-3.14.7t/lib/python3.14t/test/regrtestdata/import_from_tests
/usr/bin/install -c -m 644 ./Lib/test/regrtestdata/import_from_tests/test_regrtest_b/__init__.py /home/inrack/.local/cpython-3.14.7t/lib/python3.14t/test/regrtestdata/import_from_tests/test_regrtest_b
/usr/bin/install -c -m 644 ./Lib/test/regrtestdata/import_from_tests/test_regrtest_b/util.py /home/inrack/.local/cpython-3.14.7t/lib/python3.14t/test/regrtestdata/import_from_tests/test_regrtest_b
/usr/bin/install -c -m 644 ./Lib/test/subprocessdata/fd_status.py /home/inrack/.local/cpython-3.14.7t/lib/python3.14t/test/subprocessdata
/usr/bin/install -c -m 644 ./Lib/test/subprocessdata/input_reader.py /home/inrack/.local/cpython-3.14.7t/lib/python3.14t/test/subprocessdata
/usr/bin/install -c -m 644 ./Lib/test/subprocessdata/qcat.py /home/inrack/.local/cpython-3.14.7t/lib/python3.14t/test/subprocessdata
/usr/bin/install -c -m 644 ./Lib/test/subprocessdata/qgrep.py /home/inrack/.local/cpython-3.14.7t/lib/python3.14t/test/subprocessdata
/usr/bin/install -c -m 644 ./Lib/test/subprocessdata/sigchild_ignore.py /home/inrack/.local/cpython-3.14.7t/lib/python3.14t/test/subprocessdata
/usr/bin/install -c -m 644 ./Lib/test/support/__init__.py /home/inrack/.local/cpython-3.14.7t/lib/python3.14t/test/support
/usr/bin/install -c -m 644 ./Lib/test/support/ast_helper.py /home/inrack/.local/cpython-3.14.7t/lib/python3.14t/test/support
/usr/bin/install -c -m 644 ./Lib/test/support/asynchat.py /home/inrack/.local/cpython-3.14.7t/lib/python3.14t/test/support
/usr/bin/install -c -m 644 ./Lib/test/support/asyncore.py /home/inrack/.local/cpython-3.14.7t/lib/python3.14t/test/support
/usr/bin/install -c -m 644 ./Lib/test/support/bytecode_helper.py /home/inrack/.local/cpython-3.14.7t/lib/python3.14t/test/support
/usr/bin/install -c -m 644 ./Lib/test/support/channels.py /home/inrack/.local/cpython-3.14.7t/lib/python3.14t/test/support
/usr/bin/install -c -m 644 ./Lib/test/support/hashlib_helper.py /home/inrack/.local/cpython-3.14.7t/lib/python3.14t/test/support
/usr/bin/install -c -m 644 ./Lib/test/support/hypothesis_helper.py /home/inrack/.local/cpython-3.14.7t/lib/python3.14t/test/support
/usr/bin/install -c -m 644 ./Lib/test/support/i18n_helper.py /home/inrack/.local/cpython-3.14.7t/lib/python3.14t/test/support
/usr/bin/install -c -m 644 ./Lib/test/support/import_helper.py /home/inrack/.local/cpython-3.14.7t/lib/python3.14t/test/support
/usr/bin/install -c -m 644 ./Lib/test/support/isolation.py /home/inrack/.local/cpython-3.14.7t/lib/python3.14t/test/support
/usr/bin/install -c -m 644 ./Lib/test/support/logging_helper.py /home/inrack/.local/cpython-3.14.7t/lib/python3.14t/test/support
/usr/bin/install -c -m 644 ./Lib/test/support/numbers.py /home/inrack/.local/cpython-3.14.7t/lib/python3.14t/test/support
/usr/bin/install -c -m 644 ./Lib/test/support/os_helper.py /home/inrack/.local/cpython-3.14.7t/lib/python3.14t/test/support
/usr/bin/install -c -m 644 ./Lib/test/support/pty_helper.py /home/inrack/.local/cpython-3.14.7t/lib/python3.14t/test/support
/usr/bin/install -c -m 644 ./Lib/test/support/refleak_helper.py /home/inrack/.local/cpython-3.14.7t/lib/python3.14t/test/support
/usr/bin/install -c -m 644 ./Lib/test/support/script_helper.py /home/inrack/.local/cpython-3.14.7t/lib/python3.14t/test/support
/usr/bin/install -c ./Lib/test/support/smtpd.py /home/inrack/.local/cpython-3.14.7t/lib/python3.14t/test/support
/usr/bin/install -c -m 644 ./Lib/test/support/socket_helper.py /home/inrack/.local/cpython-3.14.7t/lib/python3.14t/test/support
/usr/bin/install -c -m 644 ./Lib/test/support/strace_helper.py /home/inrack/.local/cpython-3.14.7t/lib/python3.14t/test/support
/usr/bin/install -c -m 644 ./Lib/test/support/subprocess_runner.py /home/inrack/.local/cpython-3.14.7t/lib/python3.14t/test/support
/usr/bin/install -c -m 644 ./Lib/test/support/testcase.py /home/inrack/.local/cpython-3.14.7t/lib/python3.14t/test/support
/usr/bin/install -c -m 644 ./Lib/test/support/threading_helper.py /home/inrack/.local/cpython-3.14.7t/lib/python3.14t/test/support
/usr/bin/install -c -m 644 ./Lib/test/support/venv.py /home/inrack/.local/cpython-3.14.7t/lib/python3.14t/test/support
/usr/bin/install -c -m 644 ./Lib/test/support/warnings_helper.py /home/inrack/.local/cpython-3.14.7t/lib/python3.14t/test/support
/usr/bin/install -c -m 644 ./Lib/test/support/_hypothesis_stubs/__init__.py /home/inrack/.local/cpython-3.14.7t/lib/python3.14t/test/support/_hypothesis_stubs
/usr/bin/install -c -m 644 ./Lib/test/support/_hypothesis_stubs/_helpers.py /home/inrack/.local/cpython-3.14.7t/lib/python3.14t/test/support/_hypothesis_stubs
/usr/bin/install -c -m 644 ./Lib/test/support/_hypothesis_stubs/strategies.py /home/inrack/.local/cpython-3.14.7t/lib/python3.14t/test/support/_hypothesis_stubs
/usr/bin/install -c -m 644 ./Lib/test/test_asyncio/__init__.py /home/inrack/.local/cpython-3.14.7t/lib/python3.14t/test/test_asyncio
/usr/bin/install -c -m 644 ./Lib/test/test_asyncio/__main__.py /home/inrack/.local/cpython-3.14.7t/lib/python3.14t/test/test_asyncio
/usr/bin/install -c -m 644 ./Lib/test/test_asyncio/echo.py /home/inrack/.local/cpython-3.14.7t/lib/python3.14t/test/test_asyncio
/usr/bin/install -c -m 644 ./Lib/test/test_asyncio/echo2.py /home/inrack/.local/cpython-3.14.7t/lib/python3.14t/test/test_asyncio
/usr/bin/install -c -m 644 ./Lib/test/test_asyncio/echo3.py /home/inrack/.local/cpython-3.14.7t/lib/python3.14t/test/test_asyncio
/usr/bin/install -c -m 644 ./Lib/test/test_asyncio/functional.py /home/inrack/.local/cpython-3.14.7t/lib/python3.14t/test/test_asyncio
/usr/bin/install -c -m 644 ./Lib/test/test_asyncio/test_base_events.py /home/inrack/.local/cpython-3.14.7t/lib/python3.14t/test/test_asyncio
/usr/bin/install -c -m 644 ./Lib/test/test_asyncio/test_buffered_proto.py /home/inrack/.local/cpython-3.14.7t/lib/python3.14t/test/test_asyncio
/usr/bin/install -c -m 644 ./Lib/test/test_asyncio/test_context.py /home/inrack/.local/cpython-3.14.7t/lib/python3.14t/test/test_asyncio
/usr/bin/install -c -m 644 ./Lib/test/test_asyncio/test_eager_task_factory.py /home/inrack/.local/cpython-3.14.7t/lib/python3.14t/test/test_asyncio
/usr/bin/install -c -m 644 ./Lib/test/test_asyncio/test_events.py /home/inrack/.local/cpython-3.14.7t/lib/python3.14t/test/test_asyncio
/usr/bin/install -c -m 644 ./Lib/test/test_asyncio/test_free_threading.py /home/inrack/.local/cpython-3.14.7t/lib/python3.14t/test/test_asyncio
/usr/bin/install -c -m 644 ./Lib/test/test_asyncio/test_futures.py /home/inrack/.local/cpython-3.14.7t/lib/python3.14t/test/test_asyncio
/usr/bin/install -c -m 644 ./Lib/test/test_asyncio/test_futures2.py /home/inrack/.local/cpython-3.14.7t/lib/python3.14t/test/test_asyncio
/usr/bin/install -c -m 644 ./Lib/test/test_asyncio/test_graph.py /home/inrack/.local/cpython-3.14.7t/lib/python3.14t/test/test_asyncio
/usr/bin/install -c -m 644 ./Lib/test/test_asyncio/test_locks.py /home/inrack/.local/cpython-3.14.7t/lib/python3.14t/test/test_asyncio
/usr/bin/install -c -m 644 ./Lib/test/test_asyncio/test_pep492.py /home/inrack/.local/cpython-3.14.7t/lib/python3.14t/test/test_asyncio
/usr/bin/install -c -m 644 ./Lib/test/test_asyncio/test_proactor_events.py /home/inrack/.local/cpython-3.14.7t/lib/python3.14t/test/test_asyncio
/usr/bin/install -c -m 644 ./Lib/test/test_asyncio/test_protocols.py /home/inrack/.local/cpython-3.14.7t/lib/python3.14t/test/test_asyncio
/usr/bin/install -c -m 644 ./Lib/test/test_asyncio/test_queues.py /home/inrack/.local/cpython-3.14.7t/lib/python3.14t/test/test_asyncio
/usr/bin/install -c -m 644 ./Lib/test/test_asyncio/test_runners.py /home/inrack/.local/cpython-3.14.7t/lib/python3.14t/test/test_asyncio
/usr/bin/install -c -m 644 ./Lib/test/test_asyncio/test_selector_events.py /home/inrack/.local/cpython-3.14.7t/lib/python3.14t/test/test_asyncio
/usr/bin/install -c -m 644 ./Lib/test/test_asyncio/test_sendfile.py /home/inrack/.local/cpython-3.14.7t/lib/python3.14t/test/test_asyncio
/usr/bin/install -c -m 644 ./Lib/test/test_asyncio/test_server.py /home/inrack/.local/cpython-3.14.7t/lib/python3.14t/test/test_asyncio
/usr/bin/install -c -m 644 ./Lib/test/test_asyncio/test_sock_lowlevel.py /home/inrack/.local/cpython-3.14.7t/lib/python3.14t/test/test_asyncio
/usr/bin/install -c -m 644 ./Lib/test/test_asyncio/test_ssl.py /home/inrack/.local/cpython-3.14.7t/lib/python3.14t/test/test_asyncio
/usr/bin/install -c -m 644 ./Lib/test/test_asyncio/test_sslproto.py /home/inrack/.local/cpython-3.14.7t/lib/python3.14t/test/test_asyncio
/usr/bin/install -c -m 644 ./Lib/test/test_asyncio/test_staggered.py /home/inrack/.local/cpython-3.14.7t/lib/python3.14t/test/test_asyncio
/usr/bin/install -c -m 644 ./Lib/test/test_asyncio/test_streams.py /home/inrack/.local/cpython-3.14.7t/lib/python3.14t/test/test_asyncio
/usr/bin/install -c -m 644 ./Lib/test/test_asyncio/test_subprocess.py /home/inrack/.local/cpython-3.14.7t/lib/python3.14t/test/test_asyncio
/usr/bin/install -c -m 644 ./Lib/test/test_asyncio/test_taskgroups.py /home/inrack/.local/cpython-3.14.7t/lib/python3.14t/test/test_asyncio
/usr/bin/install -c -m 644 ./Lib/test/test_asyncio/test_tasks.py /home/inrack/.local/cpython-3.14.7t/lib/python3.14t/test/test_asyncio
/usr/bin/install -c -m 644 ./Lib/test/test_asyncio/test_threads.py /home/inrack/.local/cpython-3.14.7t/lib/python3.14t/test/test_asyncio
/usr/bin/install -c -m 644 ./Lib/test/test_asyncio/test_timeouts.py /home/inrack/.local/cpython-3.14.7t/lib/python3.14t/test/test_asyncio
/usr/bin/install -c -m 644 ./Lib/test/test_asyncio/test_tools.py /home/inrack/.local/cpython-3.14.7t/lib/python3.14t/test/test_asyncio
/usr/bin/install -c -m 644 ./Lib/test/test_asyncio/test_transports.py /home/inrack/.local/cpython-3.14.7t/lib/python3.14t/test/test_asyncio
/usr/bin/install -c -m 644 ./Lib/test/test_asyncio/test_unix_events.py /home/inrack/.local/cpython-3.14.7t/lib/python3.14t/test/test_asyncio
/usr/bin/install -c -m 644 ./Lib/test/test_asyncio/test_waitfor.py /home/inrack/.local/cpython-3.14.7t/lib/python3.14t/test/test_asyncio
/usr/bin/install -c -m 644 ./Lib/test/test_asyncio/test_windows_events.py /home/inrack/.local/cpython-3.14.7t/lib/python3.14t/test/test_asyncio
/usr/bin/install -c -m 644 ./Lib/test/test_asyncio/test_windows_utils.py /home/inrack/.local/cpython-3.14.7t/lib/python3.14t/test/test_asyncio
/usr/bin/install -c -m 644 ./Lib/test/test_asyncio/utils.py /home/inrack/.local/cpython-3.14.7t/lib/python3.14t/test/test_asyncio
/usr/bin/install -c -m 644 ./Lib/test/test_capi/__init__.py /home/inrack/.local/cpython-3.14.7t/lib/python3.14t/test/test_capi
/usr/bin/install -c -m 644 ./Lib/test/test_capi/__main__.py /home/inrack/.local/cpython-3.14.7t/lib/python3.14t/test/test_capi
/usr/bin/install -c -m 644 ./Lib/test/test_capi/check_config.py /home/inrack/.local/cpython-3.14.7t/lib/python3.14t/test/test_capi
/usr/bin/install -c -m 644 ./Lib/test/test_capi/test_abstract.py /home/inrack/.local/cpython-3.14.7t/lib/python3.14t/test/test_capi
/usr/bin/install -c -m 644 ./Lib/test/test_capi/test_bytearray.py /home/inrack/.local/cpython-3.14.7t/lib/python3.14t/test/test_capi
/usr/bin/install -c -m 644 ./Lib/test/test_capi/test_bytes.py /home/inrack/.local/cpython-3.14.7t/lib/python3.14t/test/test_capi
/usr/bin/install -c -m 644 ./Lib/test/test_capi/test_capsule.py /home/inrack/.local/cpython-3.14.7t/lib/python3.14t/test/test_capi
/usr/bin/install -c -m 644 ./Lib/test/test_capi/test_codecs.py /home/inrack/.local/cpython-3.14.7t/lib/python3.14t/test/test_capi
/usr/bin/install -c -m 644 ./Lib/test/test_capi/test_complex.py /home/inrack/.local/cpython-3.14.7t/lib/python3.14t/test/test_capi
/usr/bin/install -c -m 644 ./Lib/test/test_capi/test_config.py /home/inrack/.local/cpython-3.14.7t/lib/python3.14t/test/test_capi
/usr/bin/install -c -m 644 ./Lib/test/test_capi/test_dict.py /home/inrack/.local/cpython-3.14.7t/lib/python3.14t/test/test_capi
/usr/bin/install -c -m 644 ./Lib/test/test_capi/test_emscripten.py /home/inrack/.local/cpython-3.14.7t/lib/python3.14t/test/test_capi
/usr/bin/install -c -m 644 ./Lib/test/test_capi/test_eval.py /home/inrack/.local/cpython-3.14.7t/lib/python3.14t/test/test_capi
/usr/bin/install -c -m 644 ./Lib/test/test_capi/test_eval_code_ex.py /home/inrack/.local/cpython-3.14.7t/lib/python3.14t/test/test_capi
/usr/bin/install -c -m 644 ./Lib/test/test_capi/test_exceptions.py /home/inrack/.local/cpython-3.14.7t/lib/python3.14t/test/test_capi
/usr/bin/install -c -m 644 ./Lib/test/test_capi/test_file.py /home/inrack/.local/cpython-3.14.7t/lib/python3.14t/test/test_capi
/usr/bin/install -c -m 644 ./Lib/test/test_capi/test_float.py /home/inrack/.local/cpython-3.14.7t/lib/python3.14t/test/test_capi
/usr/bin/install -c -m 644 ./Lib/test/test_capi/test_frame.py /home/inrack/.local/cpython-3.14.7t/lib/python3.14t/test/test_capi
/usr/bin/install -c -m 644 ./Lib/test/test_capi/test_function.py /home/inrack/.local/cpython-3.14.7t/lib/python3.14t/test/test_capi
/usr/bin/install -c -m 644 ./Lib/test/test_capi/test_getargs.py /home/inrack/.local/cpython-3.14.7t/lib/python3.14t/test/test_capi
/usr/bin/install -c -m 644 ./Lib/test/test_capi/test_hash.py /home/inrack/.local/cpython-3.14.7t/lib/python3.14t/test/test_capi
/usr/bin/install -c -m 644 ./Lib/test/test_capi/test_immortal.py /home/inrack/.local/cpython-3.14.7t/lib/python3.14t/test/test_capi
/usr/bin/install -c -m 644 ./Lib/test/test_capi/test_import.py /home/inrack/.local/cpython-3.14.7t/lib/python3.14t/test/test_capi
/usr/bin/install -c -m 644 ./Lib/test/test_capi/test_list.py /home/inrack/.local/cpython-3.14.7t/lib/python3.14t/test/test_capi
/usr/bin/install -c -m 644 ./Lib/test/test_capi/test_long.py /home/inrack/.local/cpython-3.14.7t/lib/python3.14t/test/test_capi
/usr/bin/install -c -m 644 ./Lib/test/test_capi/test_mem.py /home/inrack/.local/cpython-3.14.7t/lib/python3.14t/test/test_capi
/usr/bin/install -c -m 644 ./Lib/test/test_capi/test_misc.py /home/inrack/.local/cpython-3.14.7t/lib/python3.14t/test/test_capi
/usr/bin/install -c -m 644 ./Lib/test/test_capi/test_number.py /home/inrack/.local/cpython-3.14.7t/lib/python3.14t/test/test_capi
/usr/bin/install -c -m 644 ./Lib/test/test_capi/test_object.py /home/inrack/.local/cpython-3.14.7t/lib/python3.14t/test/test_capi
/usr/bin/install -c -m 644 ./Lib/test/test_capi/test_opt.py /home/inrack/.local/cpython-3.14.7t/lib/python3.14t/test/test_capi
/usr/bin/install -c -m 644 ./Lib/test/test_capi/test_pyatomic.py /home/inrack/.local/cpython-3.14.7t/lib/python3.14t/test/test_capi
/usr/bin/install -c -m 644 ./Lib/test/test_capi/test_run.py /home/inrack/.local/cpython-3.14.7t/lib/python3.14t/test/test_capi
/usr/bin/install -c -m 644 ./Lib/test/test_capi/test_set.py /home/inrack/.local/cpython-3.14.7t/lib/python3.14t/test/test_capi
/usr/bin/install -c -m 644 ./Lib/test/test_capi/test_structmembers.py /home/inrack/.local/cpython-3.14.7t/lib/python3.14t/test/test_capi
/usr/bin/install -c -m 644 ./Lib/test/test_capi/test_sys.py /home/inrack/.local/cpython-3.14.7t/lib/python3.14t/test/test_capi
/usr/bin/install -c -m 644 ./Lib/test/test_capi/test_time.py /home/inrack/.local/cpython-3.14.7t/lib/python3.14t/test/test_capi
/usr/bin/install -c -m 644 ./Lib/test/test_capi/test_tuple.py /home/inrack/.local/cpython-3.14.7t/lib/python3.14t/test/test_capi
/usr/bin/install -c -m 644 ./Lib/test/test_capi/test_type.py /home/inrack/.local/cpython-3.14.7t/lib/python3.14t/test/test_capi
/usr/bin/install -c -m 644 ./Lib/test/test_capi/test_unicode.py /home/inrack/.local/cpython-3.14.7t/lib/python3.14t/test/test_capi
/usr/bin/install -c -m 644 ./Lib/test/test_capi/test_watchers.py /home/inrack/.local/cpython-3.14.7t/lib/python3.14t/test/test_capi
/usr/bin/install -c -m 644 ./Lib/test/test_capi/test_weakref.py /home/inrack/.local/cpython-3.14.7t/lib/python3.14t/test/test_capi
/usr/bin/install -c -m 644 ./Lib/test/test_cext/__init__.py /home/inrack/.local/cpython-3.14.7t/lib/python3.14t/test/test_cext
/usr/bin/install -c -m 644 ./Lib/test/test_cext/extension.c /home/inrack/.local/cpython-3.14.7t/lib/python3.14t/test/test_cext
/usr/bin/install -c -m 644 ./Lib/test/test_cext/setup.py /home/inrack/.local/cpython-3.14.7t/lib/python3.14t/test/test_cext
/usr/bin/install -c -m 644 ./Lib/test/test_concurrent_futures/__init__.py /home/inrack/.local/cpython-3.14.7t/lib/python3.14t/test/test_concurrent_futures
/usr/bin/install -c -m 644 ./Lib/test/test_concurrent_futures/executor.py /home/inrack/.local/cpython-3.14.7t/lib/python3.14t/test/test_concurrent_futures
/usr/bin/install -c -m 644 ./Lib/test/test_concurrent_futures/test_as_completed.py /home/inrack/.local/cpython-3.14.7t/lib/python3.14t/test/test_concurrent_futures
/usr/bin/install -c -m 644 ./Lib/test/test_concurrent_futures/test_deadlock.py /home/inrack/.local/cpython-3.14.7t/lib/python3.14t/test/test_concurrent_futures
/usr/bin/install -c -m 644 ./Lib/test/test_concurrent_futures/test_future.py /home/inrack/.local/cpython-3.14.7t/lib/python3.14t/test/test_concurrent_futures
/usr/bin/install -c -m 644 ./Lib/test/test_concurrent_futures/test_init.py /home/inrack/.local/cpython-3.14.7t/lib/python3.14t/test/test_concurrent_futures
/usr/bin/install -c -m 644 ./Lib/test/test_concurrent_futures/test_interpreter_pool.py /home/inrack/.local/cpython-3.14.7t/lib/python3.14t/test/test_concurrent_futures
/usr/bin/install -c -m 644 ./Lib/test/test_concurrent_futures/test_process_pool.py /home/inrack/.local/cpython-3.14.7t/lib/python3.14t/test/test_concurrent_futures
/usr/bin/install -c -m 644 ./Lib/test/test_concurrent_futures/test_shutdown.py /home/inrack/.local/cpython-3.14.7t/lib/python3.14t/test/test_concurrent_futures
/usr/bin/install -c -m 644 ./Lib/test/test_concurrent_futures/test_thread_pool.py /home/inrack/.local/cpython-3.14.7t/lib/python3.14t/test/test_concurrent_futures
/usr/bin/install -c -m 644 ./Lib/test/test_concurrent_futures/test_wait.py /home/inrack/.local/cpython-3.14.7t/lib/python3.14t/test/test_concurrent_futures
/usr/bin/install -c -m 644 ./Lib/test/test_concurrent_futures/util.py /home/inrack/.local/cpython-3.14.7t/lib/python3.14t/test/test_concurrent_futures
/usr/bin/install -c -m 644 ./Lib/test/test_cppext/__init__.py /home/inrack/.local/cpython-3.14.7t/lib/python3.14t/test/test_cppext
/usr/bin/install -c -m 644 ./Lib/test/test_cppext/extension.cpp /home/inrack/.local/cpython-3.14.7t/lib/python3.14t/test/test_cppext
/usr/bin/install -c -m 644 ./Lib/test/test_cppext/setup.py /home/inrack/.local/cpython-3.14.7t/lib/python3.14t/test/test_cppext
/usr/bin/install -c -m 644 ./Lib/test/test_ctypes/__init__.py /home/inrack/.local/cpython-3.14.7t/lib/python3.14t/test/test_ctypes
/usr/bin/install -c -m 644 ./Lib/test/test_ctypes/__main__.py /home/inrack/.local/cpython-3.14.7t/lib/python3.14t/test/test_ctypes
/usr/bin/install -c -m 644 ./Lib/test/test_ctypes/_support.py /home/inrack/.local/cpython-3.14.7t/lib/python3.14t/test/test_ctypes
/usr/bin/install -c -m 644 ./Lib/test/test_ctypes/test_aligned_structures.py /home/inrack/.local/cpython-3.14.7t/lib/python3.14t/test/test_ctypes
/usr/bin/install -c -m 644 ./Lib/test/test_ctypes/test_anon.py /home/inrack/.local/cpython-3.14.7t/lib/python3.14t/test/test_ctypes
/usr/bin/install -c -m 644 ./Lib/test/test_ctypes/test_array_in_pointer.py /home/inrack/.local/cpython-3.14.7t/lib/python3.14t/test/test_ctypes
/usr/bin/install -c -m 644 ./Lib/test/test_ctypes/test_arrays.py /home/inrack/.local/cpython-3.14.7t/lib/python3.14t/test/test_ctypes
/usr/bin/install -c -m 644 ./Lib/test/test_ctypes/test_as_parameter.py /home/inrack/.local/cpython-3.14.7t/lib/python3.14t/test/test_ctypes
/usr/bin/install -c -m 644 ./Lib/test/test_ctypes/test_bitfields.py /home/inrack/.local/cpython-3.14.7t/lib/python3.14t/test/test_ctypes
/usr/bin/install -c -m 644 ./Lib/test/test_ctypes/test_buffers.py /home/inrack/.local/cpython-3.14.7t/lib/python3.14t/test/test_ctypes
/usr/bin/install -c -m 644 ./Lib/test/test_ctypes/test_bytes.py /home/inrack/.local/cpython-3.14.7t/lib/python3.14t/test/test_ctypes
/usr/bin/install -c -m 644 ./Lib/test/test_ctypes/test_byteswap.py /home/inrack/.local/cpython-3.14.7t/lib/python3.14t/test/test_ctypes
/usr/bin/install -c -m 644 ./Lib/test/test_ctypes/test_c_simple_type_meta.py /home/inrack/.local/cpython-3.14.7t/lib/python3.14t/test/test_ctypes
/usr/bin/install -c -m 644 ./Lib/test/test_ctypes/test_callbacks.py /home/inrack/.local/cpython-3.14.7t/lib/python3.14t/test/test_ctypes
/usr/bin/install -c -m 644 ./Lib/test/test_ctypes/test_cast.py /home/inrack/.local/cpython-3.14.7t/lib/python3.14t/test/test_ctypes
/usr/bin/install -c -m 644 ./Lib/test/test_ctypes/test_cfuncs.py /home/inrack/.local/cpython-3.14.7t/lib/python3.14t/test/test_ctypes
/usr/bin/install -c -m 644 ./Lib/test/test_ctypes/test_checkretval.py /home/inrack/.local/cpython-3.14.7t/lib/python3.14t/test/test_ctypes
/usr/bin/install -c -m 644 ./Lib/test/test_ctypes/test_delattr.py /home/inrack/.local/cpython-3.14.7t/lib/python3.14t/test/test_ctypes
/usr/bin/install -c -m 644 ./Lib/test/test_ctypes/test_dlerror.py /home/inrack/.local/cpython-3.14.7t/lib/python3.14t/test/test_ctypes
/usr/bin/install -c -m 644 ./Lib/test/test_ctypes/test_dllist.py /home/inrack/.local/cpython-3.14.7t/lib/python3.14t/test/test_ctypes
/usr/bin/install -c -m 644 ./Lib/test/test_ctypes/test_errno.py /home/inrack/.local/cpython-3.14.7t/lib/python3.14t/test/test_ctypes
/usr/bin/install -c -m 644 ./Lib/test/test_ctypes/test_find.py /home/inrack/.local/cpython-3.14.7t/lib/python3.14t/test/test_ctypes
/usr/bin/install -c -m 644 ./Lib/test/test_ctypes/test_frombuffer.py /home/inrack/.local/cpython-3.14.7t/lib/python3.14t/test/test_ctypes
/usr/bin/install -c -m 644 ./Lib/test/test_ctypes/test_funcptr.py /home/inrack/.local/cpython-3.14.7t/lib/python3.14t/test/test_ctypes
/usr/bin/install -c -m 644 ./Lib/test/test_ctypes/test_functions.py /home/inrack/.local/cpython-3.14.7t/lib/python3.14t/test/test_ctypes
/usr/bin/install -c -m 644 ./Lib/test/test_ctypes/test_generated_structs.py /home/inrack/.local/cpython-3.14.7t/lib/python3.14t/test/test_ctypes
/usr/bin/install -c -m 644 ./Lib/test/test_ctypes/test_incomplete.py /home/inrack/.local/cpython-3.14.7t/lib/python3.14t/test/test_ctypes
/usr/bin/install -c -m 644 ./Lib/test/test_ctypes/test_init.py /home/inrack/.local/cpython-3.14.7t/lib/python3.14t/test/test_ctypes
/usr/bin/install -c -m 644 ./Lib/test/test_ctypes/test_internals.py /home/inrack/.local/cpython-3.14.7t/lib/python3.14t/test/test_ctypes
/usr/bin/install -c -m 644 ./Lib/test/test_ctypes/test_keeprefs.py /home/inrack/.local/cpython-3.14.7t/lib/python3.14t/test/test_ctypes
/usr/bin/install -c -m 644 ./Lib/test/test_ctypes/test_libc.py /home/inrack/.local/cpython-3.14.7t/lib/python3.14t/test/test_ctypes
/usr/bin/install -c -m 644 ./Lib/test/test_ctypes/test_loading.py /home/inrack/.local/cpython-3.14.7t/lib/python3.14t/test/test_ctypes
/usr/bin/install -c -m 644 ./Lib/test/test_ctypes/test_macholib.py /home/inrack/.local/cpython-3.14.7t/lib/python3.14t/test/test_ctypes
/usr/bin/install -c -m 644 ./Lib/test/test_ctypes/test_memfunctions.py /home/inrack/.local/cpython-3.14.7t/lib/python3.14t/test/test_ctypes
/usr/bin/install -c -m 644 ./Lib/test/test_ctypes/test_numbers.py /home/inrack/.local/cpython-3.14.7t/lib/python3.14t/test/test_ctypes
/usr/bin/install -c -m 644 ./Lib/test/test_ctypes/test_objects.py /home/inrack/.local/cpython-3.14.7t/lib/python3.14t/test/test_ctypes
/usr/bin/install -c -m 644 ./Lib/test/test_ctypes/test_parameters.py /home/inrack/.local/cpython-3.14.7t/lib/python3.14t/test/test_ctypes
/usr/bin/install -c -m 644 ./Lib/test/test_ctypes/test_pep3118.py /home/inrack/.local/cpython-3.14.7t/lib/python3.14t/test/test_ctypes
/usr/bin/install -c -m 644 ./Lib/test/test_ctypes/test_pickling.py /home/inrack/.local/cpython-3.14.7t/lib/python3.14t/test/test_ctypes
/usr/bin/install -c -m 644 ./Lib/test/test_ctypes/test_pointers.py /home/inrack/.local/cpython-3.14.7t/lib/python3.14t/test/test_ctypes
/usr/bin/install -c -m 644 ./Lib/test/test_ctypes/test_prototypes.py /home/inrack/.local/cpython-3.14.7t/lib/python3.14t/test/test_ctypes
/usr/bin/install -c -m 644 ./Lib/test/test_ctypes/test_python_api.py /home/inrack/.local/cpython-3.14.7t/lib/python3.14t/test/test_ctypes
/usr/bin/install -c -m 644 ./Lib/test/test_ctypes/test_random_things.py /home/inrack/.local/cpython-3.14.7t/lib/python3.14t/test/test_ctypes
/usr/bin/install -c -m 644 ./Lib/test/test_ctypes/test_refcounts.py /home/inrack/.local/cpython-3.14.7t/lib/python3.14t/test/test_ctypes
/usr/bin/install -c -m 644 ./Lib/test/test_ctypes/test_repr.py /home/inrack/.local/cpython-3.14.7t/lib/python3.14t/test/test_ctypes
/usr/bin/install -c -m 644 ./Lib/test/test_ctypes/test_returnfuncptrs.py /home/inrack/.local/cpython-3.14.7t/lib/python3.14t/test/test_ctypes
/usr/bin/install -c -m 644 ./Lib/test/test_ctypes/test_simplesubclasses.py /home/inrack/.local/cpython-3.14.7t/lib/python3.14t/test/test_ctypes
/usr/bin/install -c -m 644 ./Lib/test/test_ctypes/test_sizes.py /home/inrack/.local/cpython-3.14.7t/lib/python3.14t/test/test_ctypes
/usr/bin/install -c -m 644 ./Lib/test/test_ctypes/test_slicing.py /home/inrack/.local/cpython-3.14.7t/lib/python3.14t/test/test_ctypes
/usr/bin/install -c -m 644 ./Lib/test/test_ctypes/test_stringptr.py /home/inrack/.local/cpython-3.14.7t/lib/python3.14t/test/test_ctypes
/usr/bin/install -c -m 644 ./Lib/test/test_ctypes/test_strings.py /home/inrack/.local/cpython-3.14.7t/lib/python3.14t/test/test_ctypes
/usr/bin/install -c -m 644 ./Lib/test/test_ctypes/test_struct_fields.py /home/inrack/.local/cpython-3.14.7t/lib/python3.14t/test/test_ctypes
/usr/bin/install -c -m 644 ./Lib/test/test_ctypes/test_structunion.py /home/inrack/.local/cpython-3.14.7t/lib/python3.14t/test/test_ctypes
/usr/bin/install -c -m 644 ./Lib/test/test_ctypes/test_structures.py /home/inrack/.local/cpython-3.14.7t/lib/python3.14t/test/test_ctypes
/usr/bin/install -c -m 644 ./Lib/test/test_ctypes/test_unaligned_structures.py /home/inrack/.local/cpython-3.14.7t/lib/python3.14t/test/test_ctypes
/usr/bin/install -c -m 644 ./Lib/test/test_ctypes/test_unicode.py /home/inrack/.local/cpython-3.14.7t/lib/python3.14t/test/test_ctypes
/usr/bin/install -c -m 644 ./Lib/test/test_ctypes/test_values.py /home/inrack/.local/cpython-3.14.7t/lib/python3.14t/test/test_ctypes
/usr/bin/install -c -m 644 ./Lib/test/test_ctypes/test_varsize_struct.py /home/inrack/.local/cpython-3.14.7t/lib/python3.14t/test/test_ctypes
/usr/bin/install -c -m 644 ./Lib/test/test_ctypes/test_win32.py /home/inrack/.local/cpython-3.14.7t/lib/python3.14t/test/test_ctypes
/usr/bin/install -c -m 644 ./Lib/test/test_ctypes/test_win32_com_foreign_func.py /home/inrack/.local/cpython-3.14.7t/lib/python3.14t/test/test_ctypes
/usr/bin/install -c -m 644 ./Lib/test/test_ctypes/test_wintypes.py /home/inrack/.local/cpython-3.14.7t/lib/python3.14t/test/test_ctypes
/usr/bin/install -c -m 644 ./Lib/test/test_dataclasses/__init__.py /home/inrack/.local/cpython-3.14.7t/lib/python3.14t/test/test_dataclasses
/usr/bin/install -c -m 644 ./Lib/test/test_dataclasses/dataclass_module_1.py /home/inrack/.local/cpython-3.14.7t/lib/python3.14t/test/test_dataclasses
/usr/bin/install -c -m 644 ./Lib/test/test_dataclasses/dataclass_module_1_str.py /home/inrack/.local/cpython-3.14.7t/lib/python3.14t/test/test_dataclasses
/usr/bin/install -c -m 644 ./Lib/test/test_dataclasses/dataclass_module_2.py /home/inrack/.local/cpython-3.14.7t/lib/python3.14t/test/test_dataclasses
/usr/bin/install -c -m 644 ./Lib/test/test_dataclasses/dataclass_module_2_str.py /home/inrack/.local/cpython-3.14.7t/lib/python3.14t/test/test_dataclasses
/usr/bin/install -c -m 644 ./Lib/test/test_dataclasses/dataclass_textanno.py /home/inrack/.local/cpython-3.14.7t/lib/python3.14t/test/test_dataclasses
/usr/bin/install -c -m 644 ./Lib/test/test_doctest/__init__.py /home/inrack/.local/cpython-3.14.7t/lib/python3.14t/test/test_doctest
/usr/bin/install -c -m 644 ./Lib/test/test_doctest/decorator_mod.py /home/inrack/.local/cpython-3.14.7t/lib/python3.14t/test/test_doctest
/usr/bin/install -c -m 644 ./Lib/test/test_doctest/doctest_aliases.py /home/inrack/.local/cpython-3.14.7t/lib/python3.14t/test/test_doctest
/usr/bin/install -c -m 644 ./Lib/test/test_doctest/doctest_lineno.py /home/inrack/.local/cpython-3.14.7t/lib/python3.14t/test/test_doctest
/usr/bin/install -c -m 644 ./Lib/test/test_doctest/sample_doctest.py /home/inrack/.local/cpython-3.14.7t/lib/python3.14t/test/test_doctest
/usr/bin/install -c -m 644 ./Lib/test/test_doctest/sample_doctest_errors.py /home/inrack/.local/cpython-3.14.7t/lib/python3.14t/test/test_doctest
/usr/bin/install -c -m 644 ./Lib/test/test_doctest/sample_doctest_no_docstrings.py /home/inrack/.local/cpython-3.14.7t/lib/python3.14t/test/test_doctest
/usr/bin/install -c -m 644 ./Lib/test/test_doctest/sample_doctest_no_doctests.py /home/inrack/.local/cpython-3.14.7t/lib/python3.14t/test/test_doctest
/usr/bin/install -c -m 644 ./Lib/test/test_doctest/sample_doctest_skip.py /home/inrack/.local/cpython-3.14.7t/lib/python3.14t/test/test_doctest
/usr/bin/install -c -m 644 ./Lib/test/test_doctest/test_doctest.py /home/inrack/.local/cpython-3.14.7t/lib/python3.14t/test/test_doctest
/usr/bin/install -c -m 644 ./Lib/test/test_doctest/test_doctest.txt /home/inrack/.local/cpython-3.14.7t/lib/python3.14t/test/test_doctest
/usr/bin/install -c -m 644 ./Lib/test/test_doctest/test_doctest2.py /home/inrack/.local/cpython-3.14.7t/lib/python3.14t/test/test_doctest
/usr/bin/install -c -m 644 ./Lib/test/test_doctest/test_doctest2.txt /home/inrack/.local/cpython-3.14.7t/lib/python3.14t/test/test_doctest
/usr/bin/install -c -m 644 ./Lib/test/test_doctest/test_doctest3.txt /home/inrack/.local/cpython-3.14.7t/lib/python3.14t/test/test_doctest
/usr/bin/install -c -m 644 ./Lib/test/test_doctest/test_doctest4.txt /home/inrack/.local/cpython-3.14.7t/lib/python3.14t/test/test_doctest
/usr/bin/install -c -m 644 ./Lib/test/test_doctest/test_doctest_errors.txt /home/inrack/.local/cpython-3.14.7t/lib/python3.14t/test/test_doctest
/usr/bin/install -c -m 644 ./Lib/test/test_doctest/test_doctest_skip.txt /home/inrack/.local/cpython-3.14.7t/lib/python3.14t/test/test_doctest
/usr/bin/install -c -m 644 ./Lib/test/test_doctest/test_doctest_skip2.txt /home/inrack/.local/cpython-3.14.7t/lib/python3.14t/test/test_doctest
/usr/bin/install -c -m 644 ./Lib/test/test_email/__init__.py /home/inrack/.local/cpython-3.14.7t/lib/python3.14t/test/test_email
/usr/bin/install -c -m 644 ./Lib/test/test_email/__main__.py /home/inrack/.local/cpython-3.14.7t/lib/python3.14t/test/test_email
/usr/bin/install -c -m 644 ./Lib/test/test_email/test__encoded_words.py /home/inrack/.local/cpython-3.14.7t/lib/python3.14t/test/test_email
/usr/bin/install -c -m 644 ./Lib/test/test_email/test__header_value_parser.py /home/inrack/.local/cpython-3.14.7t/lib/python3.14t/test/test_email
/usr/bin/install -c -m 644 ./Lib/test/test_email/test_asian_codecs.py /home/inrack/.local/cpython-3.14.7t/lib/python3.14t/test/test_email
/usr/bin/install -c -m 644 ./Lib/test/test_email/test_contentmanager.py /home/inrack/.local/cpython-3.14.7t/lib/python3.14t/test/test_email
/usr/bin/install -c -m 644 ./Lib/test/test_email/test_defect_handling.py /home/inrack/.local/cpython-3.14.7t/lib/python3.14t/test/test_email
/usr/bin/install -c -m 644 ./Lib/test/test_email/test_email.py /home/inrack/.local/cpython-3.14.7t/lib/python3.14t/test/test_email
/usr/bin/install -c -m 644 ./Lib/test/test_email/test_generator.py /home/inrack/.local/cpython-3.14.7t/lib/python3.14t/test/test_email
/usr/bin/install -c -m 644 ./Lib/test/test_email/test_headerregistry.py /home/inrack/.local/cpython-3.14.7t/lib/python3.14t/test/test_email
/usr/bin/install -c -m 644 ./Lib/test/test_email/test_inversion.py /home/inrack/.local/cpython-3.14.7t/lib/python3.14t/test/test_email
/usr/bin/install -c -m 644 ./Lib/test/test_email/test_message.py /home/inrack/.local/cpython-3.14.7t/lib/python3.14t/test/test_email
/usr/bin/install -c -m 644 ./Lib/test/test_email/test_parser.py /home/inrack/.local/cpython-3.14.7t/lib/python3.14t/test/test_email
/usr/bin/install -c -m 644 ./Lib/test/test_email/test_pickleable.py /home/inrack/.local/cpython-3.14.7t/lib/python3.14t/test/test_email
/usr/bin/install -c -m 644 ./Lib/test/test_email/test_policy.py /home/inrack/.local/cpython-3.14.7t/lib/python3.14t/test/test_email
/usr/bin/install -c -m 644 ./Lib/test/test_email/test_utils.py /home/inrack/.local/cpython-3.14.7t/lib/python3.14t/test/test_email
/usr/bin/install -c -m 644 ./Lib/test/test_email/torture_test.py /home/inrack/.local/cpython-3.14.7t/lib/python3.14t/test/test_email
/usr/bin/install -c -m 644 ./Lib/test/test_email/data/msg_01.txt /home/inrack/.local/cpython-3.14.7t/lib/python3.14t/test/test_email/data
/usr/bin/install -c -m 644 ./Lib/test/test_email/data/msg_02.txt /home/inrack/.local/cpython-3.14.7t/lib/python3.14t/test/test_email/data
/usr/bin/install -c -m 644 ./Lib/test/test_email/data/msg_03.txt /home/inrack/.local/cpython-3.14.7t/lib/python3.14t/test/test_email/data
/usr/bin/install -c -m 644 ./Lib/test/test_email/data/msg_04.txt /home/inrack/.local/cpython-3.14.7t/lib/python3.14t/test/test_email/data
/usr/bin/install -c -m 644 ./Lib/test/test_email/data/msg_05.txt /home/inrack/.local/cpython-3.14.7t/lib/python3.14t/test/test_email/data
/usr/bin/install -c -m 644 ./Lib/test/test_email/data/msg_06.txt /home/inrack/.local/cpython-3.14.7t/lib/python3.14t/test/test_email/data
/usr/bin/install -c -m 644 ./Lib/test/test_email/data/msg_07.txt /home/inrack/.local/cpython-3.14.7t/lib/python3.14t/test/test_email/data
/usr/bin/install -c -m 644 ./Lib/test/test_email/data/msg_08.txt /home/inrack/.local/cpython-3.14.7t/lib/python3.14t/test/test_email/data
/usr/bin/install -c -m 644 ./Lib/test/test_email/data/msg_09.txt /home/inrack/.local/cpython-3.14.7t/lib/python3.14t/test/test_email/data
/usr/bin/install -c -m 644 ./Lib/test/test_email/data/msg_10.txt /home/inrack/.local/cpython-3.14.7t/lib/python3.14t/test/test_email/data
/usr/bin/install -c -m 644 ./Lib/test/test_email/data/msg_11.txt /home/inrack/.local/cpython-3.14.7t/lib/python3.14t/test/test_email/data
/usr/bin/install -c -m 644 ./Lib/test/test_email/data/msg_12.txt /home/inrack/.local/cpython-3.14.7t/lib/python3.14t/test/test_email/data
/usr/bin/install -c -m 644 ./Lib/test/test_email/data/msg_12a.txt /home/inrack/.local/cpython-3.14.7t/lib/python3.14t/test/test_email/data
/usr/bin/install -c -m 644 ./Lib/test/test_email/data/msg_13.txt /home/inrack/.local/cpython-3.14.7t/lib/python3.14t/test/test_email/data
/usr/bin/install -c -m 644 ./Lib/test/test_email/data/msg_14.txt /home/inrack/.local/cpython-3.14.7t/lib/python3.14t/test/test_email/data
/usr/bin/install -c -m 644 ./Lib/test/test_email/data/msg_15.txt /home/inrack/.local/cpython-3.14.7t/lib/python3.14t/test/test_email/data
/usr/bin/install -c -m 644 ./Lib/test/test_email/data/msg_16.txt /home/inrack/.local/cpython-3.14.7t/lib/python3.14t/test/test_email/data
/usr/bin/install -c -m 644 ./Lib/test/test_email/data/msg_17.txt /home/inrack/.local/cpython-3.14.7t/lib/python3.14t/test/test_email/data
/usr/bin/install -c -m 644 ./Lib/test/test_email/data/msg_18.txt /home/inrack/.local/cpython-3.14.7t/lib/python3.14t/test/test_email/data
/usr/bin/install -c -m 644 ./Lib/test/test_email/data/msg_19.txt /home/inrack/.local/cpython-3.14.7t/lib/python3.14t/test/test_email/data
/usr/bin/install -c -m 644 ./Lib/test/test_email/data/msg_20.txt /home/inrack/.local/cpython-3.14.7t/lib/python3.14t/test/test_email/data
/usr/bin/install -c -m 644 ./Lib/test/test_email/data/msg_21.txt /home/inrack/.local/cpython-3.14.7t/lib/python3.14t/test/test_email/data
/usr/bin/install -c -m 644 ./Lib/test/test_email/data/msg_22.txt /home/inrack/.local/cpython-3.14.7t/lib/python3.14t/test/test_email/data
/usr/bin/install -c -m 644 ./Lib/test/test_email/data/msg_23.txt /home/inrack/.local/cpython-3.14.7t/lib/python3.14t/test/test_email/data
/usr/bin/install -c -m 644 ./Lib/test/test_email/data/msg_24.txt /home/inrack/.local/cpython-3.14.7t/lib/python3.14t/test/test_email/data
/usr/bin/install -c -m 644 ./Lib/test/test_email/data/msg_25.txt /home/inrack/.local/cpython-3.14.7t/lib/python3.14t/test/test_email/data
/usr/bin/install -c -m 644 ./Lib/test/test_email/data/msg_26.txt /home/inrack/.local/cpython-3.14.7t/lib/python3.14t/test/test_email/data
/usr/bin/install -c -m 644 ./Lib/test/test_email/data/msg_27.txt /home/inrack/.local/cpython-3.14.7t/lib/python3.14t/test/test_email/data
/usr/bin/install -c -m 644 ./Lib/test/test_email/data/msg_28.txt /home/inrack/.local/cpython-3.14.7t/lib/python3.14t/test/test_email/data
/usr/bin/install -c -m 644 ./Lib/test/test_email/data/msg_29.txt /home/inrack/.local/cpython-3.14.7t/lib/python3.14t/test/test_email/data
/usr/bin/install -c -m 644 ./Lib/test/test_email/data/msg_30.txt /home/inrack/.local/cpython-3.14.7t/lib/python3.14t/test/test_email/data
/usr/bin/install -c -m 644 ./Lib/test/test_email/data/msg_31.txt /home/inrack/.local/cpython-3.14.7t/lib/python3.14t/test/test_email/data
/usr/bin/install -c -m 644 ./Lib/test/test_email/data/msg_32.txt /home/inrack/.local/cpython-3.14.7t/lib/python3.14t/test/test_email/data
/usr/bin/install -c -m 644 ./Lib/test/test_email/data/msg_33.txt /home/inrack/.local/cpython-3.14.7t/lib/python3.14t/test/test_email/data
/usr/bin/install -c -m 644 ./Lib/test/test_email/data/msg_34.txt /home/inrack/.local/cpython-3.14.7t/lib/python3.14t/test/test_email/data
/usr/bin/install -c -m 644 ./Lib/test/test_email/data/msg_35.txt /home/inrack/.local/cpython-3.14.7t/lib/python3.14t/test/test_email/data
/usr/bin/install -c -m 644 ./Lib/test/test_email/data/msg_36.txt /home/inrack/.local/cpython-3.14.7t/lib/python3.14t/test/test_email/data
/usr/bin/install -c -m 644 ./Lib/test/test_email/data/msg_37.txt /home/inrack/.local/cpython-3.14.7t/lib/python3.14t/test/test_email/data
/usr/bin/install -c -m 644 ./Lib/test/test_email/data/msg_38.txt /home/inrack/.local/cpython-3.14.7t/lib/python3.14t/test/test_email/data
/usr/bin/install -c -m 644 ./Lib/test/test_email/data/msg_39.txt /home/inrack/.local/cpython-3.14.7t/lib/python3.14t/test/test_email/data
/usr/bin/install -c -m 644 ./Lib/test/test_email/data/msg_40.txt /home/inrack/.local/cpython-3.14.7t/lib/python3.14t/test/test_email/data
/usr/bin/install -c -m 644 ./Lib/test/test_email/data/msg_41.txt /home/inrack/.local/cpython-3.14.7t/lib/python3.14t/test/test_email/data
/usr/bin/install -c -m 644 ./Lib/test/test_email/data/msg_42.txt /home/inrack/.local/cpython-3.14.7t/lib/python3.14t/test/test_email/data
/usr/bin/install -c -m 644 ./Lib/test/test_email/data/msg_43.txt /home/inrack/.local/cpython-3.14.7t/lib/python3.14t/test/test_email/data
/usr/bin/install -c -m 644 ./Lib/test/test_email/data/msg_44.txt /home/inrack/.local/cpython-3.14.7t/lib/python3.14t/test/test_email/data
/usr/bin/install -c -m 644 ./Lib/test/test_email/data/msg_45.txt /home/inrack/.local/cpython-3.14.7t/lib/python3.14t/test/test_email/data
/usr/bin/install -c -m 644 ./Lib/test/test_email/data/msg_46.txt /home/inrack/.local/cpython-3.14.7t/lib/python3.14t/test/test_email/data
/usr/bin/install -c -m 644 ./Lib/test/test_email/data/msg_47.txt /home/inrack/.local/cpython-3.14.7t/lib/python3.14t/test/test_email/data
/usr/bin/install -c -m 644 ./Lib/test/test_email/data/python.bmp /home/inrack/.local/cpython-3.14.7t/lib/python3.14t/test/test_email/data
/usr/bin/install -c -m 644 ./Lib/test/test_email/data/python.exr /home/inrack/.local/cpython-3.14.7t/lib/python3.14t/test/test_email/data
/usr/bin/install -c -m 644 ./Lib/test/test_email/data/python.gif /home/inrack/.local/cpython-3.14.7t/lib/python3.14t/test/test_email/data
/usr/bin/install -c -m 644 ./Lib/test/test_email/data/python.jpg /home/inrack/.local/cpython-3.14.7t/lib/python3.14t/test/test_email/data
/usr/bin/install -c -m 644 ./Lib/test/test_email/data/python.pbm /home/inrack/.local/cpython-3.14.7t/lib/python3.14t/test/test_email/data
/usr/bin/install -c -m 644 ./Lib/test/test_email/data/python.pgm /home/inrack/.local/cpython-3.14.7t/lib/python3.14t/test/test_email/data
/usr/bin/install -c -m 644 ./Lib/test/test_email/data/python.png /home/inrack/.local/cpython-3.14.7t/lib/python3.14t/test/test_email/data
/usr/bin/install -c -m 644 ./Lib/test/test_email/data/python.ppm /home/inrack/.local/cpython-3.14.7t/lib/python3.14t/test/test_email/data
/usr/bin/install -c -m 644 ./Lib/test/test_email/data/python.ras /home/inrack/.local/cpython-3.14.7t/lib/python3.14t/test/test_email/data
/usr/bin/install -c -m 644 ./Lib/test/test_email/data/python.sgi /home/inrack/.local/cpython-3.14.7t/lib/python3.14t/test/test_email/data
/usr/bin/install -c -m 644 ./Lib/test/test_email/data/python.tiff /home/inrack/.local/cpython-3.14.7t/lib/python3.14t/test/test_email/data
/usr/bin/install -c -m 644 ./Lib/test/test_email/data/python.webp /home/inrack/.local/cpython-3.14.7t/lib/python3.14t/test/test_email/data
/usr/bin/install -c -m 644 ./Lib/test/test_email/data/python.xbm /home/inrack/.local/cpython-3.14.7t/lib/python3.14t/test/test_email/data
/usr/bin/install -c -m 644 ./Lib/test/test_email/data/sndhdr.aifc /home/inrack/.local/cpython-3.14.7t/lib/python3.14t/test/test_email/data
/usr/bin/install -c -m 644 ./Lib/test/test_email/data/sndhdr.aiff /home/inrack/.local/cpython-3.14.7t/lib/python3.14t/test/test_email/data
/usr/bin/install -c -m 644 ./Lib/test/test_email/data/sndhdr.au /home/inrack/.local/cpython-3.14.7t/lib/python3.14t/test/test_email/data
/usr/bin/install -c -m 644 ./Lib/test/test_email/data/sndhdr.wav /home/inrack/.local/cpython-3.14.7t/lib/python3.14t/test/test_email/data
/usr/bin/install -c -m 644 ./Lib/test/test_free_threading/__init__.py /home/inrack/.local/cpython-3.14.7t/lib/python3.14t/test/test_free_threading
/usr/bin/install -c -m 644 ./Lib/test/test_free_threading/test_bisect.py /home/inrack/.local/cpython-3.14.7t/lib/python3.14t/test/test_free_threading
/usr/bin/install -c -m 644 ./Lib/test/test_free_threading/test_capi.py /home/inrack/.local/cpython-3.14.7t/lib/python3.14t/test/test_free_threading
/usr/bin/install -c -m 644 ./Lib/test/test_free_threading/test_code.py /home/inrack/.local/cpython-3.14.7t/lib/python3.14t/test/test_free_threading
/usr/bin/install -c -m 644 ./Lib/test/test_free_threading/test_collections.py /home/inrack/.local/cpython-3.14.7t/lib/python3.14t/test/test_free_threading
/usr/bin/install -c -m 644 ./Lib/test/test_free_threading/test_cprofile.py /home/inrack/.local/cpython-3.14.7t/lib/python3.14t/test/test_free_threading
/usr/bin/install -c -m 644 ./Lib/test/test_free_threading/test_csv.py /home/inrack/.local/cpython-3.14.7t/lib/python3.14t/test/test_free_threading
/usr/bin/install -c -m 644 ./Lib/test/test_free_threading/test_dbm_gnu.py /home/inrack/.local/cpython-3.14.7t/lib/python3.14t/test/test_free_threading
/usr/bin/install -c -m 644 ./Lib/test/test_free_threading/test_dict.py /home/inrack/.local/cpython-3.14.7t/lib/python3.14t/test/test_free_threading
/usr/bin/install -c -m 644 ./Lib/test/test_free_threading/test_dict_watcher.py /home/inrack/.local/cpython-3.14.7t/lib/python3.14t/test/test_free_threading
/usr/bin/install -c -m 644 ./Lib/test/test_free_threading/test_enumerate.py /home/inrack/.local/cpython-3.14.7t/lib/python3.14t/test/test_free_threading
/usr/bin/install -c -m 644 ./Lib/test/test_free_threading/test_exceptions.py /home/inrack/.local/cpython-3.14.7t/lib/python3.14t/test/test_free_threading
/usr/bin/install -c -m 644 ./Lib/test/test_free_threading/test_frame.py /home/inrack/.local/cpython-3.14.7t/lib/python3.14t/test/test_free_threading
/usr/bin/install -c -m 644 ./Lib/test/test_free_threading/test_func_annotations.py /home/inrack/.local/cpython-3.14.7t/lib/python3.14t/test/test_free_threading
/usr/bin/install -c -m 644 ./Lib/test/test_free_threading/test_functions.py /home/inrack/.local/cpython-3.14.7t/lib/python3.14t/test/test_free_threading
/usr/bin/install -c -m 644 ./Lib/test/test_free_threading/test_functools.py /home/inrack/.local/cpython-3.14.7t/lib/python3.14t/test/test_free_threading
/usr/bin/install -c -m 644 ./Lib/test/test_free_threading/test_gc.py /home/inrack/.local/cpython-3.14.7t/lib/python3.14t/test/test_free_threading
/usr/bin/install -c -m 644 ./Lib/test/test_free_threading/test_grp.py /home/inrack/.local/cpython-3.14.7t/lib/python3.14t/test/test_free_threading
/usr/bin/install -c -m 644 ./Lib/test/test_free_threading/test_heapq.py /home/inrack/.local/cpython-3.14.7t/lib/python3.14t/test/test_free_threading
/usr/bin/install -c -m 644 ./Lib/test/test_free_threading/test_io.py /home/inrack/.local/cpython-3.14.7t/lib/python3.14t/test/test_free_threading
/usr/bin/install -c -m 644 ./Lib/test/test_free_threading/test_iteration.py /home/inrack/.local/cpython-3.14.7t/lib/python3.14t/test/test_free_threading
/usr/bin/install -c -m 644 ./Lib/test/test_free_threading/test_itertools.py /home/inrack/.local/cpython-3.14.7t/lib/python3.14t/test/test_free_threading
/usr/bin/install -c -m 644 ./Lib/test/test_free_threading/test_itertools_batched.py /home/inrack/.local/cpython-3.14.7t/lib/python3.14t/test/test_free_threading
/usr/bin/install -c -m 644 ./Lib/test/test_free_threading/test_itertools_combinatoric.py /home/inrack/.local/cpython-3.14.7t/lib/python3.14t/test/test_free_threading
/usr/bin/install -c -m 644 ./Lib/test/test_free_threading/test_list.py /home/inrack/.local/cpython-3.14.7t/lib/python3.14t/test/test_free_threading
/usr/bin/install -c -m 644 ./Lib/test/test_free_threading/test_methodcaller.py /home/inrack/.local/cpython-3.14.7t/lib/python3.14t/test/test_free_threading
/usr/bin/install -c -m 644 ./Lib/test/test_free_threading/test_mmap.py /home/inrack/.local/cpython-3.14.7t/lib/python3.14t/test/test_free_threading
/usr/bin/install -c -m 644 ./Lib/test/test_free_threading/test_monitoring.py /home/inrack/.local/cpython-3.14.7t/lib/python3.14t/test/test_free_threading
/usr/bin/install -c -m 644 ./Lib/test/test_free_threading/test_pickle.py /home/inrack/.local/cpython-3.14.7t/lib/python3.14t/test/test_free_threading
/usr/bin/install -c -m 644 ./Lib/test/test_free_threading/test_races.py /home/inrack/.local/cpython-3.14.7t/lib/python3.14t/test/test_free_threading
/usr/bin/install -c -m 644 ./Lib/test/test_free_threading/test_re.py /home/inrack/.local/cpython-3.14.7t/lib/python3.14t/test/test_free_threading
/usr/bin/install -c -m 644 ./Lib/test/test_free_threading/test_resource.py /home/inrack/.local/cpython-3.14.7t/lib/python3.14t/test/test_free_threading
/usr/bin/install -c -m 644 ./Lib/test/test_free_threading/test_reversed.py /home/inrack/.local/cpython-3.14.7t/lib/python3.14t/test/test_free_threading
/usr/bin/install -c -m 644 ./Lib/test/test_free_threading/test_set.py /home/inrack/.local/cpython-3.14.7t/lib/python3.14t/test/test_free_threading
/usr/bin/install -c -m 644 ./Lib/test/test_free_threading/test_slots.py /home/inrack/.local/cpython-3.14.7t/lib/python3.14t/test/test_free_threading
/usr/bin/install -c -m 644 ./Lib/test/test_free_threading/test_str.py /home/inrack/.local/cpython-3.14.7t/lib/python3.14t/test/test_free_threading
/usr/bin/install -c -m 644 ./Lib/test/test_free_threading/test_string_template_race.py /home/inrack/.local/cpython-3.14.7t/lib/python3.14t/test/test_free_threading
/usr/bin/install -c -m 644 ./Lib/test/test_free_threading/test_sys.py /home/inrack/.local/cpython-3.14.7t/lib/python3.14t/test/test_free_threading
/usr/bin/install -c -m 644 ./Lib/test/test_free_threading/test_threading.py /home/inrack/.local/cpython-3.14.7t/lib/python3.14t/test/test_free_threading
/usr/bin/install -c -m 644 ./Lib/test/test_free_threading/test_tokenize.py /home/inrack/.local/cpython-3.14.7t/lib/python3.14t/test/test_free_threading
/usr/bin/install -c -m 644 ./Lib/test/test_free_threading/test_type.py /home/inrack/.local/cpython-3.14.7t/lib/python3.14t/test/test_free_threading
/usr/bin/install -c -m 644 ./Lib/test/test_free_threading/test_types.py /home/inrack/.local/cpython-3.14.7t/lib/python3.14t/test/test_free_threading
/usr/bin/install -c ./Lib/test/test_free_threading/test_uuid.py /home/inrack/.local/cpython-3.14.7t/lib/python3.14t/test/test_free_threading
/usr/bin/install -c -m 644 ./Lib/test/test_free_threading/test_zip.py /home/inrack/.local/cpython-3.14.7t/lib/python3.14t/test/test_free_threading
/usr/bin/install -c -m 644 ./Lib/test/test_future_stmt/__init__.py /home/inrack/.local/cpython-3.14.7t/lib/python3.14t/test/test_future_stmt
/usr/bin/install -c -m 644 ./Lib/test/test_future_stmt/badsyntax_future.py /home/inrack/.local/cpython-3.14.7t/lib/python3.14t/test/test_future_stmt
/usr/bin/install -c -m 644 ./Lib/test/test_future_stmt/import_nested_scope_twice.py /home/inrack/.local/cpython-3.14.7t/lib/python3.14t/test/test_future_stmt
/usr/bin/install -c -m 644 ./Lib/test/test_future_stmt/nested_scope.py /home/inrack/.local/cpython-3.14.7t/lib/python3.14t/test/test_future_stmt
/usr/bin/install -c -m 644 ./Lib/test/test_future_stmt/test_future.py /home/inrack/.local/cpython-3.14.7t/lib/python3.14t/test/test_future_stmt
/usr/bin/install -c -m 644 ./Lib/test/test_future_stmt/test_future_flags.py /home/inrack/.local/cpython-3.14.7t/lib/python3.14t/test/test_future_stmt
/usr/bin/install -c -m 644 ./Lib/test/test_future_stmt/test_future_multiple_features.py /home/inrack/.local/cpython-3.14.7t/lib/python3.14t/test/test_future_stmt
/usr/bin/install -c -m 644 ./Lib/test/test_future_stmt/test_future_multiple_imports.py /home/inrack/.local/cpython-3.14.7t/lib/python3.14t/test/test_future_stmt
/usr/bin/install -c -m 644 ./Lib/test/test_future_stmt/test_future_single_import.py /home/inrack/.local/cpython-3.14.7t/lib/python3.14t/test/test_future_stmt
/usr/bin/install -c -m 644 ./Lib/test/test_gdb/__init__.py /home/inrack/.local/cpython-3.14.7t/lib/python3.14t/test/test_gdb
/usr/bin/install -c -m 644 ./Lib/test/test_gdb/gdb_sample.py /home/inrack/.local/cpython-3.14.7t/lib/python3.14t/test/test_gdb
/usr/bin/install -c -m 644 ./Lib/test/test_gdb/test_backtrace.py /home/inrack/.local/cpython-3.14.7t/lib/python3.14t/test/test_gdb
/usr/bin/install -c -m 644 ./Lib/test/test_gdb/test_cfunction.py /home/inrack/.local/cpython-3.14.7t/lib/python3.14t/test/test_gdb
/usr/bin/install -c -m 644 ./Lib/test/test_gdb/test_cfunction_full.py /home/inrack/.local/cpython-3.14.7t/lib/python3.14t/test/test_gdb
/usr/bin/install -c -m 644 ./Lib/test/test_gdb/test_misc.py /home/inrack/.local/cpython-3.14.7t/lib/python3.14t/test/test_gdb
/usr/bin/install -c -m 644 ./Lib/test/test_gdb/test_pretty_print.py /home/inrack/.local/cpython-3.14.7t/lib/python3.14t/test/test_gdb
/usr/bin/install -c -m 644 ./Lib/test/test_gdb/util.py /home/inrack/.local/cpython-3.14.7t/lib/python3.14t/test/test_gdb
/usr/bin/install -c -m 644 ./Lib/test/test_import/__init__.py /home/inrack/.local/cpython-3.14.7t/lib/python3.14t/test/test_import
/usr/bin/install -c -m 644 ./Lib/test/test_import/__main__.py /home/inrack/.local/cpython-3.14.7t/lib/python3.14t/test/test_import
/usr/bin/install -c -m 644 ./Lib/test/test_import/data/double_const.py /home/inrack/.local/cpython-3.14.7t/lib/python3.14t/test/test_import/data
/usr/bin/install -c -m 644 ./Lib/test/test_import/data/circular_imports/basic.py /home/inrack/.local/cpython-3.14.7t/lib/python3.14t/test/test_import/data/circular_imports
/usr/bin/install -c -m 644 ./Lib/test/test_import/data/circular_imports/basic2.py /home/inrack/.local/cpython-3.14.7t/lib/python3.14t/test/test_import/data/circular_imports
/usr/bin/install -c -m 644 ./Lib/test/test_import/data/circular_imports/binding.py /home/inrack/.local/cpython-3.14.7t/lib/python3.14t/test/test_import/data/circular_imports
/usr/bin/install -c -m 644 ./Lib/test/test_import/data/circular_imports/binding2.py /home/inrack/.local/cpython-3.14.7t/lib/python3.14t/test/test_import/data/circular_imports
/usr/bin/install -c -m 644 ./Lib/test/test_import/data/circular_imports/from_cycle1.py /home/inrack/.local/cpython-3.14.7t/lib/python3.14t/test/test_import/data/circular_imports
/usr/bin/install -c -m 644 ./Lib/test/test_import/data/circular_imports/from_cycle2.py /home/inrack/.local/cpython-3.14.7t/lib/python3.14t/test/test_import/data/circular_imports
/usr/bin/install -c -m 644 ./Lib/test/test_import/data/circular_imports/import_cycle.py /home/inrack/.local/cpython-3.14.7t/lib/python3.14t/test/test_import/data/circular_imports
/usr/bin/install -c -m 644 ./Lib/test/test_import/data/circular_imports/indirect.py /home/inrack/.local/cpython-3.14.7t/lib/python3.14t/test/test_import/data/circular_imports
/usr/bin/install -c -m 644 ./Lib/test/test_import/data/circular_imports/rebinding.py /home/inrack/.local/cpython-3.14.7t/lib/python3.14t/test/test_import/data/circular_imports
/usr/bin/install -c -m 644 ./Lib/test/test_import/data/circular_imports/rebinding2.py /home/inrack/.local/cpython-3.14.7t/lib/python3.14t/test/test_import/data/circular_imports
/usr/bin/install -c -m 644 ./Lib/test/test_import/data/circular_imports/singlephase.py /home/inrack/.local/cpython-3.14.7t/lib/python3.14t/test/test_import/data/circular_imports
/usr/bin/install -c -m 644 ./Lib/test/test_import/data/circular_imports/source.py /home/inrack/.local/cpython-3.14.7t/lib/python3.14t/test/test_import/data/circular_imports
/usr/bin/install -c -m 644 ./Lib/test/test_import/data/circular_imports/subpackage.py /home/inrack/.local/cpython-3.14.7t/lib/python3.14t/test/test_import/data/circular_imports
/usr/bin/install -c -m 644 ./Lib/test/test_import/data/circular_imports/use.py /home/inrack/.local/cpython-3.14.7t/lib/python3.14t/test/test_import/data/circular_imports
/usr/bin/install -c -m 644 ./Lib/test/test_import/data/circular_imports/util.py /home/inrack/.local/cpython-3.14.7t/lib/python3.14t/test/test_import/data/circular_imports
/usr/bin/install -c -m 644 ./Lib/test/test_import/data/circular_imports/subpkg/subpackage2.py /home/inrack/.local/cpython-3.14.7t/lib/python3.14t/test/test_import/data/circular_imports/subpkg
/usr/bin/install -c -m 644 ./Lib/test/test_import/data/circular_imports/subpkg/util.py /home/inrack/.local/cpython-3.14.7t/lib/python3.14t/test/test_import/data/circular_imports/subpkg
/usr/bin/install -c -m 644 ./Lib/test/test_import/data/circular_imports/subpkg2/__init__.py /home/inrack/.local/cpython-3.14.7t/lib/python3.14t/test/test_import/data/circular_imports/subpkg2
/usr/bin/install -c -m 644 ./Lib/test/test_import/data/circular_imports/subpkg2/parent/__init__.py /home/inrack/.local/cpython-3.14.7t/lib/python3.14t/test/test_import/data/circular_imports/subpkg2/parent
/usr/bin/install -c -m 644 ./Lib/test/test_import/data/circular_imports/subpkg2/parent/child.py /home/inrack/.local/cpython-3.14.7t/lib/python3.14t/test/test_import/data/circular_imports/subpkg2/parent
/usr/bin/install -c -m 644 ./Lib/test/test_import/data/package/__init__.py /home/inrack/.local/cpython-3.14.7t/lib/python3.14t/test/test_import/data/package
/usr/bin/install -c -m 644 ./Lib/test/test_import/data/package/submodule.py /home/inrack/.local/cpython-3.14.7t/lib/python3.14t/test/test_import/data/package
/usr/bin/install -c -m 644 ./Lib/test/test_import/data/package2/submodule1.py /home/inrack/.local/cpython-3.14.7t/lib/python3.14t/test/test_import/data/package2
/usr/bin/install -c -m 644 ./Lib/test/test_import/data/package2/submodule2.py /home/inrack/.local/cpython-3.14.7t/lib/python3.14t/test/test_import/data/package2
/usr/bin/install -c -m 644 ./Lib/test/test_import/data/package3/__init__.py /home/inrack/.local/cpython-3.14.7t/lib/python3.14t/test/test_import/data/package3
/usr/bin/install -c -m 644 ./Lib/test/test_import/data/package3/submodule.py /home/inrack/.local/cpython-3.14.7t/lib/python3.14t/test/test_import/data/package3
/usr/bin/install -c -m 644 ./Lib/test/test_import/data/package4/__init__.py /home/inrack/.local/cpython-3.14.7t/lib/python3.14t/test/test_import/data/package4
/usr/bin/install -c -m 644 ./Lib/test/test_import/data/package4/submodule.py /home/inrack/.local/cpython-3.14.7t/lib/python3.14t/test/test_import/data/package4
/usr/bin/install -c -m 644 ./Lib/test/test_import/data/unwritable/__init__.py /home/inrack/.local/cpython-3.14.7t/lib/python3.14t/test/test_import/data/unwritable
/usr/bin/install -c -m 644 ./Lib/test/test_import/data/unwritable/x.py /home/inrack/.local/cpython-3.14.7t/lib/python3.14t/test/test_import/data/unwritable
/usr/bin/install -c -m 644 ./Lib/test/test_importlib/__init__.py /home/inrack/.local/cpython-3.14.7t/lib/python3.14t/test/test_importlib
/usr/bin/install -c -m 644 ./Lib/test/test_importlib/__main__.py /home/inrack/.local/cpython-3.14.7t/lib/python3.14t/test/test_importlib
/usr/bin/install -c -m 644 ./Lib/test/test_importlib/abc.py /home/inrack/.local/cpython-3.14.7t/lib/python3.14t/test/test_importlib
/usr/bin/install -c -m 644 ./Lib/test/test_importlib/test_abc.py /home/inrack/.local/cpython-3.14.7t/lib/python3.14t/test/test_importlib
/usr/bin/install -c -m 644 ./Lib/test/test_importlib/test_api.py /home/inrack/.local/cpython-3.14.7t/lib/python3.14t/test/test_importlib
/usr/bin/install -c -m 644 ./Lib/test/test_importlib/test_lazy.py /home/inrack/.local/cpython-3.14.7t/lib/python3.14t/test/test_importlib
/usr/bin/install -c -m 644 ./Lib/test/test_importlib/test_locks.py /home/inrack/.local/cpython-3.14.7t/lib/python3.14t/test/test_importlib
/usr/bin/install -c -m 644 ./Lib/test/test_importlib/test_namespace_pkgs.py /home/inrack/.local/cpython-3.14.7t/lib/python3.14t/test/test_importlib
/usr/bin/install -c -m 644 ./Lib/test/test_importlib/test_pkg_import.py /home/inrack/.local/cpython-3.14.7t/lib/python3.14t/test/test_importlib
/usr/bin/install -c -m 644 ./Lib/test/test_importlib/test_spec.py /home/inrack/.local/cpython-3.14.7t/lib/python3.14t/test/test_importlib
/usr/bin/install -c -m 644 ./Lib/test/test_importlib/test_threaded_import.py /home/inrack/.local/cpython-3.14.7t/lib/python3.14t/test/test_importlib
/usr/bin/install -c -m 644 ./Lib/test/test_importlib/test_util.py /home/inrack/.local/cpython-3.14.7t/lib/python3.14t/test/test_importlib
/usr/bin/install -c -m 644 ./Lib/test/test_importlib/test_windows.py /home/inrack/.local/cpython-3.14.7t/lib/python3.14t/test/test_importlib
/usr/bin/install -c -m 644 ./Lib/test/test_importlib/threaded_import_hangers.py /home/inrack/.local/cpython-3.14.7t/lib/python3.14t/test/test_importlib
/usr/bin/install -c -m 644 ./Lib/test/test_importlib/util.py /home/inrack/.local/cpython-3.14.7t/lib/python3.14t/test/test_importlib
/usr/bin/install -c -m 644 ./Lib/test/test_importlib/builtin/__init__.py /home/inrack/.local/cpython-3.14.7t/lib/python3.14t/test/test_importlib/builtin
/usr/bin/install -c -m 644 ./Lib/test/test_importlib/builtin/__main__.py /home/inrack/.local/cpython-3.14.7t/lib/python3.14t/test/test_importlib/builtin
/usr/bin/install -c -m 644 ./Lib/test/test_importlib/builtin/test_finder.py /home/inrack/.local/cpython-3.14.7t/lib/python3.14t/test/test_importlib/builtin
/usr/bin/install -c -m 644 ./Lib/test/test_importlib/builtin/test_loader.py /home/inrack/.local/cpython-3.14.7t/lib/python3.14t/test/test_importlib/builtin
/usr/bin/install -c -m 644 ./Lib/test/test_importlib/extension/__init__.py /home/inrack/.local/cpython-3.14.7t/lib/python3.14t/test/test_importlib/extension
/usr/bin/install -c -m 644 ./Lib/test/test_importlib/extension/__main__.py /home/inrack/.local/cpython-3.14.7t/lib/python3.14t/test/test_importlib/extension
/usr/bin/install -c -m 644 ./Lib/test/test_importlib/extension/_test_nonmodule_cases.py /home/inrack/.local/cpython-3.14.7t/lib/python3.14t/test/test_importlib/extension
/usr/bin/install -c -m 644 ./Lib/test/test_importlib/extension/test_case_sensitivity.py /home/inrack/.local/cpython-3.14.7t/lib/python3.14t/test/test_importlib/extension
/usr/bin/install -c -m 644 ./Lib/test/test_importlib/extension/test_finder.py /home/inrack/.local/cpython-3.14.7t/lib/python3.14t/test/test_importlib/extension
/usr/bin/install -c -m 644 ./Lib/test/test_importlib/extension/test_loader.py /home/inrack/.local/cpython-3.14.7t/lib/python3.14t/test/test_importlib/extension
/usr/bin/install -c -m 644 ./Lib/test/test_importlib/extension/test_path_hook.py /home/inrack/.local/cpython-3.14.7t/lib/python3.14t/test/test_importlib/extension
/usr/bin/install -c -m 644 ./Lib/test/test_importlib/frozen/__init__.py /home/inrack/.local/cpython-3.14.7t/lib/python3.14t/test/test_importlib/frozen
/usr/bin/install -c -m 644 ./Lib/test/test_importlib/frozen/__main__.py /home/inrack/.local/cpython-3.14.7t/lib/python3.14t/test/test_importlib/frozen
/usr/bin/install -c -m 644 ./Lib/test/test_importlib/frozen/test_finder.py /home/inrack/.local/cpython-3.14.7t/lib/python3.14t/test/test_importlib/frozen
/usr/bin/install -c -m 644 ./Lib/test/test_importlib/frozen/test_loader.py /home/inrack/.local/cpython-3.14.7t/lib/python3.14t/test/test_importlib/frozen
/usr/bin/install -c -m 644 ./Lib/test/test_importlib/import_/__init__.py /home/inrack/.local/cpython-3.14.7t/lib/python3.14t/test/test_importlib/import_
/usr/bin/install -c -m 644 ./Lib/test/test_importlib/import_/__main__.py /home/inrack/.local/cpython-3.14.7t/lib/python3.14t/test/test_importlib/import_
/usr/bin/install -c -m 644 ./Lib/test/test_importlib/import_/test___loader__.py /home/inrack/.local/cpython-3.14.7t/lib/python3.14t/test/test_importlib/import_
/usr/bin/install -c -m 644 ./Lib/test/test_importlib/import_/test___package__.py /home/inrack/.local/cpython-3.14.7t/lib/python3.14t/test/test_importlib/import_
/usr/bin/install -c -m 644 ./Lib/test/test_importlib/import_/test_api.py /home/inrack/.local/cpython-3.14.7t/lib/python3.14t/test/test_importlib/import_
/usr/bin/install -c -m 644 ./Lib/test/test_importlib/import_/test_caching.py /home/inrack/.local/cpython-3.14.7t/lib/python3.14t/test/test_importlib/import_
/usr/bin/install -c -m 644 ./Lib/test/test_importlib/import_/test_fromlist.py /home/inrack/.local/cpython-3.14.7t/lib/python3.14t/test/test_importlib/import_
/usr/bin/install -c -m 644 ./Lib/test/test_importlib/import_/test_helpers.py /home/inrack/.local/cpython-3.14.7t/lib/python3.14t/test/test_importlib/import_
/usr/bin/install -c -m 644 ./Lib/test/test_importlib/import_/test_meta_path.py /home/inrack/.local/cpython-3.14.7t/lib/python3.14t/test/test_importlib/import_
/usr/bin/install -c -m 644 ./Lib/test/test_importlib/import_/test_packages.py /home/inrack/.local/cpython-3.14.7t/lib/python3.14t/test/test_importlib/import_
/usr/bin/install -c -m 644 ./Lib/test/test_importlib/import_/test_path.py /home/inrack/.local/cpython-3.14.7t/lib/python3.14t/test/test_importlib/import_
/usr/bin/install -c -m 644 ./Lib/test/test_importlib/import_/test_relative_imports.py /home/inrack/.local/cpython-3.14.7t/lib/python3.14t/test/test_importlib/import_
/usr/bin/install -c -m 644 ./Lib/test/test_importlib/metadata/__init__.py /home/inrack/.local/cpython-3.14.7t/lib/python3.14t/test/test_importlib/metadata
/usr/bin/install -c -m 644 ./Lib/test/test_importlib/metadata/_context.py /home/inrack/.local/cpython-3.14.7t/lib/python3.14t/test/test_importlib/metadata
/usr/bin/install -c -m 644 ./Lib/test/test_importlib/metadata/_path.py /home/inrack/.local/cpython-3.14.7t/lib/python3.14t/test/test_importlib/metadata
/usr/bin/install -c -m 644 ./Lib/test/test_importlib/metadata/fixtures.py /home/inrack/.local/cpython-3.14.7t/lib/python3.14t/test/test_importlib/metadata
/usr/bin/install -c -m 644 ./Lib/test/test_importlib/metadata/stubs.py /home/inrack/.local/cpython-3.14.7t/lib/python3.14t/test/test_importlib/metadata
/usr/bin/install -c -m 644 ./Lib/test/test_importlib/metadata/test_api.py /home/inrack/.local/cpython-3.14.7t/lib/python3.14t/test/test_importlib/metadata
/usr/bin/install -c -m 644 ./Lib/test/test_importlib/metadata/test_main.py /home/inrack/.local/cpython-3.14.7t/lib/python3.14t/test/test_importlib/metadata
/usr/bin/install -c -m 644 ./Lib/test/test_importlib/metadata/test_zip.py /home/inrack/.local/cpython-3.14.7t/lib/python3.14t/test/test_importlib/metadata
/usr/bin/install -c -m 644 ./Lib/test/test_importlib/metadata/data/__init__.py /home/inrack/.local/cpython-3.14.7t/lib/python3.14t/test/test_importlib/metadata/data
/usr/bin/install -c -m 644 ./Lib/test/test_importlib/metadata/data/example-21.12-py3-none-any.whl /home/inrack/.local/cpython-3.14.7t/lib/python3.14t/test/test_importlib/metadata/data
/usr/bin/install -c -m 644 ./Lib/test/test_importlib/metadata/data/example-21.12-py3.6.egg /home/inrack/.local/cpython-3.14.7t/lib/python3.14t/test/test_importlib/metadata/data
/usr/bin/install -c -m 644 ./Lib/test/test_importlib/metadata/data/example2-1.0.0-py3-none-any.whl /home/inrack/.local/cpython-3.14.7t/lib/python3.14t/test/test_importlib/metadata/data
/usr/bin/install -c -m 644 ./Lib/test/test_importlib/metadata/data/sources/example/setup.py /home/inrack/.local/cpython-3.14.7t/lib/python3.14t/test/test_importlib/metadata/data/sources/example
/usr/bin/install -c -m 644 ./Lib/test/test_importlib/metadata/data/sources/example/example/__init__.py /home/inrack/.local/cpython-3.14.7t/lib/python3.14t/test/test_importlib/metadata/data/sources/example/example
/usr/bin/install -c -m 644 ./Lib/test/test_importlib/metadata/data/sources/example2/pyproject.toml /home/inrack/.local/cpython-3.14.7t/lib/python3.14t/test/test_importlib/metadata/data/sources/example2
/usr/bin/install -c -m 644 ./Lib/test/test_importlib/metadata/data/sources/example2/example2/__init__.py /home/inrack/.local/cpython-3.14.7t/lib/python3.14t/test/test_importlib/metadata/data/sources/example2/example2
/usr/bin/install -c -m 644 ./Lib/test/test_importlib/namespace_pkgs/missing_directory.zip /home/inrack/.local/cpython-3.14.7t/lib/python3.14t/test/test_importlib/namespace_pkgs
/usr/bin/install -c -m 644 ./Lib/test/test_importlib/namespace_pkgs/nested_portion1.zip /home/inrack/.local/cpython-3.14.7t/lib/python3.14t/test/test_importlib/namespace_pkgs
/usr/bin/install -c -m 644 ./Lib/test/test_importlib/namespace_pkgs/top_level_portion1.zip /home/inrack/.local/cpython-3.14.7t/lib/python3.14t/test/test_importlib/namespace_pkgs
/usr/bin/install -c -m 644 ./Lib/test/test_importlib/namespace_pkgs/both_portions/foo/one.py /home/inrack/.local/cpython-3.14.7t/lib/python3.14t/test/test_importlib/namespace_pkgs/both_portions/foo
/usr/bin/install -c -m 644 ./Lib/test/test_importlib/namespace_pkgs/both_portions/foo/two.py /home/inrack/.local/cpython-3.14.7t/lib/python3.14t/test/test_importlib/namespace_pkgs/both_portions/foo
/usr/bin/install -c -m 644 ./Lib/test/test_importlib/namespace_pkgs/module_and_namespace_package/a_test.py /home/inrack/.local/cpython-3.14.7t/lib/python3.14t/test/test_importlib/namespace_pkgs/module_and_namespace_package
/usr/bin/install -c -m 644 ./Lib/test/test_importlib/namespace_pkgs/module_and_namespace_package/a_test/empty /home/inrack/.local/cpython-3.14.7t/lib/python3.14t/test/test_importlib/namespace_pkgs/module_and_namespace_package/a_test
/usr/bin/install -c -m 644 ./Lib/test/test_importlib/namespace_pkgs/not_a_namespace_pkg/foo/__init__.py /home/inrack/.local/cpython-3.14.7t/lib/python3.14t/test/test_importlib/namespace_pkgs/not_a_namespace_pkg/foo
/usr/bin/install -c -m 644 ./Lib/test/test_importlib/namespace_pkgs/not_a_namespace_pkg/foo/one.py /home/inrack/.local/cpython-3.14.7t/lib/python3.14t/test/test_importlib/namespace_pkgs/not_a_namespace_pkg/foo
/usr/bin/install -c -m 644 ./Lib/test/test_importlib/namespace_pkgs/portion1/foo/one.py /home/inrack/.local/cpython-3.14.7t/lib/python3.14t/test/test_importlib/namespace_pkgs/portion1/foo
/usr/bin/install -c -m 644 ./Lib/test/test_importlib/namespace_pkgs/portion2/foo/two.py /home/inrack/.local/cpython-3.14.7t/lib/python3.14t/test/test_importlib/namespace_pkgs/portion2/foo
/usr/bin/install -c -m 644 ./Lib/test/test_importlib/namespace_pkgs/project1/parent/child/one.py /home/inrack/.local/cpython-3.14.7t/lib/python3.14t/test/test_importlib/namespace_pkgs/project1/parent/child
/usr/bin/install -c -m 644 ./Lib/test/test_importlib/namespace_pkgs/project2/parent/child/two.py /home/inrack/.local/cpython-3.14.7t/lib/python3.14t/test/test_importlib/namespace_pkgs/project2/parent/child
/usr/bin/install -c -m 644 ./Lib/test/test_importlib/namespace_pkgs/project3/parent/child/three.py /home/inrack/.local/cpython-3.14.7t/lib/python3.14t/test/test_importlib/namespace_pkgs/project3/parent/child
/usr/bin/install -c -m 644 ./Lib/test/test_importlib/partial/cfimport.py /home/inrack/.local/cpython-3.14.7t/lib/python3.14t/test/test_importlib/partial
/usr/bin/install -c -m 644 ./Lib/test/test_importlib/partial/pool_in_threads.py /home/inrack/.local/cpython-3.14.7t/lib/python3.14t/test/test_importlib/partial
/usr/bin/install -c -m 644 ./Lib/test/test_importlib/resources/__init__.py /home/inrack/.local/cpython-3.14.7t/lib/python3.14t/test/test_importlib/resources
/usr/bin/install -c -m 644 ./Lib/test/test_importlib/resources/_path.py /home/inrack/.local/cpython-3.14.7t/lib/python3.14t/test/test_importlib/resources
/usr/bin/install -c -m 644 ./Lib/test/test_importlib/resources/test_compatibilty_files.py /home/inrack/.local/cpython-3.14.7t/lib/python3.14t/test/test_importlib/resources
/usr/bin/install -c -m 644 ./Lib/test/test_importlib/resources/test_contents.py /home/inrack/.local/cpython-3.14.7t/lib/python3.14t/test/test_importlib/resources
/usr/bin/install -c -m 644 ./Lib/test/test_importlib/resources/test_custom.py /home/inrack/.local/cpython-3.14.7t/lib/python3.14t/test/test_importlib/resources
/usr/bin/install -c -m 644 ./Lib/test/test_importlib/resources/test_files.py /home/inrack/.local/cpython-3.14.7t/lib/python3.14t/test/test_importlib/resources
/usr/bin/install -c -m 644 ./Lib/test/test_importlib/resources/test_functional.py /home/inrack/.local/cpython-3.14.7t/lib/python3.14t/test/test_importlib/resources
/usr/bin/install -c -m 644 ./Lib/test/test_importlib/resources/test_open.py /home/inrack/.local/cpython-3.14.7t/lib/python3.14t/test/test_importlib/resources
/usr/bin/install -c -m 644 ./Lib/test/test_importlib/resources/test_path.py /home/inrack/.local/cpython-3.14.7t/lib/python3.14t/test/test_importlib/resources
/usr/bin/install -c -m 644 ./Lib/test/test_importlib/resources/test_read.py /home/inrack/.local/cpython-3.14.7t/lib/python3.14t/test/test_importlib/resources
/usr/bin/install -c -m 644 ./Lib/test/test_importlib/resources/test_reader.py /home/inrack/.local/cpython-3.14.7t/lib/python3.14t/test/test_importlib/resources
/usr/bin/install -c -m 644 ./Lib/test/test_importlib/resources/test_resource.py /home/inrack/.local/cpython-3.14.7t/lib/python3.14t/test/test_importlib/resources
/usr/bin/install -c -m 644 ./Lib/test/test_importlib/resources/util.py /home/inrack/.local/cpython-3.14.7t/lib/python3.14t/test/test_importlib/resources
/usr/bin/install -c ./Lib/test/test_importlib/resources/zip.py /home/inrack/.local/cpython-3.14.7t/lib/python3.14t/test/test_importlib/resources
/usr/bin/install -c -m 644 ./Lib/test/test_importlib/source/__init__.py /home/inrack/.local/cpython-3.14.7t/lib/python3.14t/test/test_importlib/source
/usr/bin/install -c -m 644 ./Lib/test/test_importlib/source/__main__.py /home/inrack/.local/cpython-3.14.7t/lib/python3.14t/test/test_importlib/source
/usr/bin/install -c -m 644 ./Lib/test/test_importlib/source/test_case_sensitivity.py /home/inrack/.local/cpython-3.14.7t/lib/python3.14t/test/test_importlib/source
/usr/bin/install -c -m 644 ./Lib/test/test_importlib/source/test_file_loader.py /home/inrack/.local/cpython-3.14.7t/lib/python3.14t/test/test_importlib/source
/usr/bin/install -c -m 644 ./Lib/test/test_importlib/source/test_finder.py /home/inrack/.local/cpython-3.14.7t/lib/python3.14t/test/test_importlib/source
/usr/bin/install -c -m 644 ./Lib/test/test_importlib/source/test_path_hook.py /home/inrack/.local/cpython-3.14.7t/lib/python3.14t/test/test_importlib/source
/usr/bin/install -c -m 644 ./Lib/test/test_importlib/source/test_source_encoding.py /home/inrack/.local/cpython-3.14.7t/lib/python3.14t/test/test_importlib/source
/usr/bin/install -c -m 644 ./Lib/test/test_inspect/__init__.py /home/inrack/.local/cpython-3.14.7t/lib/python3.14t/test/test_inspect
/usr/bin/install -c -m 644 ./Lib/test/test_inspect/inspect_deferred_annotations.py /home/inrack/.local/cpython-3.14.7t/lib/python3.14t/test/test_inspect
/usr/bin/install -c -m 644 ./Lib/test/test_inspect/inspect_fodder.py /home/inrack/.local/cpython-3.14.7t/lib/python3.14t/test/test_inspect
/usr/bin/install -c -m 644 ./Lib/test/test_inspect/inspect_fodder2.py /home/inrack/.local/cpython-3.14.7t/lib/python3.14t/test/test_inspect
/usr/bin/install -c -m 644 ./Lib/test/test_inspect/inspect_stock_annotations.py /home/inrack/.local/cpython-3.14.7t/lib/python3.14t/test/test_inspect
/usr/bin/install -c -m 644 ./Lib/test/test_inspect/inspect_stringized_annotations.py /home/inrack/.local/cpython-3.14.7t/lib/python3.14t/test/test_inspect
/usr/bin/install -c -m 644 ./Lib/test/test_inspect/inspect_stringized_annotations_2.py /home/inrack/.local/cpython-3.14.7t/lib/python3.14t/test/test_inspect
/usr/bin/install -c -m 644 ./Lib/test/test_inspect/inspect_stringized_annotations_pep695.py /home/inrack/.local/cpython-3.14.7t/lib/python3.14t/test/test_inspect
/usr/bin/install -c -m 644 ./Lib/test/test_inspect/test_inspect.py /home/inrack/.local/cpython-3.14.7t/lib/python3.14t/test/test_inspect
/usr/bin/install -c -m 644 ./Lib/test/test_interpreters/__init__.py /home/inrack/.local/cpython-3.14.7t/lib/python3.14t/test/test_interpreters
/usr/bin/install -c -m 644 ./Lib/test/test_interpreters/__main__.py /home/inrack/.local/cpython-3.14.7t/lib/python3.14t/test/test_interpreters
/usr/bin/install -c -m 644 ./Lib/test/test_interpreters/test_api.py /home/inrack/.local/cpython-3.14.7t/lib/python3.14t/test/test_interpreters
/usr/bin/install -c -m 644 ./Lib/test/test_interpreters/test_channels.py /home/inrack/.local/cpython-3.14.7t/lib/python3.14t/test/test_interpreters
/usr/bin/install -c -m 644 ./Lib/test/test_interpreters/test_lifecycle.py /home/inrack/.local/cpython-3.14.7t/lib/python3.14t/test/test_interpreters
/usr/bin/install -c -m 644 ./Lib/test/test_interpreters/test_queues.py /home/inrack/.local/cpython-3.14.7t/lib/python3.14t/test/test_interpreters
/usr/bin/install -c -m 644 ./Lib/test/test_interpreters/test_stress.py /home/inrack/.local/cpython-3.14.7t/lib/python3.14t/test/test_interpreters
/usr/bin/install -c -m 644 ./Lib/test/test_interpreters/utils.py /home/inrack/.local/cpython-3.14.7t/lib/python3.14t/test/test_interpreters
/usr/bin/install -c -m 644 ./Lib/test/test_json/__init__.py /home/inrack/.local/cpython-3.14.7t/lib/python3.14t/test/test_json
/usr/bin/install -c -m 644 ./Lib/test/test_json/__main__.py /home/inrack/.local/cpython-3.14.7t/lib/python3.14t/test/test_json
/usr/bin/install -c -m 644 ./Lib/test/test_json/json_lines.jsonl /home/inrack/.local/cpython-3.14.7t/lib/python3.14t/test/test_json
/usr/bin/install -c -m 644 ./Lib/test/test_json/test_decode.py /home/inrack/.local/cpython-3.14.7t/lib/python3.14t/test/test_json
/usr/bin/install -c -m 644 ./Lib/test/test_json/test_default.py /home/inrack/.local/cpython-3.14.7t/lib/python3.14t/test/test_json
/usr/bin/install -c -m 644 ./Lib/test/test_json/test_dump.py /home/inrack/.local/cpython-3.14.7t/lib/python3.14t/test/test_json
/usr/bin/install -c -m 644 ./Lib/test/test_json/test_encode_basestring_ascii.py /home/inrack/.local/cpython-3.14.7t/lib/python3.14t/test/test_json
/usr/bin/install -c -m 644 ./Lib/test/test_json/test_enum.py /home/inrack/.local/cpython-3.14.7t/lib/python3.14t/test/test_json
/usr/bin/install -c -m 644 ./Lib/test/test_json/test_fail.py /home/inrack/.local/cpython-3.14.7t/lib/python3.14t/test/test_json
/usr/bin/install -c -m 644 ./Lib/test/test_json/test_float.py /home/inrack/.local/cpython-3.14.7t/lib/python3.14t/test/test_json
/usr/bin/install -c -m 644 ./Lib/test/test_json/test_indent.py /home/inrack/.local/cpython-3.14.7t/lib/python3.14t/test/test_json
/usr/bin/install -c -m 644 ./Lib/test/test_json/test_pass1.py /home/inrack/.local/cpython-3.14.7t/lib/python3.14t/test/test_json
/usr/bin/install -c -m 644 ./Lib/test/test_json/test_pass2.py /home/inrack/.local/cpython-3.14.7t/lib/python3.14t/test/test_json
/usr/bin/install -c -m 644 ./Lib/test/test_json/test_pass3.py /home/inrack/.local/cpython-3.14.7t/lib/python3.14t/test/test_json
/usr/bin/install -c -m 644 ./Lib/test/test_json/test_pickleable.py /home/inrack/.local/cpython-3.14.7t/lib/python3.14t/test/test_json
/usr/bin/install -c -m 644 ./Lib/test/test_json/test_recursion.py /home/inrack/.local/cpython-3.14.7t/lib/python3.14t/test/test_json
/usr/bin/install -c -m 644 ./Lib/test/test_json/test_scanstring.py /home/inrack/.local/cpython-3.14.7t/lib/python3.14t/test/test_json
/usr/bin/install -c -m 644 ./Lib/test/test_json/test_separators.py /home/inrack/.local/cpython-3.14.7t/lib/python3.14t/test/test_json
/usr/bin/install -c -m 644 ./Lib/test/test_json/test_speedups.py /home/inrack/.local/cpython-3.14.7t/lib/python3.14t/test/test_json
/usr/bin/install -c -m 644 ./Lib/test/test_json/test_tool.py /home/inrack/.local/cpython-3.14.7t/lib/python3.14t/test/test_json
/usr/bin/install -c -m 644 ./Lib/test/test_json/test_unicode.py /home/inrack/.local/cpython-3.14.7t/lib/python3.14t/test/test_json
/usr/bin/install -c -m 644 ./Lib/test/test_module/__init__.py /home/inrack/.local/cpython-3.14.7t/lib/python3.14t/test/test_module
/usr/bin/install -c -m 644 ./Lib/test/test_module/bad_getattr.py /home/inrack/.local/cpython-3.14.7t/lib/python3.14t/test/test_module
/usr/bin/install -c -m 644 ./Lib/test/test_module/bad_getattr2.py /home/inrack/.local/cpython-3.14.7t/lib/python3.14t/test/test_module
/usr/bin/install -c -m 644 ./Lib/test/test_module/bad_getattr3.py /home/inrack/.local/cpython-3.14.7t/lib/python3.14t/test/test_module
/usr/bin/install -c -m 644 ./Lib/test/test_module/final_a.py /home/inrack/.local/cpython-3.14.7t/lib/python3.14t/test/test_module
/usr/bin/install -c -m 644 ./Lib/test/test_module/final_b.py /home/inrack/.local/cpython-3.14.7t/lib/python3.14t/test/test_module
/usr/bin/install -c -m 644 ./Lib/test/test_module/good_getattr.py /home/inrack/.local/cpython-3.14.7t/lib/python3.14t/test/test_module
/usr/bin/install -c -m 644 ./Lib/test/test_multiprocessing_fork/__init__.py /home/inrack/.local/cpython-3.14.7t/lib/python3.14t/test/test_multiprocessing_fork
/usr/bin/install -c -m 644 ./Lib/test/test_multiprocessing_fork/test_manager.py /home/inrack/.local/cpython-3.14.7t/lib/python3.14t/test/test_multiprocessing_fork
/usr/bin/install -c -m 644 ./Lib/test/test_multiprocessing_fork/test_misc.py /home/inrack/.local/cpython-3.14.7t/lib/python3.14t/test/test_multiprocessing_fork
/usr/bin/install -c -m 644 ./Lib/test/test_multiprocessing_fork/test_processes.py /home/inrack/.local/cpython-3.14.7t/lib/python3.14t/test/test_multiprocessing_fork
/usr/bin/install -c -m 644 ./Lib/test/test_multiprocessing_fork/test_threads.py /home/inrack/.local/cpython-3.14.7t/lib/python3.14t/test/test_multiprocessing_fork
/usr/bin/install -c -m 644 ./Lib/test/test_multiprocessing_forkserver/__init__.py /home/inrack/.local/cpython-3.14.7t/lib/python3.14t/test/test_multiprocessing_forkserver
/usr/bin/install -c -m 644 ./Lib/test/test_multiprocessing_forkserver/test_manager.py /home/inrack/.local/cpython-3.14.7t/lib/python3.14t/test/test_multiprocessing_forkserver
/usr/bin/install -c -m 644 ./Lib/test/test_multiprocessing_forkserver/test_misc.py /home/inrack/.local/cpython-3.14.7t/lib/python3.14t/test/test_multiprocessing_forkserver
/usr/bin/install -c -m 644 ./Lib/test/test_multiprocessing_forkserver/test_processes.py /home/inrack/.local/cpython-3.14.7t/lib/python3.14t/test/test_multiprocessing_forkserver
/usr/bin/install -c -m 644 ./Lib/test/test_multiprocessing_forkserver/test_threads.py /home/inrack/.local/cpython-3.14.7t/lib/python3.14t/test/test_multiprocessing_forkserver
/usr/bin/install -c -m 644 ./Lib/test/test_multiprocessing_spawn/__init__.py /home/inrack/.local/cpython-3.14.7t/lib/python3.14t/test/test_multiprocessing_spawn
/usr/bin/install -c -m 644 ./Lib/test/test_multiprocessing_spawn/test_manager.py /home/inrack/.local/cpython-3.14.7t/lib/python3.14t/test/test_multiprocessing_spawn
/usr/bin/install -c -m 644 ./Lib/test/test_multiprocessing_spawn/test_misc.py /home/inrack/.local/cpython-3.14.7t/lib/python3.14t/test/test_multiprocessing_spawn
/usr/bin/install -c -m 644 ./Lib/test/test_multiprocessing_spawn/test_processes.py /home/inrack/.local/cpython-3.14.7t/lib/python3.14t/test/test_multiprocessing_spawn
/usr/bin/install -c -m 644 ./Lib/test/test_multiprocessing_spawn/test_threads.py /home/inrack/.local/cpython-3.14.7t/lib/python3.14t/test/test_multiprocessing_spawn
/usr/bin/install -c -m 644 ./Lib/test/test_pathlib/__init__.py /home/inrack/.local/cpython-3.14.7t/lib/python3.14t/test/test_pathlib
/usr/bin/install -c -m 644 ./Lib/test/test_pathlib/test_copy.py /home/inrack/.local/cpython-3.14.7t/lib/python3.14t/test/test_pathlib
/usr/bin/install -c -m 644 ./Lib/test/test_pathlib/test_join.py /home/inrack/.local/cpython-3.14.7t/lib/python3.14t/test/test_pathlib
/usr/bin/install -c -m 644 ./Lib/test/test_pathlib/test_join_posix.py /home/inrack/.local/cpython-3.14.7t/lib/python3.14t/test/test_pathlib
/usr/bin/install -c -m 644 ./Lib/test/test_pathlib/test_join_windows.py /home/inrack/.local/cpython-3.14.7t/lib/python3.14t/test/test_pathlib
/usr/bin/install -c -m 644 ./Lib/test/test_pathlib/test_pathlib.py /home/inrack/.local/cpython-3.14.7t/lib/python3.14t/test/test_pathlib
/usr/bin/install -c -m 644 ./Lib/test/test_pathlib/test_read.py /home/inrack/.local/cpython-3.14.7t/lib/python3.14t/test/test_pathlib
/usr/bin/install -c -m 644 ./Lib/test/test_pathlib/test_write.py /home/inrack/.local/cpython-3.14.7t/lib/python3.14t/test/test_pathlib
/usr/bin/install -c -m 644 ./Lib/test/test_pathlib/support/__init__.py /home/inrack/.local/cpython-3.14.7t/lib/python3.14t/test/test_pathlib/support
/usr/bin/install -c -m 644 ./Lib/test/test_pathlib/support/lexical_path.py /home/inrack/.local/cpython-3.14.7t/lib/python3.14t/test/test_pathlib/support
/usr/bin/install -c -m 644 ./Lib/test/test_pathlib/support/local_path.py /home/inrack/.local/cpython-3.14.7t/lib/python3.14t/test/test_pathlib/support
/usr/bin/install -c -m 644 ./Lib/test/test_pathlib/support/zip_path.py /home/inrack/.local/cpython-3.14.7t/lib/python3.14t/test/test_pathlib/support
/usr/bin/install -c -m 644 ./Lib/test/test_peg_generator/__init__.py /home/inrack/.local/cpython-3.14.7t/lib/python3.14t/test/test_peg_generator
/usr/bin/install -c -m 644 ./Lib/test/test_peg_generator/__main__.py /home/inrack/.local/cpython-3.14.7t/lib/python3.14t/test/test_peg_generator
/usr/bin/install -c -m 644 ./Lib/test/test_peg_generator/test_c_parser.py /home/inrack/.local/cpython-3.14.7t/lib/python3.14t/test/test_peg_generator
/usr/bin/install -c -m 644 ./Lib/test/test_peg_generator/test_first_sets.py /home/inrack/.local/cpython-3.14.7t/lib/python3.14t/test/test_peg_generator
/usr/bin/install -c -m 644 ./Lib/test/test_peg_generator/test_grammar_validator.py /home/inrack/.local/cpython-3.14.7t/lib/python3.14t/test/test_peg_generator
/usr/bin/install -c -m 644 ./Lib/test/test_peg_generator/test_pegen.py /home/inrack/.local/cpython-3.14.7t/lib/python3.14t/test/test_peg_generator
/usr/bin/install -c -m 644 ./Lib/test/test_pydoc/__init__.py /home/inrack/.local/cpython-3.14.7t/lib/python3.14t/test/test_pydoc
/usr/bin/install -c -m 644 ./Lib/test/test_pydoc/module_none.py /home/inrack/.local/cpython-3.14.7t/lib/python3.14t/test/test_pydoc
/usr/bin/install -c -m 644 ./Lib/test/test_pydoc/pydoc_mod.py /home/inrack/.local/cpython-3.14.7t/lib/python3.14t/test/test_pydoc
/usr/bin/install -c -m 644 ./Lib/test/test_pydoc/pydocfodder.py /home/inrack/.local/cpython-3.14.7t/lib/python3.14t/test/test_pydoc
/usr/bin/install -c -m 644 ./Lib/test/test_pydoc/test_pydoc.py /home/inrack/.local/cpython-3.14.7t/lib/python3.14t/test/test_pydoc
/usr/bin/install -c -m 644 ./Lib/test/test_pyrepl/__init__.py /home/inrack/.local/cpython-3.14.7t/lib/python3.14t/test/test_pyrepl
/usr/bin/install -c -m 644 ./Lib/test/test_pyrepl/__main__.py /home/inrack/.local/cpython-3.14.7t/lib/python3.14t/test/test_pyrepl
/usr/bin/install -c -m 644 ./Lib/test/test_pyrepl/support.py /home/inrack/.local/cpython-3.14.7t/lib/python3.14t/test/test_pyrepl
/usr/bin/install -c -m 644 ./Lib/test/test_pyrepl/test_eventqueue.py /home/inrack/.local/cpython-3.14.7t/lib/python3.14t/test/test_pyrepl
/usr/bin/install -c -m 644 ./Lib/test/test_pyrepl/test_input.py /home/inrack/.local/cpython-3.14.7t/lib/python3.14t/test/test_pyrepl
/usr/bin/install -c -m 644 ./Lib/test/test_pyrepl/test_interact.py /home/inrack/.local/cpython-3.14.7t/lib/python3.14t/test/test_pyrepl
/usr/bin/install -c -m 644 ./Lib/test/test_pyrepl/test_keymap.py /home/inrack/.local/cpython-3.14.7t/lib/python3.14t/test/test_pyrepl
/usr/bin/install -c -m 644 ./Lib/test/test_pyrepl/test_pyrepl.py /home/inrack/.local/cpython-3.14.7t/lib/python3.14t/test/test_pyrepl
/usr/bin/install -c -m 644 ./Lib/test/test_pyrepl/test_reader.py /home/inrack/.local/cpython-3.14.7t/lib/python3.14t/test/test_pyrepl
/usr/bin/install -c -m 644 ./Lib/test/test_pyrepl/test_terminfo.py /home/inrack/.local/cpython-3.14.7t/lib/python3.14t/test/test_pyrepl
/usr/bin/install -c -m 644 ./Lib/test/test_pyrepl/test_unix_console.py /home/inrack/.local/cpython-3.14.7t/lib/python3.14t/test/test_pyrepl
/usr/bin/install -c -m 644 ./Lib/test/test_pyrepl/test_utils.py /home/inrack/.local/cpython-3.14.7t/lib/python3.14t/test/test_pyrepl
/usr/bin/install -c -m 644 ./Lib/test/test_pyrepl/test_windows_console.py /home/inrack/.local/cpython-3.14.7t/lib/python3.14t/test/test_pyrepl
/usr/bin/install -c -m 644 ./Lib/test/test_string/__init__.py /home/inrack/.local/cpython-3.14.7t/lib/python3.14t/test/test_string
/usr/bin/install -c -m 644 ./Lib/test/test_string/_support.py /home/inrack/.local/cpython-3.14.7t/lib/python3.14t/test/test_string
/usr/bin/install -c -m 644 ./Lib/test/test_string/test_string.py /home/inrack/.local/cpython-3.14.7t/lib/python3.14t/test/test_string
/usr/bin/install -c -m 644 ./Lib/test/test_string/test_templatelib.py /home/inrack/.local/cpython-3.14.7t/lib/python3.14t/test/test_string
/usr/bin/install -c -m 644 ./Lib/test/test_sqlite3/__init__.py /home/inrack/.local/cpython-3.14.7t/lib/python3.14t/test/test_sqlite3
/usr/bin/install -c -m 644 ./Lib/test/test_sqlite3/__main__.py /home/inrack/.local/cpython-3.14.7t/lib/python3.14t/test/test_sqlite3
/usr/bin/install -c -m 644 ./Lib/test/test_sqlite3/test_backup.py /home/inrack/.local/cpython-3.14.7t/lib/python3.14t/test/test_sqlite3
/usr/bin/install -c -m 644 ./Lib/test/test_sqlite3/test_cli.py /home/inrack/.local/cpython-3.14.7t/lib/python3.14t/test/test_sqlite3
/usr/bin/install -c -m 644 ./Lib/test/test_sqlite3/test_dbapi.py /home/inrack/.local/cpython-3.14.7t/lib/python3.14t/test/test_sqlite3
/usr/bin/install -c -m 644 ./Lib/test/test_sqlite3/test_dump.py /home/inrack/.local/cpython-3.14.7t/lib/python3.14t/test/test_sqlite3
/usr/bin/install -c -m 644 ./Lib/test/test_sqlite3/test_factory.py /home/inrack/.local/cpython-3.14.7t/lib/python3.14t/test/test_sqlite3
/usr/bin/install -c -m 644 ./Lib/test/test_sqlite3/test_hooks.py /home/inrack/.local/cpython-3.14.7t/lib/python3.14t/test/test_sqlite3
/usr/bin/install -c -m 644 ./Lib/test/test_sqlite3/test_regression.py /home/inrack/.local/cpython-3.14.7t/lib/python3.14t/test/test_sqlite3
/usr/bin/install -c -m 644 ./Lib/test/test_sqlite3/test_transactions.py /home/inrack/.local/cpython-3.14.7t/lib/python3.14t/test/test_sqlite3
/usr/bin/install -c -m 644 ./Lib/test/test_sqlite3/test_types.py /home/inrack/.local/cpython-3.14.7t/lib/python3.14t/test/test_sqlite3
/usr/bin/install -c -m 644 ./Lib/test/test_sqlite3/test_userfunctions.py /home/inrack/.local/cpython-3.14.7t/lib/python3.14t/test/test_sqlite3
/usr/bin/install -c -m 644 ./Lib/test/test_sqlite3/util.py /home/inrack/.local/cpython-3.14.7t/lib/python3.14t/test/test_sqlite3
/usr/bin/install -c -m 644 ./Lib/test/test_tkinter/README /home/inrack/.local/cpython-3.14.7t/lib/python3.14t/test/test_tkinter
/usr/bin/install -c -m 644 ./Lib/test/test_tkinter/__init__.py /home/inrack/.local/cpython-3.14.7t/lib/python3.14t/test/test_tkinter
/usr/bin/install -c -m 644 ./Lib/test/test_tkinter/__main__.py /home/inrack/.local/cpython-3.14.7t/lib/python3.14t/test/test_tkinter
/usr/bin/install -c -m 644 ./Lib/test/test_tkinter/support.py /home/inrack/.local/cpython-3.14.7t/lib/python3.14t/test/test_tkinter
/usr/bin/install -c -m 644 ./Lib/test/test_tkinter/test_colorchooser.py /home/inrack/.local/cpython-3.14.7t/lib/python3.14t/test/test_tkinter
/usr/bin/install -c -m 644 ./Lib/test/test_tkinter/test_dnd.py /home/inrack/.local/cpython-3.14.7t/lib/python3.14t/test/test_tkinter
/usr/bin/install -c -m 644 ./Lib/test/test_tkinter/test_filedialog.py /home/inrack/.local/cpython-3.14.7t/lib/python3.14t/test/test_tkinter
/usr/bin/install -c -m 644 ./Lib/test/test_tkinter/test_font.py /home/inrack/.local/cpython-3.14.7t/lib/python3.14t/test/test_tkinter
/usr/bin/install -c -m 644 ./Lib/test/test_tkinter/test_geometry_managers.py /home/inrack/.local/cpython-3.14.7t/lib/python3.14t/test/test_tkinter
/usr/bin/install -c -m 644 ./Lib/test/test_tkinter/test_images.py /home/inrack/.local/cpython-3.14.7t/lib/python3.14t/test/test_tkinter
/usr/bin/install -c -m 644 ./Lib/test/test_tkinter/test_loadtk.py /home/inrack/.local/cpython-3.14.7t/lib/python3.14t/test/test_tkinter
/usr/bin/install -c -m 644 ./Lib/test/test_tkinter/test_messagebox.py /home/inrack/.local/cpython-3.14.7t/lib/python3.14t/test/test_tkinter
/usr/bin/install -c -m 644 ./Lib/test/test_tkinter/test_misc.py /home/inrack/.local/cpython-3.14.7t/lib/python3.14t/test/test_tkinter
/usr/bin/install -c -m 644 ./Lib/test/test_tkinter/test_scrolledtext.py /home/inrack/.local/cpython-3.14.7t/lib/python3.14t/test/test_tkinter
/usr/bin/install -c -m 644 ./Lib/test/test_tkinter/test_simpledialog.py /home/inrack/.local/cpython-3.14.7t/lib/python3.14t/test/test_tkinter
/usr/bin/install -c -m 644 ./Lib/test/test_tkinter/test_text.py /home/inrack/.local/cpython-3.14.7t/lib/python3.14t/test/test_tkinter
/usr/bin/install -c -m 644 ./Lib/test/test_tkinter/test_tkinter_pipe.py /home/inrack/.local/cpython-3.14.7t/lib/python3.14t/test/test_tkinter
/usr/bin/install -c -m 644 ./Lib/test/test_tkinter/test_variables.py /home/inrack/.local/cpython-3.14.7t/lib/python3.14t/test/test_tkinter
/usr/bin/install -c -m 644 ./Lib/test/test_tkinter/test_widgets.py /home/inrack/.local/cpython-3.14.7t/lib/python3.14t/test/test_tkinter
/usr/bin/install -c -m 644 ./Lib/test/test_tkinter/widget_tests.py /home/inrack/.local/cpython-3.14.7t/lib/python3.14t/test/test_tkinter
/usr/bin/install -c -m 644 ./Lib/test/test_tomllib/__init__.py /home/inrack/.local/cpython-3.14.7t/lib/python3.14t/test/test_tomllib
/usr/bin/install -c -m 644 ./Lib/test/test_tomllib/__main__.py /home/inrack/.local/cpython-3.14.7t/lib/python3.14t/test/test_tomllib
/usr/bin/install -c -m 644 ./Lib/test/test_tomllib/burntsushi.py /home/inrack/.local/cpython-3.14.7t/lib/python3.14t/test/test_tomllib
/usr/bin/install -c -m 644 ./Lib/test/test_tomllib/test_data.py /home/inrack/.local/cpython-3.14.7t/lib/python3.14t/test/test_tomllib
/usr/bin/install -c -m 644 ./Lib/test/test_tomllib/test_error.py /home/inrack/.local/cpython-3.14.7t/lib/python3.14t/test/test_tomllib
/usr/bin/install -c -m 644 ./Lib/test/test_tomllib/test_misc.py /home/inrack/.local/cpython-3.14.7t/lib/python3.14t/test/test_tomllib
/usr/bin/install -c -m 644 ./Lib/test/test_tomllib/data/invalid/array-missing-comma.toml /home/inrack/.local/cpython-3.14.7t/lib/python3.14t/test/test_tomllib/data/invalid
/usr/bin/install -c -m 644 ./Lib/test/test_tomllib/data/invalid/basic-str-ends-in-escape.toml /home/inrack/.local/cpython-3.14.7t/lib/python3.14t/test/test_tomllib/data/invalid
/usr/bin/install -c -m 644 ./Lib/test/test_tomllib/data/invalid/inline-table-missing-comma.toml /home/inrack/.local/cpython-3.14.7t/lib/python3.14t/test/test_tomllib/data/invalid
/usr/bin/install -c -m 644 ./Lib/test/test_tomllib/data/invalid/invalid-comment-char.toml /home/inrack/.local/cpython-3.14.7t/lib/python3.14t/test/test_tomllib/data/invalid
/usr/bin/install -c -m 644 ./Lib/test/test_tomllib/data/invalid/invalid-escaped-unicode.toml /home/inrack/.local/cpython-3.14.7t/lib/python3.14t/test/test_tomllib/data/invalid
/usr/bin/install -c -m 644 ./Lib/test/test_tomllib/data/invalid/invalid-hex.toml /home/inrack/.local/cpython-3.14.7t/lib/python3.14t/test/test_tomllib/data/invalid
/usr/bin/install -c -m 644 ./Lib/test/test_tomllib/data/invalid/missing-closing-double-square-bracket.toml /home/inrack/.local/cpython-3.14.7t/lib/python3.14t/test/test_tomllib/data/invalid
/usr/bin/install -c -m 644 ./Lib/test/test_tomllib/data/invalid/missing-closing-square-bracket.toml /home/inrack/.local/cpython-3.14.7t/lib/python3.14t/test/test_tomllib/data/invalid
/usr/bin/install -c -m 644 ./Lib/test/test_tomllib/data/invalid/non-scalar-escaped.toml /home/inrack/.local/cpython-3.14.7t/lib/python3.14t/test/test_tomllib/data/invalid
/usr/bin/install -c -m 644 ./Lib/test/test_tomllib/data/invalid/unclosed-multiline-string.toml /home/inrack/.local/cpython-3.14.7t/lib/python3.14t/test/test_tomllib/data/invalid
/usr/bin/install -c -m 644 ./Lib/test/test_tomllib/data/invalid/unclosed-string.toml /home/inrack/.local/cpython-3.14.7t/lib/python3.14t/test/test_tomllib/data/invalid
/usr/bin/install -c -m 644 ./Lib/test/test_tomllib/data/invalid/array/file-end-after-val.toml /home/inrack/.local/cpython-3.14.7t/lib/python3.14t/test/test_tomllib/data/invalid/array
/usr/bin/install -c -m 644 ./Lib/test/test_tomllib/data/invalid/array/unclosed-after-item.toml /home/inrack/.local/cpython-3.14.7t/lib/python3.14t/test/test_tomllib/data/invalid/array
/usr/bin/install -c -m 644 ./Lib/test/test_tomllib/data/invalid/array/unclosed-empty.toml /home/inrack/.local/cpython-3.14.7t/lib/python3.14t/test/test_tomllib/data/invalid/array
/usr/bin/install -c -m 644 ./Lib/test/test_tomllib/data/invalid/array-of-tables/overwrite-array-in-parent.toml /home/inrack/.local/cpython-3.14.7t/lib/python3.14t/test/test_tomllib/data/invalid/array-of-tables
/usr/bin/install -c -m 644 ./Lib/test/test_tomllib/data/invalid/array-of-tables/overwrite-bool-with-aot.toml /home/inrack/.local/cpython-3.14.7t/lib/python3.14t/test/test_tomllib/data/invalid/array-of-tables
/usr/bin/install -c -m 644 ./Lib/test/test_tomllib/data/invalid/boolean/invalid-false-casing.toml /home/inrack/.local/cpython-3.14.7t/lib/python3.14t/test/test_tomllib/data/invalid/boolean
/usr/bin/install -c -m 644 ./Lib/test/test_tomllib/data/invalid/boolean/invalid-true-casing.toml /home/inrack/.local/cpython-3.14.7t/lib/python3.14t/test/test_tomllib/data/invalid/boolean
/usr/bin/install -c -m 644 ./Lib/test/test_tomllib/data/invalid/dates-and-times/invalid-day.toml /home/inrack/.local/cpython-3.14.7t/lib/python3.14t/test/test_tomllib/data/invalid/dates-and-times
/usr/bin/install -c -m 644 ./Lib/test/test_tomllib/data/invalid/dotted-keys/access-non-table.toml /home/inrack/.local/cpython-3.14.7t/lib/python3.14t/test/test_tomllib/data/invalid/dotted-keys
/usr/bin/install -c -m 644 ./Lib/test/test_tomllib/data/invalid/dotted-keys/extend-defined-aot.toml /home/inrack/.local/cpython-3.14.7t/lib/python3.14t/test/test_tomllib/data/invalid/dotted-keys
/usr/bin/install -c -m 644 ./Lib/test/test_tomllib/data/invalid/dotted-keys/extend-defined-table-with-subtable.toml /home/inrack/.local/cpython-3.14.7t/lib/python3.14t/test/test_tomllib/data/invalid/dotted-keys
/usr/bin/install -c -m 644 ./Lib/test/test_tomllib/data/invalid/dotted-keys/extend-defined-table.toml /home/inrack/.local/cpython-3.14.7t/lib/python3.14t/test/test_tomllib/data/invalid/dotted-keys
/usr/bin/install -c -m 644 ./Lib/test/test_tomllib/data/invalid/inline-table/define-twice-in-subtable.toml /home/inrack/.local/cpython-3.14.7t/lib/python3.14t/test/test_tomllib/data/invalid/inline-table
/usr/bin/install -c -m 644 ./Lib/test/test_tomllib/data/invalid/inline-table/define-twice.toml /home/inrack/.local/cpython-3.14.7t/lib/python3.14t/test/test_tomllib/data/invalid/inline-table
/usr/bin/install -c -m 644 ./Lib/test/test_tomllib/data/invalid/inline-table/file-end-after-key-val.toml /home/inrack/.local/cpython-3.14.7t/lib/python3.14t/test/test_tomllib/data/invalid/inline-table
/usr/bin/install -c -m 644 ./Lib/test/test_tomllib/data/invalid/inline-table/mutate.toml /home/inrack/.local/cpython-3.14.7t/lib/python3.14t/test/test_tomllib/data/invalid/inline-table
/usr/bin/install -c -m 644 ./Lib/test/test_tomllib/data/invalid/inline-table/override-val-in-table.toml /home/inrack/.local/cpython-3.14.7t/lib/python3.14t/test/test_tomllib/data/invalid/inline-table
/usr/bin/install -c -m 644 ./Lib/test/test_tomllib/data/invalid/inline-table/override-val-with-array.toml /home/inrack/.local/cpython-3.14.7t/lib/python3.14t/test/test_tomllib/data/invalid/inline-table
/usr/bin/install -c -m 644 ./Lib/test/test_tomllib/data/invalid/inline-table/override-val-with-table.toml /home/inrack/.local/cpython-3.14.7t/lib/python3.14t/test/test_tomllib/data/invalid/inline-table
/usr/bin/install -c -m 644 ./Lib/test/test_tomllib/data/invalid/inline-table/overwrite-implicitly.toml /home/inrack/.local/cpython-3.14.7t/lib/python3.14t/test/test_tomllib/data/invalid/inline-table
/usr/bin/install -c -m 644 ./Lib/test/test_tomllib/data/invalid/inline-table/overwrite-value-in-inner-array.toml /home/inrack/.local/cpython-3.14.7t/lib/python3.14t/test/test_tomllib/data/invalid/inline-table
/usr/bin/install -c -m 644 ./Lib/test/test_tomllib/data/invalid/inline-table/overwrite-value-in-inner-table.toml /home/inrack/.local/cpython-3.14.7t/lib/python3.14t/test/test_tomllib/data/invalid/inline-table
/usr/bin/install -c -m 644 ./Lib/test/test_tomllib/data/invalid/inline-table/unclosed-empty.toml /home/inrack/.local/cpython-3.14.7t/lib/python3.14t/test/test_tomllib/data/invalid/inline-table
/usr/bin/install -c -m 644 ./Lib/test/test_tomllib/data/invalid/keys-and-vals/ends-early-table-def.toml /home/inrack/.local/cpython-3.14.7t/lib/python3.14t/test/test_tomllib/data/invalid/keys-and-vals
/usr/bin/install -c -m 644 ./Lib/test/test_tomllib/data/invalid/keys-and-vals/ends-early.toml /home/inrack/.local/cpython-3.14.7t/lib/python3.14t/test/test_tomllib/data/invalid/keys-and-vals
/usr/bin/install -c -m 644 ./Lib/test/test_tomllib/data/invalid/keys-and-vals/no-value.toml /home/inrack/.local/cpython-3.14.7t/lib/python3.14t/test/test_tomllib/data/invalid/keys-and-vals
/usr/bin/install -c -m 644 ./Lib/test/test_tomllib/data/invalid/keys-and-vals/only-ws-after-dot.toml /home/inrack/.local/cpython-3.14.7t/lib/python3.14t/test/test_tomllib/data/invalid/keys-and-vals
/usr/bin/install -c -m 644 ./Lib/test/test_tomllib/data/invalid/keys-and-vals/overwrite-with-deep-table.toml /home/inrack/.local/cpython-3.14.7t/lib/python3.14t/test/test_tomllib/data/invalid/keys-and-vals
/usr/bin/install -c -m 644 ./Lib/test/test_tomllib/data/invalid/literal-str/unclosed.toml /home/inrack/.local/cpython-3.14.7t/lib/python3.14t/test/test_tomllib/data/invalid/literal-str
/usr/bin/install -c -m 644 ./Lib/test/test_tomllib/data/invalid/multiline-basic-str/carriage-return.toml /home/inrack/.local/cpython-3.14.7t/lib/python3.14t/test/test_tomllib/data/invalid/multiline-basic-str
/usr/bin/install -c -m 644 ./Lib/test/test_tomllib/data/invalid/multiline-basic-str/escape-only.toml /home/inrack/.local/cpython-3.14.7t/lib/python3.14t/test/test_tomllib/data/invalid/multiline-basic-str
/usr/bin/install -c -m 644 ./Lib/test/test_tomllib/data/invalid/multiline-basic-str/file-ends-after-opening.toml /home/inrack/.local/cpython-3.14.7t/lib/python3.14t/test/test_tomllib/data/invalid/multiline-basic-str
/usr/bin/install -c -m 644 ./Lib/test/test_tomllib/data/invalid/multiline-basic-str/last-line-escape.toml /home/inrack/.local/cpython-3.14.7t/lib/python3.14t/test/test_tomllib/data/invalid/multiline-basic-str
/usr/bin/install -c -m 644 ./Lib/test/test_tomllib/data/invalid/multiline-basic-str/unclosed-ends-in-whitespace-escape.toml /home/inrack/.local/cpython-3.14.7t/lib/python3.14t/test/test_tomllib/data/invalid/multiline-basic-str
/usr/bin/install -c -m 644 ./Lib/test/test_tomllib/data/invalid/multiline-literal-str/file-ends-after-opening.toml /home/inrack/.local/cpython-3.14.7t/lib/python3.14t/test/test_tomllib/data/invalid/multiline-literal-str
/usr/bin/install -c -m 644 ./Lib/test/test_tomllib/data/invalid/multiline-literal-str/unclosed.toml /home/inrack/.local/cpython-3.14.7t/lib/python3.14t/test/test_tomllib/data/invalid/multiline-literal-str
/usr/bin/install -c -m 644 ./Lib/test/test_tomllib/data/invalid/table/eof-after-opening.toml /home/inrack/.local/cpython-3.14.7t/lib/python3.14t/test/test_tomllib/data/invalid/table
/usr/bin/install -c -m 644 ./Lib/test/test_tomllib/data/invalid/table/redefine-1.toml /home/inrack/.local/cpython-3.14.7t/lib/python3.14t/test/test_tomllib/data/invalid/table
/usr/bin/install -c -m 644 ./Lib/test/test_tomllib/data/invalid/table/redefine-2.toml /home/inrack/.local/cpython-3.14.7t/lib/python3.14t/test/test_tomllib/data/invalid/table
/usr/bin/install -c -m 644 ./Lib/test/test_tomllib/data/valid/apostrophes-in-literal-string.json /home/inrack/.local/cpython-3.14.7t/lib/python3.14t/test/test_tomllib/data/valid
/usr/bin/install -c -m 644 ./Lib/test/test_tomllib/data/valid/apostrophes-in-literal-string.toml /home/inrack/.local/cpython-3.14.7t/lib/python3.14t/test/test_tomllib/data/valid
/usr/bin/install -c -m 644 ./Lib/test/test_tomllib/data/valid/boolean.json /home/inrack/.local/cpython-3.14.7t/lib/python3.14t/test/test_tomllib/data/valid
/usr/bin/install -c -m 644 ./Lib/test/test_tomllib/data/valid/boolean.toml /home/inrack/.local/cpython-3.14.7t/lib/python3.14t/test/test_tomllib/data/valid
/usr/bin/install -c -m 644 ./Lib/test/test_tomllib/data/valid/empty-inline-table.json /home/inrack/.local/cpython-3.14.7t/lib/python3.14t/test/test_tomllib/data/valid
/usr/bin/install -c -m 644 ./Lib/test/test_tomllib/data/valid/empty-inline-table.toml /home/inrack/.local/cpython-3.14.7t/lib/python3.14t/test/test_tomllib/data/valid
/usr/bin/install -c -m 644 ./Lib/test/test_tomllib/data/valid/five-quotes.json /home/inrack/.local/cpython-3.14.7t/lib/python3.14t/test/test_tomllib/data/valid
/usr/bin/install -c -m 644 ./Lib/test/test_tomllib/data/valid/five-quotes.toml /home/inrack/.local/cpython-3.14.7t/lib/python3.14t/test/test_tomllib/data/valid
/usr/bin/install -c -m 644 ./Lib/test/test_tomllib/data/valid/hex-char.json /home/inrack/.local/cpython-3.14.7t/lib/python3.14t/test/test_tomllib/data/valid
/usr/bin/install -c -m 644 ./Lib/test/test_tomllib/data/valid/hex-char.toml /home/inrack/.local/cpython-3.14.7t/lib/python3.14t/test/test_tomllib/data/valid
/usr/bin/install -c -m 644 ./Lib/test/test_tomllib/data/valid/no-newlines.json /home/inrack/.local/cpython-3.14.7t/lib/python3.14t/test/test_tomllib/data/valid
/usr/bin/install -c -m 644 ./Lib/test/test_tomllib/data/valid/no-newlines.toml /home/inrack/.local/cpython-3.14.7t/lib/python3.14t/test/test_tomllib/data/valid
/usr/bin/install -c -m 644 ./Lib/test/test_tomllib/data/valid/trailing-comma.json /home/inrack/.local/cpython-3.14.7t/lib/python3.14t/test/test_tomllib/data/valid
/usr/bin/install -c -m 644 ./Lib/test/test_tomllib/data/valid/trailing-comma.toml /home/inrack/.local/cpython-3.14.7t/lib/python3.14t/test/test_tomllib/data/valid
/usr/bin/install -c -m 644 ./Lib/test/test_tomllib/data/valid/array/array-subtables.json /home/inrack/.local/cpython-3.14.7t/lib/python3.14t/test/test_tomllib/data/valid/array
/usr/bin/install -c -m 644 ./Lib/test/test_tomllib/data/valid/array/array-subtables.toml /home/inrack/.local/cpython-3.14.7t/lib/python3.14t/test/test_tomllib/data/valid/array
/usr/bin/install -c -m 644 ./Lib/test/test_tomllib/data/valid/array/open-parent-table.json /home/inrack/.local/cpython-3.14.7t/lib/python3.14t/test/test_tomllib/data/valid/array
/usr/bin/install -c -m 644 ./Lib/test/test_tomllib/data/valid/array/open-parent-table.toml /home/inrack/.local/cpython-3.14.7t/lib/python3.14t/test/test_tomllib/data/valid/array
/usr/bin/install -c -m 644 ./Lib/test/test_tomllib/data/valid/dates-and-times/datetimes.json /home/inrack/.local/cpython-3.14.7t/lib/python3.14t/test/test_tomllib/data/valid/dates-and-times
/usr/bin/install -c -m 644 ./Lib/test/test_tomllib/data/valid/dates-and-times/datetimes.toml /home/inrack/.local/cpython-3.14.7t/lib/python3.14t/test/test_tomllib/data/valid/dates-and-times
/usr/bin/install -c -m 644 ./Lib/test/test_tomllib/data/valid/dates-and-times/localtime.json /home/inrack/.local/cpython-3.14.7t/lib/python3.14t/test/test_tomllib/data/valid/dates-and-times
/usr/bin/install -c -m 644 ./Lib/test/test_tomllib/data/valid/dates-and-times/localtime.toml /home/inrack/.local/cpython-3.14.7t/lib/python3.14t/test/test_tomllib/data/valid/dates-and-times
/usr/bin/install -c -m 644 ./Lib/test/test_tomllib/data/valid/multiline-basic-str/ends-in-whitespace-escape.json /home/inrack/.local/cpython-3.14.7t/lib/python3.14t/test/test_tomllib/data/valid/multiline-basic-str
/usr/bin/install -c -m 644 ./Lib/test/test_tomllib/data/valid/multiline-basic-str/ends-in-whitespace-escape.toml /home/inrack/.local/cpython-3.14.7t/lib/python3.14t/test/test_tomllib/data/valid/multiline-basic-str
/usr/bin/install -c -m 644 ./Lib/test/test_tools/__init__.py /home/inrack/.local/cpython-3.14.7t/lib/python3.14t/test/test_tools
/usr/bin/install -c -m 644 ./Lib/test/test_tools/__main__.py /home/inrack/.local/cpython-3.14.7t/lib/python3.14t/test/test_tools
/usr/bin/install -c -m 644 ./Lib/test/test_tools/test_compute_changes.py /home/inrack/.local/cpython-3.14.7t/lib/python3.14t/test/test_tools
/usr/bin/install -c -m 644 ./Lib/test/test_tools/test_freeze.py /home/inrack/.local/cpython-3.14.7t/lib/python3.14t/test/test_tools
/usr/bin/install -c -m 644 ./Lib/test/test_tools/test_i18n.py /home/inrack/.local/cpython-3.14.7t/lib/python3.14t/test/test_tools
/usr/bin/install -c -m 644 ./Lib/test/test_tools/test_makefile.py /home/inrack/.local/cpython-3.14.7t/lib/python3.14t/test/test_tools
/usr/bin/install -c -m 644 ./Lib/test/test_tools/test_makeunicodedata.py /home/inrack/.local/cpython-3.14.7t/lib/python3.14t/test/test_tools
/usr/bin/install -c -m 644 ./Lib/test/test_tools/test_msgfmt.py /home/inrack/.local/cpython-3.14.7t/lib/python3.14t/test/test_tools
/usr/bin/install -c -m 644 ./Lib/test/test_tools/test_reindent.py /home/inrack/.local/cpython-3.14.7t/lib/python3.14t/test/test_tools
/usr/bin/install -c -m 644 ./Lib/test/test_tools/test_sundry.py /home/inrack/.local/cpython-3.14.7t/lib/python3.14t/test/test_tools
/usr/bin/install -c -m 644 ./Lib/test/test_tools/i18n_data/ascii-escapes.pot /home/inrack/.local/cpython-3.14.7t/lib/python3.14t/test/test_tools/i18n_data
/usr/bin/install -c -m 644 ./Lib/test/test_tools/i18n_data/comments.pot /home/inrack/.local/cpython-3.14.7t/lib/python3.14t/test/test_tools/i18n_data
/usr/bin/install -c -m 644 ./Lib/test/test_tools/i18n_data/comments.py /home/inrack/.local/cpython-3.14.7t/lib/python3.14t/test/test_tools/i18n_data
/usr/bin/install -c -m 644 ./Lib/test/test_tools/i18n_data/custom_keywords.pot /home/inrack/.local/cpython-3.14.7t/lib/python3.14t/test/test_tools/i18n_data
/usr/bin/install -c -m 644 ./Lib/test/test_tools/i18n_data/custom_keywords.py /home/inrack/.local/cpython-3.14.7t/lib/python3.14t/test/test_tools/i18n_data
/usr/bin/install -c -m 644 ./Lib/test/test_tools/i18n_data/docstrings.pot /home/inrack/.local/cpython-3.14.7t/lib/python3.14t/test/test_tools/i18n_data
/usr/bin/install -c -m 644 ./Lib/test/test_tools/i18n_data/docstrings.py /home/inrack/.local/cpython-3.14.7t/lib/python3.14t/test/test_tools/i18n_data
/usr/bin/install -c -m 644 ./Lib/test/test_tools/i18n_data/escapes.pot /home/inrack/.local/cpython-3.14.7t/lib/python3.14t/test/test_tools/i18n_data
/usr/bin/install -c -m 644 ./Lib/test/test_tools/i18n_data/escapes.py /home/inrack/.local/cpython-3.14.7t/lib/python3.14t/test/test_tools/i18n_data
/usr/bin/install -c -m 644 ./Lib/test/test_tools/i18n_data/fileloc.pot /home/inrack/.local/cpython-3.14.7t/lib/python3.14t/test/test_tools/i18n_data
/usr/bin/install -c -m 644 ./Lib/test/test_tools/i18n_data/fileloc.py /home/inrack/.local/cpython-3.14.7t/lib/python3.14t/test/test_tools/i18n_data
/usr/bin/install -c -m 644 ./Lib/test/test_tools/i18n_data/messages.pot /home/inrack/.local/cpython-3.14.7t/lib/python3.14t/test/test_tools/i18n_data
/usr/bin/install -c -m 644 ./Lib/test/test_tools/i18n_data/messages.py /home/inrack/.local/cpython-3.14.7t/lib/python3.14t/test/test_tools/i18n_data
/usr/bin/install -c -m 644 ./Lib/test/test_tools/i18n_data/multiple_keywords.pot /home/inrack/.local/cpython-3.14.7t/lib/python3.14t/test/test_tools/i18n_data
/usr/bin/install -c -m 644 ./Lib/test/test_tools/i18n_data/multiple_keywords.py /home/inrack/.local/cpython-3.14.7t/lib/python3.14t/test/test_tools/i18n_data
/usr/bin/install -c -m 644 ./Lib/test/test_tools/msgfmt_data/fuzzy.json /home/inrack/.local/cpython-3.14.7t/lib/python3.14t/test/test_tools/msgfmt_data
/usr/bin/install -c -m 644 ./Lib/test/test_tools/msgfmt_data/fuzzy.mo /home/inrack/.local/cpython-3.14.7t/lib/python3.14t/test/test_tools/msgfmt_data
/usr/bin/install -c -m 644 ./Lib/test/test_tools/msgfmt_data/fuzzy.po /home/inrack/.local/cpython-3.14.7t/lib/python3.14t/test/test_tools/msgfmt_data
/usr/bin/install -c -m 644 ./Lib/test/test_tools/msgfmt_data/general.json /home/inrack/.local/cpython-3.14.7t/lib/python3.14t/test/test_tools/msgfmt_data
/usr/bin/install -c -m 644 ./Lib/test/test_tools/msgfmt_data/general.mo /home/inrack/.local/cpython-3.14.7t/lib/python3.14t/test/test_tools/msgfmt_data
/usr/bin/install -c -m 644 ./Lib/test/test_tools/msgfmt_data/general.po /home/inrack/.local/cpython-3.14.7t/lib/python3.14t/test/test_tools/msgfmt_data
/usr/bin/install -c -m 644 ./Lib/test/test_ttk/__init__.py /home/inrack/.local/cpython-3.14.7t/lib/python3.14t/test/test_ttk
/usr/bin/install -c -m 644 ./Lib/test/test_ttk/__main__.py /home/inrack/.local/cpython-3.14.7t/lib/python3.14t/test/test_ttk
/usr/bin/install -c -m 644 ./Lib/test/test_ttk/test_extensions.py /home/inrack/.local/cpython-3.14.7t/lib/python3.14t/test/test_ttk
/usr/bin/install -c -m 644 ./Lib/test/test_ttk/test_style.py /home/inrack/.local/cpython-3.14.7t/lib/python3.14t/test/test_ttk
/usr/bin/install -c -m 644 ./Lib/test/test_ttk/test_widgets.py /home/inrack/.local/cpython-3.14.7t/lib/python3.14t/test/test_ttk
/usr/bin/install -c -m 644 ./Lib/test/test_unittest/__init__.py /home/inrack/.local/cpython-3.14.7t/lib/python3.14t/test/test_unittest
/usr/bin/install -c -m 644 ./Lib/test/test_unittest/__main__.py /home/inrack/.local/cpython-3.14.7t/lib/python3.14t/test/test_unittest
/usr/bin/install -c -m 644 ./Lib/test/test_unittest/_test_warnings.py /home/inrack/.local/cpython-3.14.7t/lib/python3.14t/test/test_unittest
/usr/bin/install -c -m 644 ./Lib/test/test_unittest/dummy.py /home/inrack/.local/cpython-3.14.7t/lib/python3.14t/test/test_unittest
/usr/bin/install -c -m 644 ./Lib/test/test_unittest/support.py /home/inrack/.local/cpython-3.14.7t/lib/python3.14t/test/test_unittest
/usr/bin/install -c -m 644 ./Lib/test/test_unittest/test_assertions.py /home/inrack/.local/cpython-3.14.7t/lib/python3.14t/test/test_unittest
/usr/bin/install -c -m 644 ./Lib/test/test_unittest/test_async_case.py /home/inrack/.local/cpython-3.14.7t/lib/python3.14t/test/test_unittest
/usr/bin/install -c -m 644 ./Lib/test/test_unittest/test_break.py /home/inrack/.local/cpython-3.14.7t/lib/python3.14t/test/test_unittest
/usr/bin/install -c -m 644 ./Lib/test/test_unittest/test_case.py /home/inrack/.local/cpython-3.14.7t/lib/python3.14t/test/test_unittest
/usr/bin/install -c -m 644 ./Lib/test/test_unittest/test_discovery.py /home/inrack/.local/cpython-3.14.7t/lib/python3.14t/test/test_unittest
/usr/bin/install -c -m 644 ./Lib/test/test_unittest/test_functiontestcase.py /home/inrack/.local/cpython-3.14.7t/lib/python3.14t/test/test_unittest
/usr/bin/install -c -m 644 ./Lib/test/test_unittest/test_loader.py /home/inrack/.local/cpython-3.14.7t/lib/python3.14t/test/test_unittest
/usr/bin/install -c -m 644 ./Lib/test/test_unittest/test_program.py /home/inrack/.local/cpython-3.14.7t/lib/python3.14t/test/test_unittest
/usr/bin/install -c -m 644 ./Lib/test/test_unittest/test_result.py /home/inrack/.local/cpython-3.14.7t/lib/python3.14t/test/test_unittest
/usr/bin/install -c -m 644 ./Lib/test/test_unittest/test_runner.py /home/inrack/.local/cpython-3.14.7t/lib/python3.14t/test/test_unittest
/usr/bin/install -c -m 644 ./Lib/test/test_unittest/test_setups.py /home/inrack/.local/cpython-3.14.7t/lib/python3.14t/test/test_unittest
/usr/bin/install -c -m 644 ./Lib/test/test_unittest/test_skipping.py /home/inrack/.local/cpython-3.14.7t/lib/python3.14t/test/test_unittest
/usr/bin/install -c -m 644 ./Lib/test/test_unittest/test_suite.py /home/inrack/.local/cpython-3.14.7t/lib/python3.14t/test/test_unittest
/usr/bin/install -c -m 644 ./Lib/test/test_unittest/test_util.py /home/inrack/.local/cpython-3.14.7t/lib/python3.14t/test/test_unittest
/usr/bin/install -c -m 644 ./Lib/test/test_unittest/namespace_test_pkg/test_foo.py /home/inrack/.local/cpython-3.14.7t/lib/python3.14t/test/test_unittest/namespace_test_pkg
/usr/bin/install -c -m 644 ./Lib/test/test_unittest/namespace_test_pkg/bar/__init__.py /home/inrack/.local/cpython-3.14.7t/lib/python3.14t/test/test_unittest/namespace_test_pkg/bar
/usr/bin/install -c -m 644 ./Lib/test/test_unittest/namespace_test_pkg/bar/test_bar.py /home/inrack/.local/cpython-3.14.7t/lib/python3.14t/test/test_unittest/namespace_test_pkg/bar
/usr/bin/install -c -m 644 ./Lib/test/test_unittest/namespace_test_pkg/noop/test_noop.py /home/inrack/.local/cpython-3.14.7t/lib/python3.14t/test/test_unittest/namespace_test_pkg/noop
/usr/bin/install -c -m 644 ./Lib/test/test_unittest/namespace_test_pkg/noop/no2/__init__.py /home/inrack/.local/cpython-3.14.7t/lib/python3.14t/test/test_unittest/namespace_test_pkg/noop/no2
/usr/bin/install -c -m 644 ./Lib/test/test_unittest/namespace_test_pkg/noop/no2/test_no2.py /home/inrack/.local/cpython-3.14.7t/lib/python3.14t/test/test_unittest/namespace_test_pkg/noop/no2
/usr/bin/install -c -m 644 ./Lib/test/test_unittest/testmock/__init__.py /home/inrack/.local/cpython-3.14.7t/lib/python3.14t/test/test_unittest/testmock
/usr/bin/install -c -m 644 ./Lib/test/test_unittest/testmock/__main__.py /home/inrack/.local/cpython-3.14.7t/lib/python3.14t/test/test_unittest/testmock
/usr/bin/install -c -m 644 ./Lib/test/test_unittest/testmock/support.py /home/inrack/.local/cpython-3.14.7t/lib/python3.14t/test/test_unittest/testmock
/usr/bin/install -c -m 644 ./Lib/test/test_unittest/testmock/testasync.py /home/inrack/.local/cpython-3.14.7t/lib/python3.14t/test/test_unittest/testmock
/usr/bin/install -c -m 644 ./Lib/test/test_unittest/testmock/testcallable.py /home/inrack/.local/cpython-3.14.7t/lib/python3.14t/test/test_unittest/testmock
/usr/bin/install -c -m 644 ./Lib/test/test_unittest/testmock/testhelpers.py /home/inrack/.local/cpython-3.14.7t/lib/python3.14t/test/test_unittest/testmock
/usr/bin/install -c -m 644 ./Lib/test/test_unittest/testmock/testmagicmethods.py /home/inrack/.local/cpython-3.14.7t/lib/python3.14t/test/test_unittest/testmock
/usr/bin/install -c -m 644 ./Lib/test/test_unittest/testmock/testmock.py /home/inrack/.local/cpython-3.14.7t/lib/python3.14t/test/test_unittest/testmock
/usr/bin/install -c -m 644 ./Lib/test/test_unittest/testmock/testpatch.py /home/inrack/.local/cpython-3.14.7t/lib/python3.14t/test/test_unittest/testmock
/usr/bin/install -c -m 644 ./Lib/test/test_unittest/testmock/testsealable.py /home/inrack/.local/cpython-3.14.7t/lib/python3.14t/test/test_unittest/testmock
/usr/bin/install -c -m 644 ./Lib/test/test_unittest/testmock/testsentinel.py /home/inrack/.local/cpython-3.14.7t/lib/python3.14t/test/test_unittest/testmock
/usr/bin/install -c -m 644 ./Lib/test/test_unittest/testmock/testthreadingmock.py /home/inrack/.local/cpython-3.14.7t/lib/python3.14t/test/test_unittest/testmock
/usr/bin/install -c -m 644 ./Lib/test/test_unittest/testmock/testwith.py /home/inrack/.local/cpython-3.14.7t/lib/python3.14t/test/test_unittest/testmock
/usr/bin/install -c -m 644 ./Lib/test/test_warnings/__init__.py /home/inrack/.local/cpython-3.14.7t/lib/python3.14t/test/test_warnings
/usr/bin/install -c -m 644 ./Lib/test/test_warnings/__main__.py /home/inrack/.local/cpython-3.14.7t/lib/python3.14t/test/test_warnings
/usr/bin/install -c -m 644 ./Lib/test/test_warnings/data/import_warning.py /home/inrack/.local/cpython-3.14.7t/lib/python3.14t/test/test_warnings/data
/usr/bin/install -c -m 644 ./Lib/test/test_warnings/data/package_helper.py /home/inrack/.local/cpython-3.14.7t/lib/python3.14t/test/test_warnings/data
/usr/bin/install -c -m 644 ./Lib/test/test_warnings/data/stacklevel.py /home/inrack/.local/cpython-3.14.7t/lib/python3.14t/test/test_warnings/data
/usr/bin/install -c -m 644 ./Lib/test/test_zipfile/__init__.py /home/inrack/.local/cpython-3.14.7t/lib/python3.14t/test/test_zipfile
/usr/bin/install -c -m 644 ./Lib/test/test_zipfile/__main__.py /home/inrack/.local/cpython-3.14.7t/lib/python3.14t/test/test_zipfile
/usr/bin/install -c -m 644 ./Lib/test/test_zipfile/test_core.py /home/inrack/.local/cpython-3.14.7t/lib/python3.14t/test/test_zipfile
/usr/bin/install -c -m 644 ./Lib/test/test_zipfile/_path/__init__.py /home/inrack/.local/cpython-3.14.7t/lib/python3.14t/test/test_zipfile/_path
/usr/bin/install -c -m 644 ./Lib/test/test_zipfile/_path/_functools.py /home/inrack/.local/cpython-3.14.7t/lib/python3.14t/test/test_zipfile/_path
/usr/bin/install -c -m 644 ./Lib/test/test_zipfile/_path/_itertools.py /home/inrack/.local/cpython-3.14.7t/lib/python3.14t/test/test_zipfile/_path
/usr/bin/install -c -m 644 ./Lib/test/test_zipfile/_path/_support.py /home/inrack/.local/cpython-3.14.7t/lib/python3.14t/test/test_zipfile/_path
/usr/bin/install -c -m 644 ./Lib/test/test_zipfile/_path/_test_params.py /home/inrack/.local/cpython-3.14.7t/lib/python3.14t/test/test_zipfile/_path
/usr/bin/install -c -m 644 ./Lib/test/test_zipfile/_path/test_complexity.py /home/inrack/.local/cpython-3.14.7t/lib/python3.14t/test/test_zipfile/_path
/usr/bin/install -c -m 644 ./Lib/test/test_zipfile/_path/test_path.py /home/inrack/.local/cpython-3.14.7t/lib/python3.14t/test/test_zipfile/_path
/usr/bin/install -c -m 644 ./Lib/test/test_zipfile/_path/write-alpharep.py /home/inrack/.local/cpython-3.14.7t/lib/python3.14t/test/test_zipfile/_path
/usr/bin/install -c -m 644 ./Lib/test/test_zoneinfo/__init__.py /home/inrack/.local/cpython-3.14.7t/lib/python3.14t/test/test_zoneinfo
/usr/bin/install -c -m 644 ./Lib/test/test_zoneinfo/__main__.py /home/inrack/.local/cpython-3.14.7t/lib/python3.14t/test/test_zoneinfo
/usr/bin/install -c -m 644 ./Lib/test/test_zoneinfo/_support.py /home/inrack/.local/cpython-3.14.7t/lib/python3.14t/test/test_zoneinfo
/usr/bin/install -c -m 644 ./Lib/test/test_zoneinfo/test_zoneinfo.py /home/inrack/.local/cpython-3.14.7t/lib/python3.14t/test/test_zoneinfo
/usr/bin/install -c -m 644 ./Lib/test/test_zoneinfo/test_zoneinfo_property.py /home/inrack/.local/cpython-3.14.7t/lib/python3.14t/test/test_zoneinfo
/usr/bin/install -c -m 644 ./Lib/test/test_zoneinfo/data/update_test_data.py /home/inrack/.local/cpython-3.14.7t/lib/python3.14t/test/test_zoneinfo/data
/usr/bin/install -c -m 644 ./Lib/test/test_zoneinfo/data/zoneinfo_data.json /home/inrack/.local/cpython-3.14.7t/lib/python3.14t/test/test_zoneinfo/data
/usr/bin/install -c -m 644 ./Lib/test/tkinterdata/python.gif /home/inrack/.local/cpython-3.14.7t/lib/python3.14t/test/tkinterdata
/usr/bin/install -c -m 644 ./Lib/test/tkinterdata/python.pgm /home/inrack/.local/cpython-3.14.7t/lib/python3.14t/test/tkinterdata
/usr/bin/install -c -m 644 ./Lib/test/tkinterdata/python.png /home/inrack/.local/cpython-3.14.7t/lib/python3.14t/test/tkinterdata
/usr/bin/install -c -m 644 ./Lib/test/tkinterdata/python.ppm /home/inrack/.local/cpython-3.14.7t/lib/python3.14t/test/tkinterdata
/usr/bin/install -c -m 644 ./Lib/test/tkinterdata/python.xbm /home/inrack/.local/cpython-3.14.7t/lib/python3.14t/test/tkinterdata
/usr/bin/install -c -m 644 ./Lib/test/tokenizedata/__init__.py /home/inrack/.local/cpython-3.14.7t/lib/python3.14t/test/tokenizedata
/usr/bin/install -c -m 644 ./Lib/test/tokenizedata/bad_coding.py /home/inrack/.local/cpython-3.14.7t/lib/python3.14t/test/tokenizedata
/usr/bin/install -c -m 644 ./Lib/test/tokenizedata/bad_coding2.py /home/inrack/.local/cpython-3.14.7t/lib/python3.14t/test/tokenizedata
/usr/bin/install -c -m 644 ./Lib/test/tokenizedata/badsyntax_3131.py /home/inrack/.local/cpython-3.14.7t/lib/python3.14t/test/tokenizedata
/usr/bin/install -c -m 644 ./Lib/test/tokenizedata/badsyntax_pep3120.py /home/inrack/.local/cpython-3.14.7t/lib/python3.14t/test/tokenizedata
/usr/bin/install -c -m 644 ./Lib/test/tokenizedata/coding20731.py /home/inrack/.local/cpython-3.14.7t/lib/python3.14t/test/tokenizedata
/usr/bin/install -c -m 644 ./Lib/test/tokenizedata/tokenize_tests-latin1-coding-cookie-and-utf8-bom-sig.txt /home/inrack/.local/cpython-3.14.7t/lib/python3.14t/test/tokenizedata
/usr/bin/install -c -m 644 ./Lib/test/tokenizedata/tokenize_tests-no-coding-cookie-and-utf8-bom-sig-only.txt /home/inrack/.local/cpython-3.14.7t/lib/python3.14t/test/tokenizedata
/usr/bin/install -c -m 644 ./Lib/test/tokenizedata/tokenize_tests-utf8-coding-cookie-and-no-utf8-bom-sig.txt /home/inrack/.local/cpython-3.14.7t/lib/python3.14t/test/tokenizedata
/usr/bin/install -c -m 644 ./Lib/test/tokenizedata/tokenize_tests-utf8-coding-cookie-and-utf8-bom-sig.txt /home/inrack/.local/cpython-3.14.7t/lib/python3.14t/test/tokenizedata
/usr/bin/install -c -m 644 ./Lib/test/tokenizedata/tokenize_tests.txt /home/inrack/.local/cpython-3.14.7t/lib/python3.14t/test/tokenizedata
/usr/bin/install -c -m 644 ./Lib/test/tracedmodules/__init__.py /home/inrack/.local/cpython-3.14.7t/lib/python3.14t/test/tracedmodules
/usr/bin/install -c -m 644 ./Lib/test/tracedmodules/testmod.py /home/inrack/.local/cpython-3.14.7t/lib/python3.14t/test/tracedmodules
/usr/bin/install -c -m 644 ./Lib/test/translationdata/argparse/msgids.txt /home/inrack/.local/cpython-3.14.7t/lib/python3.14t/test/translationdata/argparse
/usr/bin/install -c -m 644 ./Lib/test/translationdata/getopt/msgids.txt /home/inrack/.local/cpython-3.14.7t/lib/python3.14t/test/translationdata/getopt
/usr/bin/install -c -m 644 ./Lib/test/translationdata/optparse/msgids.txt /home/inrack/.local/cpython-3.14.7t/lib/python3.14t/test/translationdata/optparse
/usr/bin/install -c -m 644 ./Lib/test/typinganndata/__init__.py /home/inrack/.local/cpython-3.14.7t/lib/python3.14t/test/typinganndata
/usr/bin/install -c -m 644 ./Lib/test/typinganndata/_typed_dict_helper.py /home/inrack/.local/cpython-3.14.7t/lib/python3.14t/test/typinganndata
/usr/bin/install -c -m 644 ./Lib/test/typinganndata/ann_module.py /home/inrack/.local/cpython-3.14.7t/lib/python3.14t/test/typinganndata
/usr/bin/install -c -m 644 ./Lib/test/typinganndata/ann_module2.py /home/inrack/.local/cpython-3.14.7t/lib/python3.14t/test/typinganndata
/usr/bin/install -c -m 644 ./Lib/test/typinganndata/ann_module3.py /home/inrack/.local/cpython-3.14.7t/lib/python3.14t/test/typinganndata
/usr/bin/install -c -m 644 ./Lib/test/typinganndata/ann_module4.py /home/inrack/.local/cpython-3.14.7t/lib/python3.14t/test/typinganndata
/usr/bin/install -c -m 644 ./Lib/test/typinganndata/ann_module5.py /home/inrack/.local/cpython-3.14.7t/lib/python3.14t/test/typinganndata
/usr/bin/install -c -m 644 ./Lib/test/typinganndata/ann_module6.py /home/inrack/.local/cpython-3.14.7t/lib/python3.14t/test/typinganndata
/usr/bin/install -c -m 644 ./Lib/test/typinganndata/ann_module695.py /home/inrack/.local/cpython-3.14.7t/lib/python3.14t/test/typinganndata
/usr/bin/install -c -m 644 ./Lib/test/typinganndata/ann_module7.py /home/inrack/.local/cpython-3.14.7t/lib/python3.14t/test/typinganndata
/usr/bin/install -c -m 644 ./Lib/test/typinganndata/ann_module8.py /home/inrack/.local/cpython-3.14.7t/lib/python3.14t/test/typinganndata
/usr/bin/install -c -m 644 ./Lib/test/typinganndata/ann_module9.py /home/inrack/.local/cpython-3.14.7t/lib/python3.14t/test/typinganndata
/usr/bin/install -c -m 644 ./Lib/test/typinganndata/fwdref_module.py /home/inrack/.local/cpython-3.14.7t/lib/python3.14t/test/typinganndata
/usr/bin/install -c -m 644 ./Lib/test/typinganndata/mod_generics_cache.py /home/inrack/.local/cpython-3.14.7t/lib/python3.14t/test/typinganndata
/usr/bin/install -c -m 644 ./Lib/test/typinganndata/partialexecution/__init__.py /home/inrack/.local/cpython-3.14.7t/lib/python3.14t/test/typinganndata/partialexecution
/usr/bin/install -c -m 644 ./Lib/test/typinganndata/partialexecution/a.py /home/inrack/.local/cpython-3.14.7t/lib/python3.14t/test/typinganndata/partialexecution
/usr/bin/install -c -m 644 ./Lib/test/typinganndata/partialexecution/b.py /home/inrack/.local/cpython-3.14.7t/lib/python3.14t/test/typinganndata/partialexecution
/usr/bin/install -c -m 644 ./Lib/test/wheeldata/setuptools-79.0.1-py3-none-any.whl /home/inrack/.local/cpython-3.14.7t/lib/python3.14t/test/wheeldata
/usr/bin/install -c -m 644 ./Lib/test/xmltestdata/expat224_utf8_bug.xml /home/inrack/.local/cpython-3.14.7t/lib/python3.14t/test/xmltestdata
/usr/bin/install -c -m 644 ./Lib/test/xmltestdata/simple-ns.xml /home/inrack/.local/cpython-3.14.7t/lib/python3.14t/test/xmltestdata
/usr/bin/install -c -m 644 ./Lib/test/xmltestdata/simple.xml /home/inrack/.local/cpython-3.14.7t/lib/python3.14t/test/xmltestdata
/usr/bin/install -c -m 644 ./Lib/test/xmltestdata/test.xml /home/inrack/.local/cpython-3.14.7t/lib/python3.14t/test/xmltestdata
/usr/bin/install -c -m 644 ./Lib/test/xmltestdata/test.xml.out /home/inrack/.local/cpython-3.14.7t/lib/python3.14t/test/xmltestdata
/usr/bin/install -c -m 644 ./Lib/test/xmltestdata/c14n-20/README /home/inrack/.local/cpython-3.14.7t/lib/python3.14t/test/xmltestdata/c14n-20
/usr/bin/install -c -m 644 ./Lib/test/xmltestdata/c14n-20/c14nComment.xml /home/inrack/.local/cpython-3.14.7t/lib/python3.14t/test/xmltestdata/c14n-20
/usr/bin/install -c -m 644 ./Lib/test/xmltestdata/c14n-20/c14nDefault.xml /home/inrack/.local/cpython-3.14.7t/lib/python3.14t/test/xmltestdata/c14n-20
/usr/bin/install -c -m 644 ./Lib/test/xmltestdata/c14n-20/c14nPrefix.xml /home/inrack/.local/cpython-3.14.7t/lib/python3.14t/test/xmltestdata/c14n-20
/usr/bin/install -c -m 644 ./Lib/test/xmltestdata/c14n-20/c14nPrefixQname.xml /home/inrack/.local/cpython-3.14.7t/lib/python3.14t/test/xmltestdata/c14n-20
/usr/bin/install -c -m 644 ./Lib/test/xmltestdata/c14n-20/c14nPrefixQnameXpathElem.xml /home/inrack/.local/cpython-3.14.7t/lib/python3.14t/test/xmltestdata/c14n-20
/usr/bin/install -c -m 644 ./Lib/test/xmltestdata/c14n-20/c14nQname.xml /home/inrack/.local/cpython-3.14.7t/lib/python3.14t/test/xmltestdata/c14n-20
/usr/bin/install -c -m 644 ./Lib/test/xmltestdata/c14n-20/c14nQnameElem.xml /home/inrack/.local/cpython-3.14.7t/lib/python3.14t/test/xmltestdata/c14n-20
/usr/bin/install -c -m 644 ./Lib/test/xmltestdata/c14n-20/c14nQnameXpathElem.xml /home/inrack/.local/cpython-3.14.7t/lib/python3.14t/test/xmltestdata/c14n-20
/usr/bin/install -c -m 644 ./Lib/test/xmltestdata/c14n-20/c14nTrim.xml /home/inrack/.local/cpython-3.14.7t/lib/python3.14t/test/xmltestdata/c14n-20
/usr/bin/install -c -m 644 ./Lib/test/xmltestdata/c14n-20/doc.dtd /home/inrack/.local/cpython-3.14.7t/lib/python3.14t/test/xmltestdata/c14n-20
/usr/bin/install -c -m 644 ./Lib/test/xmltestdata/c14n-20/doc.xsl /home/inrack/.local/cpython-3.14.7t/lib/python3.14t/test/xmltestdata/c14n-20
/usr/bin/install -c -m 644 ./Lib/test/xmltestdata/c14n-20/inC14N1.xml /home/inrack/.local/cpython-3.14.7t/lib/python3.14t/test/xmltestdata/c14n-20
/usr/bin/install -c -m 644 ./Lib/test/xmltestdata/c14n-20/inC14N2.xml /home/inrack/.local/cpython-3.14.7t/lib/python3.14t/test/xmltestdata/c14n-20
/usr/bin/install -c -m 644 ./Lib/test/xmltestdata/c14n-20/inC14N3.xml /home/inrack/.local/cpython-3.14.7t/lib/python3.14t/test/xmltestdata/c14n-20
/usr/bin/install -c -m 644 ./Lib/test/xmltestdata/c14n-20/inC14N4.xml /home/inrack/.local/cpython-3.14.7t/lib/python3.14t/test/xmltestdata/c14n-20
/usr/bin/install -c -m 644 ./Lib/test/xmltestdata/c14n-20/inC14N5.xml /home/inrack/.local/cpython-3.14.7t/lib/python3.14t/test/xmltestdata/c14n-20
/usr/bin/install -c -m 644 ./Lib/test/xmltestdata/c14n-20/inC14N6.xml /home/inrack/.local/cpython-3.14.7t/lib/python3.14t/test/xmltestdata/c14n-20
/usr/bin/install -c -m 644 ./Lib/test/xmltestdata/c14n-20/inNsContent.xml /home/inrack/.local/cpython-3.14.7t/lib/python3.14t/test/xmltestdata/c14n-20
/usr/bin/install -c -m 644 ./Lib/test/xmltestdata/c14n-20/inNsDefault.xml /home/inrack/.local/cpython-3.14.7t/lib/python3.14t/test/xmltestdata/c14n-20
/usr/bin/install -c -m 644 ./Lib/test/xmltestdata/c14n-20/inNsPushdown.xml /home/inrack/.local/cpython-3.14.7t/lib/python3.14t/test/xmltestdata/c14n-20
/usr/bin/install -c -m 644 ./Lib/test/xmltestdata/c14n-20/inNsRedecl.xml /home/inrack/.local/cpython-3.14.7t/lib/python3.14t/test/xmltestdata/c14n-20
/usr/bin/install -c -m 644 ./Lib/test/xmltestdata/c14n-20/inNsSort.xml /home/inrack/.local/cpython-3.14.7t/lib/python3.14t/test/xmltestdata/c14n-20
/usr/bin/install -c -m 644 ./Lib/test/xmltestdata/c14n-20/inNsSuperfluous.xml /home/inrack/.local/cpython-3.14.7t/lib/python3.14t/test/xmltestdata/c14n-20
/usr/bin/install -c -m 644 ./Lib/test/xmltestdata/c14n-20/inNsXml.xml /home/inrack/.local/cpython-3.14.7t/lib/python3.14t/test/xmltestdata/c14n-20
/usr/bin/install -c -m 644 ./Lib/test/xmltestdata/c14n-20/out_inC14N1_c14nComment.xml /home/inrack/.local/cpython-3.14.7t/lib/python3.14t/test/xmltestdata/c14n-20
/usr/bin/install -c -m 644 ./Lib/test/xmltestdata/c14n-20/out_inC14N1_c14nDefault.xml /home/inrack/.local/cpython-3.14.7t/lib/python3.14t/test/xmltestdata/c14n-20
/usr/bin/install -c -m 644 ./Lib/test/xmltestdata/c14n-20/out_inC14N2_c14nDefault.xml /home/inrack/.local/cpython-3.14.7t/lib/python3.14t/test/xmltestdata/c14n-20
/usr/bin/install -c -m 644 ./Lib/test/xmltestdata/c14n-20/out_inC14N2_c14nTrim.xml /home/inrack/.local/cpython-3.14.7t/lib/python3.14t/test/xmltestdata/c14n-20
/usr/bin/install -c -m 644 ./Lib/test/xmltestdata/c14n-20/out_inC14N3_c14nDefault.xml /home/inrack/.local/cpython-3.14.7t/lib/python3.14t/test/xmltestdata/c14n-20
/usr/bin/install -c -m 644 ./Lib/test/xmltestdata/c14n-20/out_inC14N3_c14nPrefix.xml /home/inrack/.local/cpython-3.14.7t/lib/python3.14t/test/xmltestdata/c14n-20
/usr/bin/install -c -m 644 ./Lib/test/xmltestdata/c14n-20/out_inC14N3_c14nTrim.xml /home/inrack/.local/cpython-3.14.7t/lib/python3.14t/test/xmltestdata/c14n-20
/usr/bin/install -c -m 644 ./Lib/test/xmltestdata/c14n-20/out_inC14N4_c14nDefault.xml /home/inrack/.local/cpython-3.14.7t/lib/python3.14t/test/xmltestdata/c14n-20
/usr/bin/install -c -m 644 ./Lib/test/xmltestdata/c14n-20/out_inC14N4_c14nTrim.xml /home/inrack/.local/cpython-3.14.7t/lib/python3.14t/test/xmltestdata/c14n-20
/usr/bin/install -c -m 644 ./Lib/test/xmltestdata/c14n-20/out_inC14N5_c14nDefault.xml /home/inrack/.local/cpython-3.14.7t/lib/python3.14t/test/xmltestdata/c14n-20
/usr/bin/install -c -m 644 ./Lib/test/xmltestdata/c14n-20/out_inC14N5_c14nTrim.xml /home/inrack/.local/cpython-3.14.7t/lib/python3.14t/test/xmltestdata/c14n-20
/usr/bin/install -c -m 644 ./Lib/test/xmltestdata/c14n-20/out_inC14N6_c14nDefault.xml /home/inrack/.local/cpython-3.14.7t/lib/python3.14t/test/xmltestdata/c14n-20
/usr/bin/install -c -m 644 ./Lib/test/xmltestdata/c14n-20/out_inNsContent_c14nDefault.xml /home/inrack/.local/cpython-3.14.7t/lib/python3.14t/test/xmltestdata/c14n-20
/usr/bin/install -c -m 644 ./Lib/test/xmltestdata/c14n-20/out_inNsContent_c14nPrefixQnameXpathElem.xml /home/inrack/.local/cpython-3.14.7t/lib/python3.14t/test/xmltestdata/c14n-20
/usr/bin/install -c -m 644 ./Lib/test/xmltestdata/c14n-20/out_inNsContent_c14nQnameElem.xml /home/inrack/.local/cpython-3.14.7t/lib/python3.14t/test/xmltestdata/c14n-20
/usr/bin/install -c -m 644 ./Lib/test/xmltestdata/c14n-20/out_inNsContent_c14nQnameXpathElem.xml /home/inrack/.local/cpython-3.14.7t/lib/python3.14t/test/xmltestdata/c14n-20
/usr/bin/install -c -m 644 ./Lib/test/xmltestdata/c14n-20/out_inNsDefault_c14nDefault.xml /home/inrack/.local/cpython-3.14.7t/lib/python3.14t/test/xmltestdata/c14n-20
/usr/bin/install -c -m 644 ./Lib/test/xmltestdata/c14n-20/out_inNsDefault_c14nPrefix.xml /home/inrack/.local/cpython-3.14.7t/lib/python3.14t/test/xmltestdata/c14n-20
/usr/bin/install -c -m 644 ./Lib/test/xmltestdata/c14n-20/out_inNsPushdown_c14nDefault.xml /home/inrack/.local/cpython-3.14.7t/lib/python3.14t/test/xmltestdata/c14n-20
/usr/bin/install -c -m 644 ./Lib/test/xmltestdata/c14n-20/out_inNsPushdown_c14nPrefix.xml /home/inrack/.local/cpython-3.14.7t/lib/python3.14t/test/xmltestdata/c14n-20
/usr/bin/install -c -m 644 ./Lib/test/xmltestdata/c14n-20/out_inNsRedecl_c14nDefault.xml /home/inrack/.local/cpython-3.14.7t/lib/python3.14t/test/xmltestdata/c14n-20
/usr/bin/install -c -m 644 ./Lib/test/xmltestdata/c14n-20/out_inNsRedecl_c14nPrefix.xml /home/inrack/.local/cpython-3.14.7t/lib/python3.14t/test/xmltestdata/c14n-20
/usr/bin/install -c -m 644 ./Lib/test/xmltestdata/c14n-20/out_inNsSort_c14nDefault.xml /home/inrack/.local/cpython-3.14.7t/lib/python3.14t/test/xmltestdata/c14n-20
/usr/bin/install -c -m 644 ./Lib/test/xmltestdata/c14n-20/out_inNsSort_c14nPrefix.xml /home/inrack/.local/cpython-3.14.7t/lib/python3.14t/test/xmltestdata/c14n-20
/usr/bin/install -c -m 644 ./Lib/test/xmltestdata/c14n-20/out_inNsSuperfluous_c14nDefault.xml /home/inrack/.local/cpython-3.14.7t/lib/python3.14t/test/xmltestdata/c14n-20
/usr/bin/install -c -m 644 ./Lib/test/xmltestdata/c14n-20/out_inNsSuperfluous_c14nPrefix.xml /home/inrack/.local/cpython-3.14.7t/lib/python3.14t/test/xmltestdata/c14n-20
/usr/bin/install -c -m 644 ./Lib/test/xmltestdata/c14n-20/out_inNsXml_c14nDefault.xml /home/inrack/.local/cpython-3.14.7t/lib/python3.14t/test/xmltestdata/c14n-20
/usr/bin/install -c -m 644 ./Lib/test/xmltestdata/c14n-20/out_inNsXml_c14nPrefix.xml /home/inrack/.local/cpython-3.14.7t/lib/python3.14t/test/xmltestdata/c14n-20
/usr/bin/install -c -m 644 ./Lib/test/xmltestdata/c14n-20/out_inNsXml_c14nPrefixQname.xml /home/inrack/.local/cpython-3.14.7t/lib/python3.14t/test/xmltestdata/c14n-20
/usr/bin/install -c -m 644 ./Lib/test/xmltestdata/c14n-20/out_inNsXml_c14nQname.xml /home/inrack/.local/cpython-3.14.7t/lib/python3.14t/test/xmltestdata/c14n-20
/usr/bin/install -c -m 644 ./Lib/test/xmltestdata/c14n-20/world.txt /home/inrack/.local/cpython-3.14.7t/lib/python3.14t/test/xmltestdata/c14n-20
/usr/bin/install -c -m 644 ./Lib/test/zipimport_data/sparse-zip64-c0-0x000000000.part /home/inrack/.local/cpython-3.14.7t/lib/python3.14t/test/zipimport_data
/usr/bin/install -c -m 644 ./Lib/test/zipimport_data/sparse-zip64-c0-0x100000000.part /home/inrack/.local/cpython-3.14.7t/lib/python3.14t/test/zipimport_data
/usr/bin/install -c -m 644 ./Lib/test/zipimport_data/sparse-zip64-c0-0x200000000.part /home/inrack/.local/cpython-3.14.7t/lib/python3.14t/test/zipimport_data
/usr/bin/install -c -m 644 `cat pybuilddir.txt`/_sysconfigdata_t_linux_x86_64-linux-gnu.py /home/inrack/.local/cpython-3.14.7t/lib/python3.14t; \
/usr/bin/install -c -m 644 `cat pybuilddir.txt`/_sysconfig_vars_t_linux_x86_64-linux-gnu.json /home/inrack/.local/cpython-3.14.7t/lib/python3.14t; \
/usr/bin/install -c -m 644 `cat pybuilddir.txt`/build-details.json /home/inrack/.local/cpython-3.14.7t/lib/python3.14t; \
/usr/bin/install -c -m 644 ./LICENSE /home/inrack/.local/cpython-3.14.7t/lib/python3.14t/LICENSE.txt
PYTHONPATH=/home/inrack/.local/cpython-3.14.7t/lib/python3.14t  \
	./python -E -Wi /home/inrack/.local/cpython-3.14.7t/lib/python3.14t/compileall.py \
	-o 0 -o 1 -o 2 -j0 -d /home/inrack/.local/cpython-3.14.7t/lib/python3.14t -f \
	-x 'bad_coding|badsyntax|site-packages' \
	/home/inrack/.local/cpython-3.14.7t/lib/python3.14t
Listing '/home/inrack/.local/cpython-3.14.7t/lib/python3.14t'...
Listing '/home/inrack/.local/cpython-3.14.7t/lib/python3.14t/__phello__'...
Listing '/home/inrack/.local/cpython-3.14.7t/lib/python3.14t/_pyrepl'...
Listing '/home/inrack/.local/cpython-3.14.7t/lib/python3.14t/asyncio'...
Listing '/home/inrack/.local/cpython-3.14.7t/lib/python3.14t/collections'...
Listing '/home/inrack/.local/cpython-3.14.7t/lib/python3.14t/compression'...
Listing '/home/inrack/.local/cpython-3.14.7t/lib/python3.14t/compression/_common'...
Listing '/home/inrack/.local/cpython-3.14.7t/lib/python3.14t/compression/zstd'...
Listing '/home/inrack/.local/cpython-3.14.7t/lib/python3.14t/concurrent'...
Listing '/home/inrack/.local/cpython-3.14.7t/lib/python3.14t/concurrent/futures'...
Listing '/home/inrack/.local/cpython-3.14.7t/lib/python3.14t/concurrent/interpreters'...
Listing '/home/inrack/.local/cpython-3.14.7t/lib/python3.14t/ctypes'...
Listing '/home/inrack/.local/cpython-3.14.7t/lib/python3.14t/ctypes/macholib'...
Listing '/home/inrack/.local/cpython-3.14.7t/lib/python3.14t/curses'...
Listing '/home/inrack/.local/cpython-3.14.7t/lib/python3.14t/dbm'...
Listing '/home/inrack/.local/cpython-3.14.7t/lib/python3.14t/email'...
Listing '/home/inrack/.local/cpython-3.14.7t/lib/python3.14t/email/mime'...
Listing '/home/inrack/.local/cpython-3.14.7t/lib/python3.14t/encodings'...
Listing '/home/inrack/.local/cpython-3.14.7t/lib/python3.14t/ensurepip'...
Listing '/home/inrack/.local/cpython-3.14.7t/lib/python3.14t/ensurepip/_bundled'...
Listing '/home/inrack/.local/cpython-3.14.7t/lib/python3.14t/html'...
Listing '/home/inrack/.local/cpython-3.14.7t/lib/python3.14t/http'...
Listing '/home/inrack/.local/cpython-3.14.7t/lib/python3.14t/idlelib'...
Listing '/home/inrack/.local/cpython-3.14.7t/lib/python3.14t/idlelib/Icons'...
Listing '/home/inrack/.local/cpython-3.14.7t/lib/python3.14t/idlelib/idle_test'...
Listing '/home/inrack/.local/cpython-3.14.7t/lib/python3.14t/importlib'...
Listing '/home/inrack/.local/cpython-3.14.7t/lib/python3.14t/importlib/metadata'...
Listing '/home/inrack/.local/cpython-3.14.7t/lib/python3.14t/importlib/resources'...
Listing '/home/inrack/.local/cpython-3.14.7t/lib/python3.14t/json'...
Listing '/home/inrack/.local/cpython-3.14.7t/lib/python3.14t/logging'...
Listing '/home/inrack/.local/cpython-3.14.7t/lib/python3.14t/multiprocessing'...
Listing '/home/inrack/.local/cpython-3.14.7t/lib/python3.14t/multiprocessing/dummy'...
Listing '/home/inrack/.local/cpython-3.14.7t/lib/python3.14t/pathlib'...
Listing '/home/inrack/.local/cpython-3.14.7t/lib/python3.14t/pydoc_data'...
Listing '/home/inrack/.local/cpython-3.14.7t/lib/python3.14t/re'...
Listing '/home/inrack/.local/cpython-3.14.7t/lib/python3.14t/site-packages'...
Listing '/home/inrack/.local/cpython-3.14.7t/lib/python3.14t/sqlite3'...
Listing '/home/inrack/.local/cpython-3.14.7t/lib/python3.14t/string'...
Listing '/home/inrack/.local/cpython-3.14.7t/lib/python3.14t/sysconfig'...
Listing '/home/inrack/.local/cpython-3.14.7t/lib/python3.14t/test'...
Listing '/home/inrack/.local/cpython-3.14.7t/lib/python3.14t/test/archivetestdata'...
Listing '/home/inrack/.local/cpython-3.14.7t/lib/python3.14t/test/audiodata'...
Listing '/home/inrack/.local/cpython-3.14.7t/lib/python3.14t/test/certdata'...
Listing '/home/inrack/.local/cpython-3.14.7t/lib/python3.14t/test/certdata/capath'...
Listing '/home/inrack/.local/cpython-3.14.7t/lib/python3.14t/test/cjkencodings'...
Listing '/home/inrack/.local/cpython-3.14.7t/lib/python3.14t/test/configdata'...
Listing '/home/inrack/.local/cpython-3.14.7t/lib/python3.14t/test/crashers'...
Listing '/home/inrack/.local/cpython-3.14.7t/lib/python3.14t/test/data'...
Listing '/home/inrack/.local/cpython-3.14.7t/lib/python3.14t/test/decimaltestdata'...
Listing '/home/inrack/.local/cpython-3.14.7t/lib/python3.14t/test/dtracedata'...
Listing '/home/inrack/.local/cpython-3.14.7t/lib/python3.14t/test/encoded_modules'...
Listing '/home/inrack/.local/cpython-3.14.7t/lib/python3.14t/test/leakers'...
Listing '/home/inrack/.local/cpython-3.14.7t/lib/python3.14t/test/libregrtest'...
Listing '/home/inrack/.local/cpython-3.14.7t/lib/python3.14t/test/mathdata'...
Listing '/home/inrack/.local/cpython-3.14.7t/lib/python3.14t/test/regrtestdata'...
Listing '/home/inrack/.local/cpython-3.14.7t/lib/python3.14t/test/regrtestdata/import_from_tests'...
Listing '/home/inrack/.local/cpython-3.14.7t/lib/python3.14t/test/regrtestdata/import_from_tests/test_regrtest_b'...
Listing '/home/inrack/.local/cpython-3.14.7t/lib/python3.14t/test/subprocessdata'...
Listing '/home/inrack/.local/cpython-3.14.7t/lib/python3.14t/test/support'...
Listing '/home/inrack/.local/cpython-3.14.7t/lib/python3.14t/test/support/_hypothesis_stubs'...
Listing '/home/inrack/.local/cpython-3.14.7t/lib/python3.14t/test/test_ast'...
Listing '/home/inrack/.local/cpython-3.14.7t/lib/python3.14t/test/test_ast/data'...
Listing '/home/inrack/.local/cpython-3.14.7t/lib/python3.14t/test/test_asyncio'...
Listing '/home/inrack/.local/cpython-3.14.7t/lib/python3.14t/test/test_capi'...
Compiling '/home/inrack/.local/cpython-3.14.7t/lib/python3.14t/test/test_compileall.py'...
Compiling '/home/inrack/.local/cpython-3.14.7t/lib/python3.14t/test/test_compiler_assemble.py'...
Compiling '/home/inrack/.local/cpython-3.14.7t/lib/python3.14t/test/test_compiler_codegen.py'...
Compiling '/home/inrack/.local/cpython-3.14.7t/lib/python3.14t/test/test_complex.py'...
Compiling '/home/inrack/.local/cpython-3.14.7t/lib/python3.14t/test/test_pyrepl/__main__.py'...
Compiling '/home/inrack/.local/cpython-3.14.7t/lib/python3.14t/test/test_pyrepl/support.py'...
Compiling '/home/inrack/.local/cpython-3.14.7t/lib/python3.14t/test/test_pyrepl/test_eventqueue.py'...
Compiling '/home/inrack/.local/cpython-3.14.7t/lib/python3.14t/test/test_pyrepl/test_input.py'...
Compiling '/home/inrack/.local/cpython-3.14.7t/lib/python3.14t/test/test_sqlite3/test_cli.py'...
Compiling '/home/inrack/.local/cpython-3.14.7t/lib/python3.14t/test/test_sqlite3/test_dbapi.py'...
Compiling '/home/inrack/.local/cpython-3.14.7t/lib/python3.14t/test/test_sqlite3/test_dump.py'...
Compiling '/home/inrack/.local/cpython-3.14.7t/lib/python3.14t/test/test_sqlite3/test_factory.py'...
Compiling '/home/inrack/.local/cpython-3.14.7t/lib/python3.14t/xml/parsers/__init__.py'...
Compiling '/home/inrack/.local/cpython-3.14.7t/lib/python3.14t/xml/parsers/expat.py'...
Compiling '/home/inrack/.local/cpython-3.14.7t/lib/python3.14t/xml/sax/__init__.py'...
Compiling '/home/inrack/.local/cpython-3.14.7t/lib/python3.14t/xml/sax/_exceptions.py'...
Compiling '/home/inrack/.local/cpython-3.14.7t/lib/python3.14t/_pyio.py'...
Compiling '/home/inrack/.local/cpython-3.14.7t/lib/python3.14t/_pylong.py'...
Compiling '/home/inrack/.local/cpython-3.14.7t/lib/python3.14t/_pyrepl/__init__.py'...
Compiling '/home/inrack/.local/cpython-3.14.7t/lib/python3.14t/_pyrepl/__main__.py'...
Compiling '/home/inrack/.local/cpython-3.14.7t/lib/python3.14t/encodings/euc_jis_2004.py'...
Compiling '/home/inrack/.local/cpython-3.14.7t/lib/python3.14t/encodings/euc_jisx0213.py'...
Compiling '/home/inrack/.local/cpython-3.14.7t/lib/python3.14t/encodings/euc_jp.py'...
Compiling '/home/inrack/.local/cpython-3.14.7t/lib/python3.14t/encodings/euc_kr.py'...
Compiling '/home/inrack/.local/cpython-3.14.7t/lib/python3.14t/encodings/mac_croatian.py'...
Compiling '/home/inrack/.local/cpython-3.14.7t/lib/python3.14t/encodings/mac_cyrillic.py'...
Compiling '/home/inrack/.local/cpython-3.14.7t/lib/python3.14t/encodings/mac_farsi.py'...
Compiling '/home/inrack/.local/cpython-3.14.7t/lib/python3.14t/encodings/mac_greek.py'...
Compiling '/home/inrack/.local/cpython-3.14.7t/lib/python3.14t/idlelib/config.py'...
Compiling '/home/inrack/.local/cpython-3.14.7t/lib/python3.14t/json/__main__.py'...
Compiling '/home/inrack/.local/cpython-3.14.7t/lib/python3.14t/json/decoder.py'...
Compiling '/home/inrack/.local/cpython-3.14.7t/lib/python3.14t/json/encoder.py'...
Compiling '/home/inrack/.local/cpython-3.14.7t/lib/python3.14t/json/scanner.py'...
Compiling '/home/inrack/.local/cpython-3.14.7t/lib/python3.14t/test/crashers/underlying_dict.py'...
Compiling '/home/inrack/.local/cpython-3.14.7t/lib/python3.14t/test/curses_tests.py'...
Compiling '/home/inrack/.local/cpython-3.14.7t/lib/python3.14t/test/datetimetester.py'...
Compiling '/home/inrack/.local/cpython-3.14.7t/lib/python3.14t/optparse.py'...
Compiling '/home/inrack/.local/cpython-3.14.7t/lib/python3.14t/os.py'...
Compiling '/home/inrack/.local/cpython-3.14.7t/lib/python3.14t/pathlib/__init__.py'...
Compiling '/home/inrack/.local/cpython-3.14.7t/lib/python3.14t/pathlib/_local.py'...
Compiling '/home/inrack/.local/cpython-3.14.7t/lib/python3.14t/test/test_free_threading/__init__.py'...
Compiling '/home/inrack/.local/cpython-3.14.7t/lib/python3.14t/test/test_free_threading/test_bisect.py'...
Compiling '/home/inrack/.local/cpython-3.14.7t/lib/python3.14t/test/test_free_threading/test_capi.py'...
Compiling '/home/inrack/.local/cpython-3.14.7t/lib/python3.14t/test/test_free_threading/test_code.py'...
Compiling '/home/inrack/.local/cpython-3.14.7t/lib/python3.14t/test/test_free_threading/test_reversed.py'...
Compiling '/home/inrack/.local/cpython-3.14.7t/lib/python3.14t/test/test_free_threading/test_set.py'...
Compiling '/home/inrack/.local/cpython-3.14.7t/lib/python3.14t/test/test_free_threading/test_slots.py'...
Compiling '/home/inrack/.local/cpython-3.14.7t/lib/python3.14t/test/test_free_threading/test_str.py'...
Compiling '/home/inrack/.local/cpython-3.14.7t/lib/python3.14t/test/test_import/data/circular_imports/import_cycle.py'...
Compiling '/home/inrack/.local/cpython-3.14.7t/lib/python3.14t/test/test_import/data/circular_imports/indirect.py'...
Compiling '/home/inrack/.local/cpython-3.14.7t/lib/python3.14t/test/test_import/data/circular_imports/rebinding.py'...
Compiling '/home/inrack/.local/cpython-3.14.7t/lib/python3.14t/test/test_import/data/circular_imports/rebinding2.py'...
Compiling '/home/inrack/.local/cpython-3.14.7t/lib/python3.14t/test/test_import/data/circular_imports/use.py'...
Compiling '/home/inrack/.local/cpython-3.14.7t/lib/python3.14t/test/test_import/data/circular_imports/util.py'...
Compiling '/home/inrack/.local/cpython-3.14.7t/lib/python3.14t/test/test_import/data/double_const.py'...
Compiling '/home/inrack/.local/cpython-3.14.7t/lib/python3.14t/test/test_import/data/package/__init__.py'...
Compiling '/home/inrack/.local/cpython-3.14.7t/lib/python3.14t/test/test_importlib/import_/test_caching.py'...
Compiling '/home/inrack/.local/cpython-3.14.7t/lib/python3.14t/test/test_importlib/import_/test_fromlist.py'...
Compiling '/home/inrack/.local/cpython-3.14.7t/lib/python3.14t/test/test_importlib/import_/test_helpers.py'...
Compiling '/home/inrack/.local/cpython-3.14.7t/lib/python3.14t/test/test_importlib/import_/test_meta_path.py'...
Compiling '/home/inrack/.local/cpython-3.14.7t/lib/python3.14t/test/test_keyword.py'...
Compiling '/home/inrack/.local/cpython-3.14.7t/lib/python3.14t/test/test_keywordonlyarg.py'...
Compiling '/home/inrack/.local/cpython-3.14.7t/lib/python3.14t/test/test_kqueue.py'...
Compiling '/home/inrack/.local/cpython-3.14.7t/lib/python3.14t/test/test_largefile.py'...
Compiling '/home/inrack/.local/cpython-3.14.7t/lib/python3.14t/test/test_remote_pdb.py'...
Compiling '/home/inrack/.local/cpython-3.14.7t/lib/python3.14t/test/test_repl.py'...
Compiling '/home/inrack/.local/cpython-3.14.7t/lib/python3.14t/test/test_reprlib.py'...
Compiling '/home/inrack/.local/cpython-3.14.7t/lib/python3.14t/test/test_resource.py'...
Compiling '/home/inrack/.local/cpython-3.14.7t/lib/python3.14t/test/test_xpickle.py'...
Compiling '/home/inrack/.local/cpython-3.14.7t/lib/python3.14t/test/test_xxlimited.py'...
Compiling '/home/inrack/.local/cpython-3.14.7t/lib/python3.14t/test/test_xxtestfuzz.py'...
Compiling '/home/inrack/.local/cpython-3.14.7t/lib/python3.14t/test/test_yield_from.py'...
Compiling '/home/inrack/.local/cpython-3.14.7t/lib/python3.14t/_threading_local.py'...
Compiling '/home/inrack/.local/cpython-3.14.7t/lib/python3.14t/_weakrefset.py'...
Compiling '/home/inrack/.local/cpython-3.14.7t/lib/python3.14t/abc.py'...
Compiling '/home/inrack/.local/cpython-3.14.7t/lib/python3.14t/annotationlib.py'...
Compiling '/home/inrack/.local/cpython-3.14.7t/lib/python3.14t/curses/panel.py'...
Compiling '/home/inrack/.local/cpython-3.14.7t/lib/python3.14t/curses/textpad.py'...
Compiling '/home/inrack/.local/cpython-3.14.7t/lib/python3.14t/dataclasses.py'...
Compiling '/home/inrack/.local/cpython-3.14.7t/lib/python3.14t/datetime.py'...
Compiling '/home/inrack/.local/cpython-3.14.7t/lib/python3.14t/importlib/resources/_common.py'...
Compiling '/home/inrack/.local/cpython-3.14.7t/lib/python3.14t/importlib/resources/_functional.py'...
Compiling '/home/inrack/.local/cpython-3.14.7t/lib/python3.14t/importlib/resources/_itertools.py'...
Compiling '/home/inrack/.local/cpython-3.14.7t/lib/python3.14t/importlib/resources/abc.py'...
Compiling '/home/inrack/.local/cpython-3.14.7t/lib/python3.14t/shlex.py'...
Compiling '/home/inrack/.local/cpython-3.14.7t/lib/python3.14t/shutil.py'...
Compiling '/home/inrack/.local/cpython-3.14.7t/lib/python3.14t/signal.py'...
Compiling '/home/inrack/.local/cpython-3.14.7t/lib/python3.14t/test/test_ctypes/test_arrays.py'...
Compiling '/home/inrack/.local/cpython-3.14.7t/lib/python3.14t/test/test_ctypes/test_as_parameter.py'...
Compiling '/home/inrack/.local/cpython-3.14.7t/lib/python3.14t/test/test_ctypes/test_bitfields.py'...
Compiling '/home/inrack/.local/cpython-3.14.7t/lib/python3.14t/test/test_ctypes/test_buffers.py'...
Compiling '/home/inrack/.local/cpython-3.14.7t/lib/python3.14t/test/test_future_stmt/nested_scope.py'...
Compiling '/home/inrack/.local/cpython-3.14.7t/lib/python3.14t/test/test_future_stmt/test_future.py'...
Compiling '/home/inrack/.local/cpython-3.14.7t/lib/python3.14t/test/test_future_stmt/test_future_flags.py'...
Compiling '/home/inrack/.local/cpython-3.14.7t/lib/python3.14t/test/test_future_stmt/test_future_multiple_features.py'...
Compiling '/home/inrack/.local/cpython-3.14.7t/lib/python3.14t/test/test_importlib/namespace_pkgs/both_portions/foo/two.py'...
Compiling '/home/inrack/.local/cpython-3.14.7t/lib/python3.14t/test/test_importlib/namespace_pkgs/module_and_namespace_package/a_test.py'...
Compiling '/home/inrack/.local/cpython-3.14.7t/lib/python3.14t/test/test_importlib/namespace_pkgs/portion2/foo/two.py'...
Compiling '/home/inrack/.local/cpython-3.14.7t/lib/python3.14t/test/test_importlib/namespace_pkgs/project1/parent/child/one.py'...
Compiling '/home/inrack/.local/cpython-3.14.7t/lib/python3.14t/test/test_importlib/namespace_pkgs/project2/parent/child/two.py'...
Compiling '/home/inrack/.local/cpython-3.14.7t/lib/python3.14t/test/test_importlib/namespace_pkgs/project3/parent/child/three.py'...
Compiling '/home/inrack/.local/cpython-3.14.7t/lib/python3.14t/test/test_importlib/source/test_file_loader.py'...
Compiling '/home/inrack/.local/cpython-3.14.7t/lib/python3.14t/test/test_importlib/source/test_finder.py'...
Compiling '/home/inrack/.local/cpython-3.14.7t/lib/python3.14t/test/test_importlib/source/test_path_hook.py'...
Compiling '/home/inrack/.local/cpython-3.14.7t/lib/python3.14t/test/test_importlib/source/test_source_encoding.py'...
Compiling '/home/inrack/.local/cpython-3.14.7t/lib/python3.14t/test/test_queue.py'...
Compiling '/home/inrack/.local/cpython-3.14.7t/lib/python3.14t/test/test_quopri.py'...
Compiling '/home/inrack/.local/cpython-3.14.7t/lib/python3.14t/test/test_raise.py'...
Compiling '/home/inrack/.local/cpython-3.14.7t/lib/python3.14t/test/test_random.py'...
Compiling '/home/inrack/.local/cpython-3.14.7t/lib/python3.14t/turtledemo/paint.py'...
Compiling '/home/inrack/.local/cpython-3.14.7t/lib/python3.14t/turtledemo/peace.py'...
Compiling '/home/inrack/.local/cpython-3.14.7t/lib/python3.14t/turtledemo/penrose.py'...
Compiling '/home/inrack/.local/cpython-3.14.7t/lib/python3.14t/turtledemo/planet_and_moon.py'...
Compiling '/home/inrack/.local/cpython-3.14.7t/lib/python3.14t/wsgiref/handlers.py'...
Compiling '/home/inrack/.local/cpython-3.14.7t/lib/python3.14t/wsgiref/headers.py'...
Compiling '/home/inrack/.local/cpython-3.14.7t/lib/python3.14t/wsgiref/simple_server.py'...
Compiling '/home/inrack/.local/cpython-3.14.7t/lib/python3.14t/wsgiref/types.py'...
Compiling '/home/inrack/.local/cpython-3.14.7t/lib/python3.14t/_pyrepl/input.py'...
Compiling '/home/inrack/.local/cpython-3.14.7t/lib/python3.14t/_pyrepl/keymap.py'...
Compiling '/home/inrack/.local/cpython-3.14.7t/lib/python3.14t/_pyrepl/main.py'...
Compiling '/home/inrack/.local/cpython-3.14.7t/lib/python3.14t/codeop.py'...
Compiling '/home/inrack/.local/cpython-3.14.7t/lib/python3.14t/collections/__init__.py'...
Compiling '/home/inrack/.local/cpython-3.14.7t/lib/python3.14t/colorsys.py'...
Compiling '/home/inrack/.local/cpython-3.14.7t/lib/python3.14t/compileall.py'...
Compiling '/home/inrack/.local/cpython-3.14.7t/lib/python3.14t/sysconfig/__init__.py'...
Compiling '/home/inrack/.local/cpython-3.14.7t/lib/python3.14t/sysconfig/__main__.py'...
Compiling '/home/inrack/.local/cpython-3.14.7t/lib/python3.14t/tabnanny.py'...
Compiling '/home/inrack/.local/cpython-3.14.7t/lib/python3.14t/tarfile.py'...
Compiling '/home/inrack/.local/cpython-3.14.7t/lib/python3.14t/test/test_importlib/test_util.py'...
Compiling '/home/inrack/.local/cpython-3.14.7t/lib/python3.14t/test/test_importlib/test_windows.py'...
Compiling '/home/inrack/.local/cpython-3.14.7t/lib/python3.14t/test/test_importlib/threaded_import_hangers.py'...
Compiling '/home/inrack/.local/cpython-3.14.7t/lib/python3.14t/test/test_importlib/util.py'...
Compiling '/home/inrack/.local/cpython-3.14.7t/lib/python3.14t/test/test_signal.py'...
Compiling '/home/inrack/.local/cpython-3.14.7t/lib/python3.14t/test/test_site.py'...
Compiling '/home/inrack/.local/cpython-3.14.7t/lib/python3.14t/test/test_slice.py'...
Compiling '/home/inrack/.local/cpython-3.14.7t/lib/python3.14t/test/test_smtplib.py'...
Compiling '/home/inrack/.local/cpython-3.14.7t/lib/python3.14t/bisect.py'...
Compiling '/home/inrack/.local/cpython-3.14.7t/lib/python3.14t/bz2.py'...
Compiling '/home/inrack/.local/cpython-3.14.7t/lib/python3.14t/cProfile.py'...
Compiling '/home/inrack/.local/cpython-3.14.7t/lib/python3.14t/compression/gzip.py'...
Compiling '/home/inrack/.local/cpython-3.14.7t/lib/python3.14t/compression/lzma.py'...
Compiling '/home/inrack/.local/cpython-3.14.7t/lib/python3.14t/compression/zlib.py'...
Compiling '/home/inrack/.local/cpython-3.14.7t/lib/python3.14t/compression/zstd/__init__.py'...
Compiling '/home/inrack/.local/cpython-3.14.7t/lib/python3.14t/email/charset.py'...
Compiling '/home/inrack/.local/cpython-3.14.7t/lib/python3.14t/email/contentmanager.py'...
Compiling '/home/inrack/.local/cpython-3.14.7t/lib/python3.14t/email/encoders.py'...
Compiling '/home/inrack/.local/cpython-3.14.7t/lib/python3.14t/email/errors.py'...
Compiling '/home/inrack/.local/cpython-3.14.7t/lib/python3.14t/encodings/cp775.py'...
Compiling '/home/inrack/.local/cpython-3.14.7t/lib/python3.14t/encodings/cp850.py'...
Compiling '/home/inrack/.local/cpython-3.14.7t/lib/python3.14t/encodings/cp852.py'...
Compiling '/home/inrack/.local/cpython-3.14.7t/lib/python3.14t/encodings/cp855.py'...
Compiling '/home/inrack/.local/cpython-3.14.7t/lib/python3.14t/idlelib/searchbase.py'...
Compiling '/home/inrack/.local/cpython-3.14.7t/lib/python3.14t/idlelib/searchengine.py'...
Compiling '/home/inrack/.local/cpython-3.14.7t/lib/python3.14t/idlelib/sidebar.py'...
Compiling '/home/inrack/.local/cpython-3.14.7t/lib/python3.14t/idlelib/squeezer.py'...
Compiling '/home/inrack/.local/cpython-3.14.7t/lib/python3.14t/test/picklecommon.py'...
Compiling '/home/inrack/.local/cpython-3.14.7t/lib/python3.14t/test/pickletester.py'...
Compiling '/home/inrack/.local/cpython-3.14.7t/lib/python3.14t/test/profilee.py'...
Compiling '/home/inrack/.local/cpython-3.14.7t/lib/python3.14t/test/test_type_annotations.py'...
Compiling '/home/inrack/.local/cpython-3.14.7t/lib/python3.14t/test/test_type_cache.py'...
Compiling '/home/inrack/.local/cpython-3.14.7t/lib/python3.14t/test/test_type_comments.py'...
Compiling '/home/inrack/.local/cpython-3.14.7t/lib/python3.14t/test/test_type_params.py'...
Compiling '/home/inrack/.local/cpython-3.14.7t/lib/python3.14t/_pyrepl/pager.py'...
Compiling '/home/inrack/.local/cpython-3.14.7t/lib/python3.14t/_pyrepl/reader.py'...
Compiling '/home/inrack/.local/cpython-3.14.7t/lib/python3.14t/_pyrepl/readline.py'...
Compiling '/home/inrack/.local/cpython-3.14.7t/lib/python3.14t/_pyrepl/simple_interact.py'...
Compiling '/home/inrack/.local/cpython-3.14.7t/lib/python3.14t/email/iterators.py'...
Compiling '/home/inrack/.local/cpython-3.14.7t/lib/python3.14t/email/message.py'...
Compiling '/home/inrack/.local/cpython-3.14.7t/lib/python3.14t/email/mime/__init__.py'...
Compiling '/home/inrack/.local/cpython-3.14.7t/lib/python3.14t/email/mime/application.py'...
Compiling '/home/inrack/.local/cpython-3.14.7t/lib/python3.14t/idlelib/calltip_w.py'...
Compiling '/home/inrack/.local/cpython-3.14.7t/lib/python3.14t/idlelib/codecontext.py'...
Compiling '/home/inrack/.local/cpython-3.14.7t/lib/python3.14t/idlelib/colorizer.py'...
Compiling '/home/inrack/.local/cpython-3.14.7t/lib/python3.14t/idlelib/tree.py'...
Compiling '/home/inrack/.local/cpython-3.14.7t/lib/python3.14t/idlelib/undo.py'...
Compiling '/home/inrack/.local/cpython-3.14.7t/lib/python3.14t/idlelib/util.py'...
Compiling '/home/inrack/.local/cpython-3.14.7t/lib/python3.14t/idlelib/window.py'...
Compiling '/home/inrack/.local/cpython-3.14.7t/lib/python3.14t/test/libregrtest/main.py'...
Compiling '/home/inrack/.local/cpython-3.14.7t/lib/python3.14t/test/libregrtest/parallel_case.py'...
Compiling '/home/inrack/.local/cpython-3.14.7t/lib/python3.14t/test/libregrtest/pgo.py'...
Compiling '/home/inrack/.local/cpython-3.14.7t/lib/python3.14t/test/test_codecencodings_tw.py'...
Compiling '/home/inrack/.local/cpython-3.14.7t/lib/python3.14t/test/test_codecmaps_cn.py'...
Compiling '/home/inrack/.local/cpython-3.14.7t/lib/python3.14t/test/test_codecmaps_hk.py'...
Compiling '/home/inrack/.local/cpython-3.14.7t/lib/python3.14t/test/test_codecmaps_jp.py'...
Compiling '/home/inrack/.local/cpython-3.14.7t/lib/python3.14t/test/test_concurrent_futures/test_future.py'...
Compiling '/home/inrack/.local/cpython-3.14.7t/lib/python3.14t/test/test_concurrent_futures/test_init.py'...
Compiling '/home/inrack/.local/cpython-3.14.7t/lib/python3.14t/test/test_concurrent_futures/test_interpreter_pool.py'...
Compiling '/home/inrack/.local/cpython-3.14.7t/lib/python3.14t/test/test_concurrent_futures/test_process_pool.py'...
Compiling '/home/inrack/.local/cpython-3.14.7t/lib/python3.14t/test/test_free_threading/test_string_template_race.py'...
Compiling '/home/inrack/.local/cpython-3.14.7t/lib/python3.14t/test/test_free_threading/test_sys.py'...
Compiling '/home/inrack/.local/cpython-3.14.7t/lib/python3.14t/test/test_free_threading/test_threading.py'...
Compiling '/home/inrack/.local/cpython-3.14.7t/lib/python3.14t/test/test_free_threading/test_tokenize.py'...
Compiling '/home/inrack/.local/cpython-3.14.7t/lib/python3.14t/test/test_future_stmt/test_future_multiple_imports.py'...
Compiling '/home/inrack/.local/cpython-3.14.7t/lib/python3.14t/test/test_future_stmt/test_future_single_import.py'...
Compiling '/home/inrack/.local/cpython-3.14.7t/lib/python3.14t/test/test_gc.py'...
Compiling '/home/inrack/.local/cpython-3.14.7t/lib/python3.14t/test/test_gdb/__init__.py'...
Compiling '/home/inrack/.local/cpython-3.14.7t/lib/python3.14t/test/test_poll.py'...
Compiling '/home/inrack/.local/cpython-3.14.7t/lib/python3.14t/test/test_popen.py'...
Compiling '/home/inrack/.local/cpython-3.14.7t/lib/python3.14t/test/test_poplib.py'...
Compiling '/home/inrack/.local/cpython-3.14.7t/lib/python3.14t/test/test_positional_only_arg.py'...
Compiling '/home/inrack/.local/cpython-3.14.7t/lib/python3.14t/test/test_threading.py'...
Compiling '/home/inrack/.local/cpython-3.14.7t/lib/python3.14t/test/test_threading_local.py'...
Compiling '/home/inrack/.local/cpython-3.14.7t/lib/python3.14t/test/test_threadsignals.py'...
Compiling '/home/inrack/.local/cpython-3.14.7t/lib/python3.14t/test/test_time.py'...
Compiling '/home/inrack/.local/cpython-3.14.7t/lib/python3.14t/asyncio/locks.py'...
Compiling '/home/inrack/.local/cpython-3.14.7t/lib/python3.14t/asyncio/log.py'...
Compiling '/home/inrack/.local/cpython-3.14.7t/lib/python3.14t/asyncio/mixins.py'...
Compiling '/home/inrack/.local/cpython-3.14.7t/lib/python3.14t/asyncio/proactor_events.py'...
Compiling '/home/inrack/.local/cpython-3.14.7t/lib/python3.14t/dbm/sqlite3.py'...
Compiling '/home/inrack/.local/cpython-3.14.7t/lib/python3.14t/decimal.py'...
Compiling '/home/inrack/.local/cpython-3.14.7t/lib/python3.14t/difflib.py'...
Compiling '/home/inrack/.local/cpython-3.14.7t/lib/python3.14t/dis.py'...
Compiling '/home/inrack/.local/cpython-3.14.7t/lib/python3.14t/json/tool.py'...
Compiling '/home/inrack/.local/cpython-3.14.7t/lib/python3.14t/keyword.py'...
Compiling '/home/inrack/.local/cpython-3.14.7t/lib/python3.14t/linecache.py'...
Compiling '/home/inrack/.local/cpython-3.14.7t/lib/python3.14t/locale.py'...
Compiling '/home/inrack/.local/cpython-3.14.7t/lib/python3.14t/sched.py'...
Compiling '/home/inrack/.local/cpython-3.14.7t/lib/python3.14t/secrets.py'...
Compiling '/home/inrack/.local/cpython-3.14.7t/lib/python3.14t/selectors.py'...
Compiling '/home/inrack/.local/cpython-3.14.7t/lib/python3.14t/shelve.py'...
Compiling '/home/inrack/.local/cpython-3.14.7t/lib/python3.14t/test/test_asyncio/test_futures2.py'...
Compiling '/home/inrack/.local/cpython-3.14.7t/lib/python3.14t/test/test_asyncio/test_graph.py'...
Compiling '/home/inrack/.local/cpython-3.14.7t/lib/python3.14t/test/test_asyncio/test_locks.py'...
Compiling '/home/inrack/.local/cpython-3.14.7t/lib/python3.14t/test/test_asyncio/test_pep492.py'...
Compiling '/home/inrack/.local/cpython-3.14.7t/lib/python3.14t/test/test_gdb/test_misc.py'...
Compiling '/home/inrack/.local/cpython-3.14.7t/lib/python3.14t/test/test_gdb/test_pretty_print.py'...
Compiling '/home/inrack/.local/cpython-3.14.7t/lib/python3.14t/test/test_gdb/util.py'...
Compiling '/home/inrack/.local/cpython-3.14.7t/lib/python3.14t/test/test_generated_cases.py'...
Compiling '/home/inrack/.local/cpython-3.14.7t/lib/python3.14t/test/test_netrc.py'...
Compiling '/home/inrack/.local/cpython-3.14.7t/lib/python3.14t/test/test_ntpath.py'...
Compiling '/home/inrack/.local/cpython-3.14.7t/lib/python3.14t/test/test_nturl2path.py'...
Compiling '/home/inrack/.local/cpython-3.14.7t/lib/python3.14t/test/test_numeric_tower.py'...
Compiling '/home/inrack/.local/cpython-3.14.7t/lib/python3.14t/test/test_userstring.py'...
Compiling '/home/inrack/.local/cpython-3.14.7t/lib/python3.14t/test/test_utf8_mode.py'...
Compiling '/home/inrack/.local/cpython-3.14.7t/lib/python3.14t/test/test_utf8source.py'...
Compiling '/home/inrack/.local/cpython-3.14.7t/lib/python3.14t/test/test_uuid.py'...
Compiling '/home/inrack/.local/cpython-3.14.7t/lib/python3.14t/asyncio/__main__.py'...
Compiling '/home/inrack/.local/cpython-3.14.7t/lib/python3.14t/asyncio/base_events.py'...
Compiling '/home/inrack/.local/cpython-3.14.7t/lib/python3.14t/asyncio/base_futures.py'...
Compiling '/home/inrack/.local/cpython-3.14.7t/lib/python3.14t/asyncio/base_subprocess.py'...
Compiling '/home/inrack/.local/cpython-3.14.7t/lib/python3.14t/encodings/iso2022_jp_ext.py'...
Compiling '/home/inrack/.local/cpython-3.14.7t/lib/python3.14t/encodings/iso2022_kr.py'...
Compiling '/home/inrack/.local/cpython-3.14.7t/lib/python3.14t/encodings/iso8859_1.py'...
Compiling '/home/inrack/.local/cpython-3.14.7t/lib/python3.14t/encodings/iso8859_10.py'...
Compiling '/home/inrack/.local/cpython-3.14.7t/lib/python3.14t/encodings/utf_32_le.py'...
Compiling '/home/inrack/.local/cpython-3.14.7t/lib/python3.14t/encodings/utf_7.py'...
Compiling '/home/inrack/.local/cpython-3.14.7t/lib/python3.14t/encodings/utf_8.py'...
Compiling '/home/inrack/.local/cpython-3.14.7t/lib/python3.14t/encodings/utf_8_sig.py'...
Compiling '/home/inrack/.local/cpython-3.14.7t/lib/python3.14t/idlelib/grep.py'...
Compiling '/home/inrack/.local/cpython-3.14.7t/lib/python3.14t/idlelib/help.py'...
Compiling '/home/inrack/.local/cpython-3.14.7t/lib/python3.14t/idlelib/help_about.py'...
Compiling '/home/inrack/.local/cpython-3.14.7t/lib/python3.14t/pydoc_data/topics.py'...
Compiling '/home/inrack/.local/cpython-3.14.7t/lib/python3.14t/queue.py'...
Compiling '/home/inrack/.local/cpython-3.14.7t/lib/python3.14t/quopri.py'...
Compiling '/home/inrack/.local/cpython-3.14.7t/lib/python3.14t/random.py'...
Compiling '/home/inrack/.local/cpython-3.14.7t/lib/python3.14t/test/test_cext/setup.py'...
Compiling '/home/inrack/.local/cpython-3.14.7t/lib/python3.14t/test/test_charmapcodec.py'...
Compiling '/home/inrack/.local/cpython-3.14.7t/lib/python3.14t/test/test_class.py'...
Compiling '/home/inrack/.local/cpython-3.14.7t/lib/python3.14t/test/test_clinic.py'...
Compiling '/home/inrack/.local/cpython-3.14.7t/lib/python3.14t/test/test_tools/i18n_data/messages.py'...
Compiling '/home/inrack/.local/cpython-3.14.7t/lib/python3.14t/test/test_tools/i18n_data/multiple_keywords.py'...
Compiling '/home/inrack/.local/cpython-3.14.7t/lib/python3.14t/test/test_unary.py'...
Compiling '/home/inrack/.local/cpython-3.14.7t/lib/python3.14t/test/test_unicode_file.py'...
Compiling '/home/inrack/.local/cpython-3.14.7t/lib/python3.14t/test/test_unicode_file_functions.py'...
Compiling '/home/inrack/.local/cpython-3.14.7t/lib/python3.14t/test/test_unicode_identifiers.py'...
Compiling '/home/inrack/.local/cpython-3.14.7t/lib/python3.14t/test/test_unpack.py'...
Compiling '/home/inrack/.local/cpython-3.14.7t/lib/python3.14t/test/test_unpack_ex.py'...
Compiling '/home/inrack/.local/cpython-3.14.7t/lib/python3.14t/test/test_unparse.py'...
Compiling '/home/inrack/.local/cpython-3.14.7t/lib/python3.14t/test/test_urllib.py'...
Compiling '/home/inrack/.local/cpython-3.14.7t/lib/python3.14t/test/test_capi/test_run.py'...
Compiling '/home/inrack/.local/cpython-3.14.7t/lib/python3.14t/test/test_capi/test_set.py'...
Compiling '/home/inrack/.local/cpython-3.14.7t/lib/python3.14t/test/test_capi/test_structmembers.py'...
Compiling '/home/inrack/.local/cpython-3.14.7t/lib/python3.14t/test/test_capi/test_sys.py'...
Compiling '/home/inrack/.local/cpython-3.14.7t/lib/python3.14t/test/test_email/test_email.py'...
Compiling '/home/inrack/.local/cpython-3.14.7t/lib/python3.14t/test/test_email/test_generator.py'...
Compiling '/home/inrack/.local/cpython-3.14.7t/lib/python3.14t/test/test_email/test_headerregistry.py'...
Compiling '/home/inrack/.local/cpython-3.14.7t/lib/python3.14t/test/test_email/test_inversion.py'...
Compiling '/home/inrack/.local/cpython-3.14.7t/lib/python3.14t/encodings/cp037.py'...
Compiling '/home/inrack/.local/cpython-3.14.7t/lib/python3.14t/encodings/cp1006.py'...
Compiling '/home/inrack/.local/cpython-3.14.7t/lib/python3.14t/encodings/cp1026.py'...
Compiling '/home/inrack/.local/cpython-3.14.7t/lib/python3.14t/encodings/cp1125.py'...
Compiling '/home/inrack/.local/cpython-3.14.7t/lib/python3.14t/encodings/iso8859_9.py'...
Compiling '/home/inrack/.local/cpython-3.14.7t/lib/python3.14t/encodings/johab.py'...
Compiling '/home/inrack/.local/cpython-3.14.7t/lib/python3.14t/encodings/koi8_r.py'...
Compiling '/home/inrack/.local/cpython-3.14.7t/lib/python3.14t/encodings/koi8_t.py'...
Compiling '/home/inrack/.local/cpython-3.14.7t/lib/python3.14t/ensurepip/_uninstall.py'...
Compiling '/home/inrack/.local/cpython-3.14.7t/lib/python3.14t/enum.py'...
Compiling '/home/inrack/.local/cpython-3.14.7t/lib/python3.14t/filecmp.py'...
Compiling '/home/inrack/.local/cpython-3.14.7t/lib/python3.14t/test/mock_socket.py'...
Compiling '/home/inrack/.local/cpython-3.14.7t/lib/python3.14t/test/mp_fork_bomb.py'...
Compiling '/home/inrack/.local/cpython-3.14.7t/lib/python3.14t/test/mp_preload.py'...
Compiling '/home/inrack/.local/cpython-3.14.7t/lib/python3.14t/test/mp_preload_flush.py'...
Compiling '/home/inrack/.local/cpython-3.14.7t/lib/python3.14t/test/test_asyncio/test_ssl.py'...
Compiling '/home/inrack/.local/cpython-3.14.7t/lib/python3.14t/test/test_asyncio/test_sslproto.py'...
Compiling '/home/inrack/.local/cpython-3.14.7t/lib/python3.14t/test/test_asyncio/test_staggered.py'...
Compiling '/home/inrack/.local/cpython-3.14.7t/lib/python3.14t/test/test_asyncio/test_streams.py'...
Compiling '/home/inrack/.local/cpython-3.14.7t/lib/python3.14t/test/test_source_encoding.py'...
Compiling '/home/inrack/.local/cpython-3.14.7t/lib/python3.14t/test/test_sqlite3/__init__.py'...
Compiling '/home/inrack/.local/cpython-3.14.7t/lib/python3.14t/test/test_sqlite3/__main__.py'...
Compiling '/home/inrack/.local/cpython-3.14.7t/lib/python3.14t/test/test_sqlite3/test_backup.py'...
Compiling '/home/inrack/.local/cpython-3.14.7t/lib/python3.14t/test/test_tkinter/test_filedialog.py'...
Compiling '/home/inrack/.local/cpython-3.14.7t/lib/python3.14t/test/test_tkinter/test_font.py'...
Compiling '/home/inrack/.local/cpython-3.14.7t/lib/python3.14t/test/test_tkinter/test_geometry_managers.py'...
Compiling '/home/inrack/.local/cpython-3.14.7t/lib/python3.14t/test/test_tkinter/test_images.py'...
Compiling '/home/inrack/.local/cpython-3.14.7t/lib/python3.14t/_pyrepl/terminfo.py'...
Compiling '/home/inrack/.local/cpython-3.14.7t/lib/python3.14t/_pyrepl/trace.py'...
Compiling '/home/inrack/.local/cpython-3.14.7t/lib/python3.14t/_pyrepl/types.py'...
Compiling '/home/inrack/.local/cpython-3.14.7t/lib/python3.14t/_pyrepl/unix_console.py'...
Compiling '/home/inrack/.local/cpython-3.14.7t/lib/python3.14t/ctypes/macholib/__init__.py'...
Compiling '/home/inrack/.local/cpython-3.14.7t/lib/python3.14t/ctypes/macholib/dyld.py'...
Compiling '/home/inrack/.local/cpython-3.14.7t/lib/python3.14t/ctypes/macholib/dylib.py'...
Compiling '/home/inrack/.local/cpython-3.14.7t/lib/python3.14t/email/_parseaddr.py'...
Compiling '/home/inrack/.local/cpython-3.14.7t/lib/python3.14t/email/_policybase.py'...
Compiling '/home/inrack/.local/cpython-3.14.7t/lib/python3.14t/email/base64mime.py'...
Compiling '/home/inrack/.local/cpython-3.14.7t/lib/python3.14t/encodings/koi8_u.py'...
Compiling '/home/inrack/.local/cpython-3.14.7t/lib/python3.14t/encodings/kz1048.py'...
Compiling '/home/inrack/.local/cpython-3.14.7t/lib/python3.14t/encodings/latin_1.py'...
Compiling '/home/inrack/.local/cpython-3.14.7t/lib/python3.14t/encodings/mac_arabic.py'...
Compiling '/home/inrack/.local/cpython-3.14.7t/lib/python3.14t/idlelib/idle_test/htest.py'...
Compiling '/home/inrack/.local/cpython-3.14.7t/lib/python3.14t/idlelib/idle_test/mock_idle.py'...
Compiling '/home/inrack/.local/cpython-3.14.7t/lib/python3.14t/idlelib/idle_test/mock_tk.py'...
Compiling '/home/inrack/.local/cpython-3.14.7t/lib/python3.14t/importlib/_abc.py'...
Compiling '/home/inrack/.local/cpython-3.14.7t/lib/python3.14t/importlib/_bootstrap.py'...
Compiling '/home/inrack/.local/cpython-3.14.7t/lib/python3.14t/importlib/_bootstrap_external.py'...
Compiling '/home/inrack/.local/cpython-3.14.7t/lib/python3.14t/importlib/abc.py'...
Compiling '/home/inrack/.local/cpython-3.14.7t/lib/python3.14t/test/test_contextlib_async.py'...
Compiling '/home/inrack/.local/cpython-3.14.7t/lib/python3.14t/test/test_copy.py'...
Compiling '/home/inrack/.local/cpython-3.14.7t/lib/python3.14t/test/test_copyreg.py'...
Compiling '/home/inrack/.local/cpython-3.14.7t/lib/python3.14t/test/test_coroutines.py'...
Compiling '/home/inrack/.local/cpython-3.14.7t/lib/python3.14t/test/test_tkinter/__main__.py'...
Compiling '/home/inrack/.local/cpython-3.14.7t/lib/python3.14t/test/test_tkinter/support.py'...
Compiling '/home/inrack/.local/cpython-3.14.7t/lib/python3.14t/test/test_tkinter/test_colorchooser.py'...
Compiling '/home/inrack/.local/cpython-3.14.7t/lib/python3.14t/test/test_tkinter/test_dnd.py'...
Compiling '/home/inrack/.local/cpython-3.14.7t/lib/python3.14t/test/test_unicodedata.py'...
Compiling '/home/inrack/.local/cpython-3.14.7t/lib/python3.14t/test/test_unittest/__init__.py'...
Compiling '/home/inrack/.local/cpython-3.14.7t/lib/python3.14t/test/test_unittest/__main__.py'...
Compiling '/home/inrack/.local/cpython-3.14.7t/lib/python3.14t/test/test_unittest/_test_warnings.py'...
Compiling '/home/inrack/.local/cpython-3.14.7t/lib/python3.14t/test/tokenizedata/coding20731.py'...
Compiling '/home/inrack/.local/cpython-3.14.7t/lib/python3.14t/test/typinganndata/_typed_dict_helper.py'...
Compiling '/home/inrack/.local/cpython-3.14.7t/lib/python3.14t/test/typinganndata/ann_module.py'...
Compiling '/home/inrack/.local/cpython-3.14.7t/lib/python3.14t/test/typinganndata/ann_module2.py'...
Compiling '/home/inrack/.local/cpython-3.14.7t/lib/python3.14t/test/typinganndata/ann_module3.py'...
Compiling '/home/inrack/.local/cpython-3.14.7t/lib/python3.14t/tkinter/ttk.py'...
Compiling '/home/inrack/.local/cpython-3.14.7t/lib/python3.14t/token.py'...
Compiling '/home/inrack/.local/cpython-3.14.7t/lib/python3.14t/tokenize.py'...
Compiling '/home/inrack/.local/cpython-3.14.7t/lib/python3.14t/tomllib/__init__.py'...
Compiling '/home/inrack/.local/cpython-3.14.7t/lib/python3.14t/zipimport.py'...
Compiling '/home/inrack/.local/cpython-3.14.7t/lib/python3.14t/zoneinfo/__init__.py'...
Compiling '/home/inrack/.local/cpython-3.14.7t/lib/python3.14t/zoneinfo/_common.py'...
Compiling '/home/inrack/.local/cpython-3.14.7t/lib/python3.14t/zoneinfo/_tzpath.py'...
Compiling '/home/inrack/.local/cpython-3.14.7t/lib/python3.14t/test/test_ctypes/test_strings.py'...
Compiling '/home/inrack/.local/cpython-3.14.7t/lib/python3.14t/test/test_ctypes/test_struct_fields.py'...
Compiling '/home/inrack/.local/cpython-3.14.7t/lib/python3.14t/test/test_ctypes/test_structunion.py'...
Compiling '/home/inrack/.local/cpython-3.14.7t/lib/python3.14t/test/test_ctypes/test_structures.py'...
Compiling '/home/inrack/.local/cpython-3.14.7t/lib/python3.14t/test/test_importlib/test_abc.py'...
Compiling '/home/inrack/.local/cpython-3.14.7t/lib/python3.14t/test/test_importlib/test_api.py'...
Compiling '/home/inrack/.local/cpython-3.14.7t/lib/python3.14t/test/test_importlib/test_lazy.py'...
Compiling '/home/inrack/.local/cpython-3.14.7t/lib/python3.14t/test/test_importlib/test_locks.py'...
Compiling '/home/inrack/.local/cpython-3.14.7t/lib/python3.14t/test/test_sqlite3/test_hooks.py'...
Compiling '/home/inrack/.local/cpython-3.14.7t/lib/python3.14t/test/test_sqlite3/test_regression.py'...
Compiling '/home/inrack/.local/cpython-3.14.7t/lib/python3.14t/test/test_sqlite3/test_transactions.py'...
Compiling '/home/inrack/.local/cpython-3.14.7t/lib/python3.14t/test/test_sqlite3/test_types.py'...
Compiling '/home/inrack/.local/cpython-3.14.7t/lib/python3.14t/test/test_zipapp.py'...
Compiling '/home/inrack/.local/cpython-3.14.7t/lib/python3.14t/test/test_zipfile/__init__.py'...
Compiling '/home/inrack/.local/cpython-3.14.7t/lib/python3.14t/test/test_zipfile/__main__.py'...
Compiling '/home/inrack/.local/cpython-3.14.7t/lib/python3.14t/test/test_zipfile/_path/__init__.py'...
Compiling '/home/inrack/.local/cpython-3.14.7t/lib/python3.14t/textwrap.py'...
Compiling '/home/inrack/.local/cpython-3.14.7t/lib/python3.14t/this.py'...
Compiling '/home/inrack/.local/cpython-3.14.7t/lib/python3.14t/threading.py'...
Compiling '/home/inrack/.local/cpython-3.14.7t/lib/python3.14t/timeit.py'...
Compiling '/home/inrack/.local/cpython-3.14.7t/lib/python3.14t/_py_abc.py'...
Compiling '/home/inrack/.local/cpython-3.14.7t/lib/python3.14t/_py_warnings.py'...
Compiling '/home/inrack/.local/cpython-3.14.7t/lib/python3.14t/_pydatetime.py'...
Compiling '/home/inrack/.local/cpython-3.14.7t/lib/python3.14t/_pydecimal.py'...
Compiling '/home/inrack/.local/cpython-3.14.7t/lib/python3.14t/test/test_collections.py'...
Compiling '/home/inrack/.local/cpython-3.14.7t/lib/python3.14t/test/test_colorsys.py'...
Compiling '/home/inrack/.local/cpython-3.14.7t/lib/python3.14t/test/test_compare.py'...
Compiling '/home/inrack/.local/cpython-3.14.7t/lib/python3.14t/test/test_compile.py'...
Compiling '/home/inrack/.local/cpython-3.14.7t/lib/python3.14t/test/xpickle_worker.py'...
Compiling '/home/inrack/.local/cpython-3.14.7t/lib/python3.14t/turtledemo/fractalcurves.py'...
Compiling '/home/inrack/.local/cpython-3.14.7t/lib/python3.14t/turtledemo/lindenmayer.py'...
Compiling '/home/inrack/.local/cpython-3.14.7t/lib/python3.14t/turtledemo/minimal_hanoi.py'...
Compiling '/home/inrack/.local/cpython-3.14.7t/lib/python3.14t/turtledemo/nim.py'...
Compiling '/home/inrack/.local/cpython-3.14.7t/lib/python3.14t/wsgiref/util.py'...
Compiling '/home/inrack/.local/cpython-3.14.7t/lib/python3.14t/wsgiref/validate.py'...
Compiling '/home/inrack/.local/cpython-3.14.7t/lib/python3.14t/xml/__init__.py'...
Compiling '/home/inrack/.local/cpython-3.14.7t/lib/python3.14t/xml/dom/NodeFilter.py'...
Compiling '/home/inrack/.local/cpython-3.14.7t/lib/python3.14t/zoneinfo/_zoneinfo.py'...
Compiling '/home/inrack/.local/cpython-3.14.7t/lib/python3.14t/_pyrepl/_module_completer.py'...
Compiling '/home/inrack/.local/cpython-3.14.7t/lib/python3.14t/_pyrepl/_threading_handler.py'...
Compiling '/home/inrack/.local/cpython-3.14.7t/lib/python3.14t/_pyrepl/base_eventqueue.py'...
Compiling '/home/inrack/.local/cpython-3.14.7t/lib/python3.14t/_pyrepl/commands.py'...
Compiling '/home/inrack/.local/cpython-3.14.7t/lib/python3.14t/ctypes/wintypes.py'...
Compiling '/home/inrack/.local/cpython-3.14.7t/lib/python3.14t/curses/__init__.py'...
Compiling '/home/inrack/.local/cpython-3.14.7t/lib/python3.14t/curses/ascii.py'...
Compiling '/home/inrack/.local/cpython-3.14.7t/lib/python3.14t/curses/has_key.py'...
Compiling '/home/inrack/.local/cpython-3.14.7t/lib/python3.14t/encodings/_win_cp_codecs.py'...
Compiling '/home/inrack/.local/cpython-3.14.7t/lib/python3.14t/encodings/aliases.py'...
Compiling '/home/inrack/.local/cpython-3.14.7t/lib/python3.14t/encodings/ascii.py'...
Compiling '/home/inrack/.local/cpython-3.14.7t/lib/python3.14t/encodings/base64_codec.py'...
Compiling '/home/inrack/.local/cpython-3.14.7t/lib/python3.14t/encodings/cp856.py'...
Compiling '/home/inrack/.local/cpython-3.14.7t/lib/python3.14t/encodings/cp857.py'...
Compiling '/home/inrack/.local/cpython-3.14.7t/lib/python3.14t/encodings/cp858.py'...
Compiling '/home/inrack/.local/cpython-3.14.7t/lib/python3.14t/encodings/cp860.py'...
Compiling '/home/inrack/.local/cpython-3.14.7t/lib/python3.14t/idlelib/idle_test/test_zzdummy_user.py'...
Compiling '/home/inrack/.local/cpython-3.14.7t/lib/python3.14t/idlelib/idle_test/tkinter_testing_utils.py'...
Compiling '/home/inrack/.local/cpython-3.14.7t/lib/python3.14t/idlelib/iomenu.py'...
Compiling '/home/inrack/.local/cpython-3.14.7t/lib/python3.14t/idlelib/macosx.py'...
Compiling '/home/inrack/.local/cpython-3.14.7t/lib/python3.14t/test/autotest.py'...
Compiling '/home/inrack/.local/cpython-3.14.7t/lib/python3.14t/test/bisect_cmd.py'...
Compiling '/home/inrack/.local/cpython-3.14.7t/lib/python3.14t/test/fork_wait.py'...
Compiling '/home/inrack/.local/cpython-3.14.7t/lib/python3.14t/test/leakers/__init__.py'...
Compiling '/home/inrack/.local/cpython-3.14.7t/lib/python3.14t/test/test_asyncio/__main__.py'...
Compiling '/home/inrack/.local/cpython-3.14.7t/lib/python3.14t/test/test_asyncio/echo.py'...
Compiling '/home/inrack/.local/cpython-3.14.7t/lib/python3.14t/test/test_asyncio/echo2.py'...
Compiling '/home/inrack/.local/cpython-3.14.7t/lib/python3.14t/test/test_asyncio/echo3.py'...
Compiling '/home/inrack/.local/cpython-3.14.7t/lib/python3.14t/test/test_asyncio/test_proactor_events.py'...
Compiling '/home/inrack/.local/cpython-3.14.7t/lib/python3.14t/test/test_asyncio/test_protocols.py'...
Compiling '/home/inrack/.local/cpython-3.14.7t/lib/python3.14t/test/test_asyncio/test_queues.py'...
Compiling '/home/inrack/.local/cpython-3.14.7t/lib/python3.14t/test/test_asyncio/test_runners.py'...
Compiling '/home/inrack/.local/cpython-3.14.7t/lib/python3.14t/test/test_generator_stop.py'...
Compiling '/home/inrack/.local/cpython-3.14.7t/lib/python3.14t/test/test_generators.py'...
Compiling '/home/inrack/.local/cpython-3.14.7t/lib/python3.14t/test/test_genericalias.py'...
Compiling '/home/inrack/.local/cpython-3.14.7t/lib/python3.14t/test/test_genericclass.py'...
Compiling '/home/inrack/.local/cpython-3.14.7t/lib/python3.14t/test/test_sys_settrace.py'...
Compiling '/home/inrack/.local/cpython-3.14.7t/lib/python3.14t/test/test_sysconfig.py'...
Compiling '/home/inrack/.local/cpython-3.14.7t/lib/python3.14t/test/test_syslog.py'...
Compiling '/home/inrack/.local/cpython-3.14.7t/lib/python3.14t/test/test_tabnanny.py'...
Compiling '/home/inrack/.local/cpython-3.14.7t/lib/python3.14t/_pyrepl/completing_reader.py'...
Compiling '/home/inrack/.local/cpython-3.14.7t/lib/python3.14t/_pyrepl/console.py'...
Compiling '/home/inrack/.local/cpython-3.14.7t/lib/python3.14t/_pyrepl/fancy_termios.py'...
Compiling '/home/inrack/.local/cpython-3.14.7t/lib/python3.14t/_pyrepl/historical_reader.py'...
Compiling '/home/inrack/.local/cpython-3.14.7t/lib/python3.14t/ctypes/__init__.py'...
Compiling '/home/inrack/.local/cpython-3.14.7t/lib/python3.14t/ctypes/_aix.py'...
Compiling '/home/inrack/.local/cpython-3.14.7t/lib/python3.14t/ctypes/_endian.py'...
Compiling '/home/inrack/.local/cpython-3.14.7t/lib/python3.14t/ctypes/_layout.py'...
Compiling '/home/inrack/.local/cpython-3.14.7t/lib/python3.14t/encodings/iso8859_5.py'...
Compiling '/home/inrack/.local/cpython-3.14.7t/lib/python3.14t/encodings/iso8859_6.py'...
Compiling '/home/inrack/.local/cpython-3.14.7t/lib/python3.14t/encodings/iso8859_7.py'...
Compiling '/home/inrack/.local/cpython-3.14.7t/lib/python3.14t/encodings/iso8859_8.py'...
Compiling '/home/inrack/.local/cpython-3.14.7t/lib/python3.14t/fileinput.py'...
Compiling '/home/inrack/.local/cpython-3.14.7t/lib/python3.14t/fnmatch.py'...
Compiling '/home/inrack/.local/cpython-3.14.7t/lib/python3.14t/fractions.py'...
Compiling '/home/inrack/.local/cpython-3.14.7t/lib/python3.14t/ftplib.py'...
Compiling '/home/inrack/.local/cpython-3.14.7t/lib/python3.14t/test/support/asyncore.py'...
Compiling '/home/inrack/.local/cpython-3.14.7t/lib/python3.14t/test/support/bytecode_helper.py'...
Compiling '/home/inrack/.local/cpython-3.14.7t/lib/python3.14t/test/support/channels.py'...
Compiling '/home/inrack/.local/cpython-3.14.7t/lib/python3.14t/test/support/hashlib_helper.py'...
Compiling '/home/inrack/.local/cpython-3.14.7t/lib/python3.14t/test/test_ctypes/test_bytes.py'...
Compiling '/home/inrack/.local/cpython-3.14.7t/lib/python3.14t/test/test_ctypes/test_byteswap.py'...
Compiling '/home/inrack/.local/cpython-3.14.7t/lib/python3.14t/test/test_ctypes/test_c_simple_type_meta.py'...
Compiling '/home/inrack/.local/cpython-3.14.7t/lib/python3.14t/test/test_ctypes/test_callbacks.py'...
Compiling '/home/inrack/.local/cpython-3.14.7t/lib/python3.14t/test/test_functools.py'...
Compiling '/home/inrack/.local/cpython-3.14.7t/lib/python3.14t/test/test_future_stmt/__init__.py'...
Compiling '/home/inrack/.local/cpython-3.14.7t/lib/python3.14t/test/test_future_stmt/import_nested_scope_twice.py'...
Compiling '/home/inrack/.local/cpython-3.14.7t/lib/python3.14t/test/test_with.py'...
Compiling '/home/inrack/.local/cpython-3.14.7t/lib/python3.14t/test/test_wmi.py'...
Compiling '/home/inrack/.local/cpython-3.14.7t/lib/python3.14t/test/test_wsgiref.py'...
Compiling '/home/inrack/.local/cpython-3.14.7t/lib/python3.14t/test/test_xml_dom_minicompat.py'...
Compiling '/home/inrack/.local/cpython-3.14.7t/lib/python3.14t/idlelib/idle_test/test_colorizer.py'...
Compiling '/home/inrack/.local/cpython-3.14.7t/lib/python3.14t/idlelib/idle_test/test_config.py'...
Compiling '/home/inrack/.local/cpython-3.14.7t/lib/python3.14t/idlelib/idle_test/test_config_key.py'...
Compiling '/home/inrack/.local/cpython-3.14.7t/lib/python3.14t/idlelib/idle_test/test_configdialog.py'...
Compiling '/home/inrack/.local/cpython-3.14.7t/lib/python3.14t/test/test_ctypes/test_incomplete.py'...
Compiling '/home/inrack/.local/cpython-3.14.7t/lib/python3.14t/test/test_ctypes/test_init.py'...
Compiling '/home/inrack/.local/cpython-3.14.7t/lib/python3.14t/test/test_ctypes/test_internals.py'...
Compiling '/home/inrack/.local/cpython-3.14.7t/lib/python3.14t/test/test_ctypes/test_keeprefs.py'...
Compiling '/home/inrack/.local/cpython-3.14.7t/lib/python3.14t/test/test_dataclasses/__init__.py'...
Compiling '/home/inrack/.local/cpython-3.14.7t/lib/python3.14t/test/test_dataclasses/dataclass_module_1.py'...
Compiling '/home/inrack/.local/cpython-3.14.7t/lib/python3.14t/test/test_dataclasses/dataclass_module_1_str.py'...
Compiling '/home/inrack/.local/cpython-3.14.7t/lib/python3.14t/test/test_dataclasses/dataclass_module_2.py'...
Compiling '/home/inrack/.local/cpython-3.14.7t/lib/python3.14t/turtledemo/rosette.py'...
Compiling '/home/inrack/.local/cpython-3.14.7t/lib/python3.14t/turtledemo/round_dance.py'...
Compiling '/home/inrack/.local/cpython-3.14.7t/lib/python3.14t/turtledemo/sorting_animate.py'...
Compiling '/home/inrack/.local/cpython-3.14.7t/lib/python3.14t/turtledemo/tree.py'...
Compiling '/home/inrack/.local/cpython-3.14.7t/lib/python3.14t/uuid.py'...
Compiling '/home/inrack/.local/cpython-3.14.7t/lib/python3.14t/venv/__init__.py'...
Compiling '/home/inrack/.local/cpython-3.14.7t/lib/python3.14t/venv/__main__.py'...
Compiling '/home/inrack/.local/cpython-3.14.7t/lib/python3.14t/test/test_baseexception.py'...
Compiling '/home/inrack/.local/cpython-3.14.7t/lib/python3.14t/test/test_bdb.py'...
Compiling '/home/inrack/.local/cpython-3.14.7t/lib/python3.14t/test/test_bigaddrspace.py'...
Compiling '/home/inrack/.local/cpython-3.14.7t/lib/python3.14t/test/test_bigmem.py'...
Compiling '/home/inrack/.local/cpython-3.14.7t/lib/python3.14t/test/test_multiprocessing_fork/test_manager.py'...
Compiling '/home/inrack/.local/cpython-3.14.7t/lib/python3.14t/test/test_multiprocessing_fork/test_misc.py'...
Compiling '/home/inrack/.local/cpython-3.14.7t/lib/python3.14t/test/test_multiprocessing_fork/test_processes.py'...
Compiling '/home/inrack/.local/cpython-3.14.7t/lib/python3.14t/test/test_multiprocessing_fork/test_threads.py'...
Compiling '/home/inrack/.local/cpython-3.14.7t/lib/python3.14t/test/test_pathlib/test_join_posix.py'...
Compiling '/home/inrack/.local/cpython-3.14.7t/lib/python3.14t/test/test_pathlib/test_join_windows.py'...
Compiling '/home/inrack/.local/cpython-3.14.7t/lib/python3.14t/test/test_pathlib/test_pathlib.py'...
Compiling '/home/inrack/.local/cpython-3.14.7t/lib/python3.14t/test/test_pathlib/test_read.py'...
Compiling '/home/inrack/.local/cpython-3.14.7t/lib/python3.14t/test/test_atexit.py'...
Compiling '/home/inrack/.local/cpython-3.14.7t/lib/python3.14t/test/test_audit.py'...
Compiling '/home/inrack/.local/cpython-3.14.7t/lib/python3.14t/test/test_augassign.py'...
Compiling '/home/inrack/.local/cpython-3.14.7t/lib/python3.14t/test/test_base64.py'...
Compiling '/home/inrack/.local/cpython-3.14.7t/lib/python3.14t/test/test_free_threading/test_list.py'...
Compiling '/home/inrack/.local/cpython-3.14.7t/lib/python3.14t/test/test_free_threading/test_methodcaller.py'...
Compiling '/home/inrack/.local/cpython-3.14.7t/lib/python3.14t/test/test_free_threading/test_mmap.py'...
Compiling '/home/inrack/.local/cpython-3.14.7t/lib/python3.14t/test/test_free_threading/test_monitoring.py'...
Compiling '/home/inrack/.local/cpython-3.14.7t/lib/python3.14t/test/test_importlib/partial/cfimport.py'...
Compiling '/home/inrack/.local/cpython-3.14.7t/lib/python3.14t/test/test_importlib/partial/pool_in_threads.py'...
Compiling '/home/inrack/.local/cpython-3.14.7t/lib/python3.14t/test/test_importlib/resources/__init__.py'...
Compiling '/home/inrack/.local/cpython-3.14.7t/lib/python3.14t/test/test_importlib/test_namespace_pkgs.py'...
Compiling '/home/inrack/.local/cpython-3.14.7t/lib/python3.14t/test/test_importlib/test_pkg_import.py'...
Compiling '/home/inrack/.local/cpython-3.14.7t/lib/python3.14t/test/test_importlib/test_spec.py'...
Compiling '/home/inrack/.local/cpython-3.14.7t/lib/python3.14t/test/test_importlib/test_threaded_import.py'...
Compiling '/home/inrack/.local/cpython-3.14.7t/lib/python3.14t/test/test_secrets.py'...
Compiling '/home/inrack/.local/cpython-3.14.7t/lib/python3.14t/test/test_select.py'...
Compiling '/home/inrack/.local/cpython-3.14.7t/lib/python3.14t/test/test_selectors.py'...
Compiling '/home/inrack/.local/cpython-3.14.7t/lib/python3.14t/test/test_set.py'...
Compiling '/home/inrack/.local/cpython-3.14.7t/lib/python3.14t/xml/sax/expatreader.py'...
Compiling '/home/inrack/.local/cpython-3.14.7t/lib/python3.14t/xml/sax/handler.py'...
Compiling '/home/inrack/.local/cpython-3.14.7t/lib/python3.14t/xml/sax/saxutils.py'...
Compiling '/home/inrack/.local/cpython-3.14.7t/lib/python3.14t/xml/sax/xmlreader.py'...
Compiling '/home/inrack/.local/cpython-3.14.7t/lib/python3.14t/asyncio/exceptions.py'...
Compiling '/home/inrack/.local/cpython-3.14.7t/lib/python3.14t/asyncio/format_helpers.py'...
Compiling '/home/inrack/.local/cpython-3.14.7t/lib/python3.14t/asyncio/futures.py'...
Compiling '/home/inrack/.local/cpython-3.14.7t/lib/python3.14t/asyncio/graph.py'...
Compiling '/home/inrack/.local/cpython-3.14.7t/lib/python3.14t/compression/zstd/_zstdfile.py'...
Compiling '/home/inrack/.local/cpython-3.14.7t/lib/python3.14t/concurrent/__init__.py'...
Compiling '/home/inrack/.local/cpython-3.14.7t/lib/python3.14t/concurrent/futures/__init__.py'...
Compiling '/home/inrack/.local/cpython-3.14.7t/lib/python3.14t/concurrent/futures/_base.py'...
Compiling '/home/inrack/.local/cpython-3.14.7t/lib/python3.14t/encodings/iso8859_16.py'...
Compiling '/home/inrack/.local/cpython-3.14.7t/lib/python3.14t/encodings/iso8859_2.py'...
Compiling '/home/inrack/.local/cpython-3.14.7t/lib/python3.14t/encodings/iso8859_3.py'...
Compiling '/home/inrack/.local/cpython-3.14.7t/lib/python3.14t/encodings/iso8859_4.py'...
Compiling '/home/inrack/.local/cpython-3.14.7t/lib/python3.14t/functools.py'...
Compiling '/home/inrack/.local/cpython-3.14.7t/lib/python3.14t/genericpath.py'...
Compiling '/home/inrack/.local/cpython-3.14.7t/lib/python3.14t/getopt.py'...
Compiling '/home/inrack/.local/cpython-3.14.7t/lib/python3.14t/getpass.py'...
Compiling '/home/inrack/.local/cpython-3.14.7t/lib/python3.14t/re/__init__.py'...
Compiling '/home/inrack/.local/cpython-3.14.7t/lib/python3.14t/re/_casefix.py'...
Compiling '/home/inrack/.local/cpython-3.14.7t/lib/python3.14t/re/_compiler.py'...
Compiling '/home/inrack/.local/cpython-3.14.7t/lib/python3.14t/re/_constants.py'...
Compiling '/home/inrack/.local/cpython-3.14.7t/lib/python3.14t/test/support/refleak_helper.py'...
Compiling '/home/inrack/.local/cpython-3.14.7t/lib/python3.14t/test/support/script_helper.py'...
Compiling '/home/inrack/.local/cpython-3.14.7t/lib/python3.14t/test/support/smtpd.py'...
Compiling '/home/inrack/.local/cpython-3.14.7t/lib/python3.14t/test/support/socket_helper.py'...
Compiling '/home/inrack/.local/cpython-3.14.7t/lib/python3.14t/test/test_ctypes/test_win32.py'...
Compiling '/home/inrack/.local/cpython-3.14.7t/lib/python3.14t/test/test_ctypes/test_win32_com_foreign_func.py'...
Compiling '/home/inrack/.local/cpython-3.14.7t/lib/python3.14t/test/test_ctypes/test_wintypes.py'...
Compiling '/home/inrack/.local/cpython-3.14.7t/lib/python3.14t/test/test_curses.py'...
Compiling '/home/inrack/.local/cpython-3.14.7t/lib/python3.14t/test/test_sax.py'...
Compiling '/home/inrack/.local/cpython-3.14.7t/lib/python3.14t/test/test_sched.py'...
Compiling '/home/inrack/.local/cpython-3.14.7t/lib/python3.14t/test/test_scope.py'...
Compiling '/home/inrack/.local/cpython-3.14.7t/lib/python3.14t/test/test_script_helper.py'...
Compiling '/home/inrack/.local/cpython-3.14.7t/lib/python3.14t/turtledemo/two_canvases.py'...
Compiling '/home/inrack/.local/cpython-3.14.7t/lib/python3.14t/turtledemo/yinyang.py'...
Compiling '/home/inrack/.local/cpython-3.14.7t/lib/python3.14t/types.py'...
Compiling '/home/inrack/.local/cpython-3.14.7t/lib/python3.14t/xml/dom/__init__.py'...
Compiling '/home/inrack/.local/cpython-3.14.7t/lib/python3.14t/xml/dom/domreg.py'...
Compiling '/home/inrack/.local/cpython-3.14.7t/lib/python3.14t/xml/dom/expatbuilder.py'...
Compiling '/home/inrack/.local/cpython-3.14.7t/lib/python3.14t/xml/dom/minicompat.py'...
Compiling '/home/inrack/.local/cpython-3.14.7t/lib/python3.14t/multiprocessing/connection.py'...
Compiling '/home/inrack/.local/cpython-3.14.7t/lib/python3.14t/multiprocessing/context.py'...
Compiling '/home/inrack/.local/cpython-3.14.7t/lib/python3.14t/multiprocessing/dummy/__init__.py'...
Compiling '/home/inrack/.local/cpython-3.14.7t/lib/python3.14t/multiprocessing/dummy/connection.py'...
Compiling '/home/inrack/.local/cpython-3.14.7t/lib/python3.14t/test/string_tests.py'...
Compiling '/home/inrack/.local/cpython-3.14.7t/lib/python3.14t/test/subprocessdata/fd_status.py'...
Compiling '/home/inrack/.local/cpython-3.14.7t/lib/python3.14t/test/subprocessdata/input_reader.py'...
Compiling '/home/inrack/.local/cpython-3.14.7t/lib/python3.14t/test/subprocessdata/qcat.py'...
Compiling '/home/inrack/.local/cpython-3.14.7t/lib/python3.14t/test/test_free_threading/test_type.py'...
Compiling '/home/inrack/.local/cpython-3.14.7t/lib/python3.14t/test/test_free_threading/test_types.py'...
Compiling '/home/inrack/.local/cpython-3.14.7t/lib/python3.14t/test/test_free_threading/test_uuid.py'...
Compiling '/home/inrack/.local/cpython-3.14.7t/lib/python3.14t/test/test_free_threading/test_zip.py'...
Compiling '/home/inrack/.local/cpython-3.14.7t/lib/python3.14t/test/test_grammar.py'...
Compiling '/home/inrack/.local/cpython-3.14.7t/lib/python3.14t/test/test_graphlib.py'...
Compiling '/home/inrack/.local/cpython-3.14.7t/lib/python3.14t/test/test_grp.py'...
Compiling '/home/inrack/.local/cpython-3.14.7t/lib/python3.14t/test/test_gzip.py'...
Compiling '/home/inrack/.local/cpython-3.14.7t/lib/python3.14t/test/test_unittest/testmock/support.py'...
Compiling '/home/inrack/.local/cpython-3.14.7t/lib/python3.14t/test/test_unittest/testmock/testasync.py'...
Compiling '/home/inrack/.local/cpython-3.14.7t/lib/python3.14t/test/test_unittest/testmock/testcallable.py'...
Compiling '/home/inrack/.local/cpython-3.14.7t/lib/python3.14t/test/test_unittest/testmock/testhelpers.py'...
Compiling '/home/inrack/.local/cpython-3.14.7t/lib/python3.14t/asyncio/tools.py'...
Compiling '/home/inrack/.local/cpython-3.14.7t/lib/python3.14t/asyncio/transports.py'...
Compiling '/home/inrack/.local/cpython-3.14.7t/lib/python3.14t/asyncio/trsock.py'...
Compiling '/home/inrack/.local/cpython-3.14.7t/lib/python3.14t/asyncio/unix_events.py'...
Compiling '/home/inrack/.local/cpython-3.14.7t/lib/python3.14t/email/mime/multipart.py'...
Compiling '/home/inrack/.local/cpython-3.14.7t/lib/python3.14t/email/mime/nonmultipart.py'...
Compiling '/home/inrack/.local/cpython-3.14.7t/lib/python3.14t/email/mime/text.py'...
Compiling '/home/inrack/.local/cpython-3.14.7t/lib/python3.14t/email/parser.py'...
Compiling '/home/inrack/.local/cpython-3.14.7t/lib/python3.14t/encodings/cp1140.py'...
Compiling '/home/inrack/.local/cpython-3.14.7t/lib/python3.14t/encodings/cp1250.py'...
Compiling '/home/inrack/.local/cpython-3.14.7t/lib/python3.14t/encodings/cp1251.py'...
Compiling '/home/inrack/.local/cpython-3.14.7t/lib/python3.14t/encodings/cp1252.py'...
Compiling '/home/inrack/.local/cpython-3.14.7t/lib/python3.14t/encodings/cp861.py'...
Compiling '/home/inrack/.local/cpython-3.14.7t/lib/python3.14t/encodings/cp862.py'...
Compiling '/home/inrack/.local/cpython-3.14.7t/lib/python3.14t/encodings/cp863.py'...
Compiling '/home/inrack/.local/cpython-3.14.7t/lib/python3.14t/encodings/cp864.py'...
Compiling '/home/inrack/.local/cpython-3.14.7t/lib/python3.14t/idlelib/idle_test/test_warning.py'...
Compiling '/home/inrack/.local/cpython-3.14.7t/lib/python3.14t/idlelib/idle_test/test_window.py'...
Compiling '/home/inrack/.local/cpython-3.14.7t/lib/python3.14t/idlelib/idle_test/test_zoomheight.py'...
Compiling '/home/inrack/.local/cpython-3.14.7t/lib/python3.14t/idlelib/idle_test/test_zzdummy.py'...
Compiling '/home/inrack/.local/cpython-3.14.7t/lib/python3.14t/importlib/resources/readers.py'...
Compiling '/home/inrack/.local/cpython-3.14.7t/lib/python3.14t/importlib/resources/simple.py'...
Compiling '/home/inrack/.local/cpython-3.14.7t/lib/python3.14t/importlib/simple.py'...
Compiling '/home/inrack/.local/cpython-3.14.7t/lib/python3.14t/importlib/util.py'...
Compiling '/home/inrack/.local/cpython-3.14.7t/lib/python3.14t/stat.py'...
Compiling '/home/inrack/.local/cpython-3.14.7t/lib/python3.14t/statistics.py'...
Compiling '/home/inrack/.local/cpython-3.14.7t/lib/python3.14t/string/__init__.py'...
Compiling '/home/inrack/.local/cpython-3.14.7t/lib/python3.14t/string/templatelib.py'...
Compiling '/home/inrack/.local/cpython-3.14.7t/lib/python3.14t/test/test_ctypes/test_libc.py'...
Compiling '/home/inrack/.local/cpython-3.14.7t/lib/python3.14t/test/test_ctypes/test_loading.py'...
Compiling '/home/inrack/.local/cpython-3.14.7t/lib/python3.14t/test/test_ctypes/test_macholib.py'...
Compiling '/home/inrack/.local/cpython-3.14.7t/lib/python3.14t/test/test_ctypes/test_memfunctions.py'...
Compiling '/home/inrack/.local/cpython-3.14.7t/lib/python3.14t/test/test_doctest/test_doctest2.py'...
Compiling '/home/inrack/.local/cpython-3.14.7t/lib/python3.14t/test/test_enum.py'...
Compiling '/home/inrack/.local/cpython-3.14.7t/lib/python3.14t/test/test_enumerate.py'...
Compiling '/home/inrack/.local/cpython-3.14.7t/lib/python3.14t/test/test_eof.py'...
Compiling '/home/inrack/.local/cpython-3.14.7t/lib/python3.14t/test/test_epoll.py'...
Compiling '/home/inrack/.local/cpython-3.14.7t/lib/python3.14t/test/test_asdl_parser.py'...
Compiling '/home/inrack/.local/cpython-3.14.7t/lib/python3.14t/test/test_ast/__init__.py'...
Compiling '/home/inrack/.local/cpython-3.14.7t/lib/python3.14t/test/test_ast/snippets.py'...
Compiling '/home/inrack/.local/cpython-3.14.7t/lib/python3.14t/test/test_importlib/import_/__main__.py'...
Compiling '/home/inrack/.local/cpython-3.14.7t/lib/python3.14t/test/test_importlib/import_/test___loader__.py'...
Compiling '/home/inrack/.local/cpython-3.14.7t/lib/python3.14t/test/test_importlib/import_/test___package__.py'...
Compiling '/home/inrack/.local/cpython-3.14.7t/lib/python3.14t/test/test_importlib/import_/test_api.py'...
Compiling '/home/inrack/.local/cpython-3.14.7t/lib/python3.14t/test/test_index.py'...
Compiling '/home/inrack/.local/cpython-3.14.7t/lib/python3.14t/test/test_inspect/__init__.py'...
Compiling '/home/inrack/.local/cpython-3.14.7t/lib/python3.14t/test/test_inspect/inspect_deferred_annotations.py'...
Compiling '/home/inrack/.local/cpython-3.14.7t/lib/python3.14t/test/test_inspect/inspect_fodder.py'...
Compiling '/home/inrack/.local/cpython-3.14.7t/lib/python3.14t/test/test_multiprocessing_spawn/test_misc.py'...
Compiling '/home/inrack/.local/cpython-3.14.7t/lib/python3.14t/test/test_multiprocessing_spawn/test_processes.py'...
Compiling '/home/inrack/.local/cpython-3.14.7t/lib/python3.14t/test/test_multiprocessing_spawn/test_threads.py'...
Compiling '/home/inrack/.local/cpython-3.14.7t/lib/python3.14t/test/test_named_expressions.py'...
Compiling '/home/inrack/.local/cpython-3.14.7t/lib/python3.14t/test/test_setcomps.py'...
Compiling '/home/inrack/.local/cpython-3.14.7t/lib/python3.14t/test/test_shelve.py'...
Compiling '/home/inrack/.local/cpython-3.14.7t/lib/python3.14t/test/test_shlex.py'...
Compiling '/home/inrack/.local/cpython-3.14.7t/lib/python3.14t/test/test_shutil.py'...
Compiling '/home/inrack/.local/cpython-3.14.7t/lib/python3.14t/_pyrepl/unix_eventqueue.py'...
Compiling '/home/inrack/.local/cpython-3.14.7t/lib/python3.14t/_pyrepl/utils.py'...
Compiling '/home/inrack/.local/cpython-3.14.7t/lib/python3.14t/_pyrepl/windows_console.py'...
Compiling '/home/inrack/.local/cpython-3.14.7t/lib/python3.14t/_pyrepl/windows_eventqueue.py'...
Compiling '/home/inrack/.local/cpython-3.14.7t/lib/python3.14t/contextvars.py'...
Compiling '/home/inrack/.local/cpython-3.14.7t/lib/python3.14t/copy.py'...
Compiling '/home/inrack/.local/cpython-3.14.7t/lib/python3.14t/copyreg.py'...
Compiling '/home/inrack/.local/cpython-3.14.7t/lib/python3.14t/csv.py'...
Compiling '/home/inrack/.local/cpython-3.14.7t/lib/python3.14t/encodings/iso8859_11.py'...
Compiling '/home/inrack/.local/cpython-3.14.7t/lib/python3.14t/encodings/iso8859_13.py'...
Compiling '/home/inrack/.local/cpython-3.14.7t/lib/python3.14t/encodings/iso8859_14.py'...
Compiling '/home/inrack/.local/cpython-3.14.7t/lib/python3.14t/encodings/iso8859_15.py'...
Compiling '/home/inrack/.local/cpython-3.14.7t/lib/python3.14t/gettext.py'...
Compiling '/home/inrack/.local/cpython-3.14.7t/lib/python3.14t/glob.py'...
Compiling '/home/inrack/.local/cpython-3.14.7t/lib/python3.14t/graphlib.py'...
Compiling '/home/inrack/.local/cpython-3.14.7t/lib/python3.14t/gzip.py'...
Compiling '/home/inrack/.local/cpython-3.14.7t/lib/python3.14t/test/crashers/infinite_loop_re.py'...
Compiling '/home/inrack/.local/cpython-3.14.7t/lib/python3.14t/test/crashers/mutation_inside_cyclegc.py'...
Compiling '/home/inrack/.local/cpython-3.14.7t/lib/python3.14t/test/crashers/recursive_call.py'...
Compiling '/home/inrack/.local/cpython-3.14.7t/lib/python3.14t/test/crashers/trace_at_recursion_limit.py'...
Compiling '/home/inrack/.local/cpython-3.14.7t/lib/python3.14t/test/dtracedata/instance.py'...
Compiling '/home/inrack/.local/cpython-3.14.7t/lib/python3.14t/test/dtracedata/line.py'...
Compiling '/home/inrack/.local/cpython-3.14.7t/lib/python3.14t/test/support/logging_helper.py'...
Compiling '/home/inrack/.local/cpython-3.14.7t/lib/python3.14t/test/support/numbers.py'...
Compiling '/home/inrack/.local/cpython-3.14.7t/lib/python3.14t/test/support/os_helper.py'...
Compiling '/home/inrack/.local/cpython-3.14.7t/lib/python3.14t/test/support/pty_helper.py'...
Compiling '/home/inrack/.local/cpython-3.14.7t/lib/python3.14t/test/test_concurrent_futures/test_shutdown.py'...
Compiling '/home/inrack/.local/cpython-3.14.7t/lib/python3.14t/test/test_concurrent_futures/test_thread_pool.py'...
Compiling '/home/inrack/.local/cpython-3.14.7t/lib/python3.14t/test/test_concurrent_futures/test_wait.py'...
Compiling '/home/inrack/.local/cpython-3.14.7t/lib/python3.14t/test/test_concurrent_futures/util.py'...
Compiling '/home/inrack/.local/cpython-3.14.7t/lib/python3.14t/test/test_docxmlrpc.py'...
Compiling '/home/inrack/.local/cpython-3.14.7t/lib/python3.14t/test/test_exception_variations.py'...
Compiling '/home/inrack/.local/cpython-3.14.7t/lib/python3.14t/test/test_exceptions.py'...
Compiling '/home/inrack/.local/cpython-3.14.7t/lib/python3.14t/test/test_extcall.py'...
Compiling '/home/inrack/.local/cpython-3.14.7t/lib/python3.14t/test/test_external_inspection.py'...
Compiling '/home/inrack/.local/cpython-3.14.7t/lib/python3.14t/test/test_tomllib/__main__.py'...
Compiling '/home/inrack/.local/cpython-3.14.7t/lib/python3.14t/test/test_tomllib/burntsushi.py'...
Compiling '/home/inrack/.local/cpython-3.14.7t/lib/python3.14t/test/test_tomllib/test_data.py'...
Compiling '/home/inrack/.local/cpython-3.14.7t/lib/python3.14t/test/test_tomllib/test_error.py'...
Compiling '/home/inrack/.local/cpython-3.14.7t/lib/python3.14t/test/test_tomllib/test_misc.py'...
Compiling '/home/inrack/.local/cpython-3.14.7t/lib/python3.14t/test/test_tools/__init__.py'...
Compiling '/home/inrack/.local/cpython-3.14.7t/lib/python3.14t/test/test_unittest/test_discovery.py'...
Compiling '/home/inrack/.local/cpython-3.14.7t/lib/python3.14t/test/test_unittest/test_functiontestcase.py'...
Compiling '/home/inrack/.local/cpython-3.14.7t/lib/python3.14t/test/test_unittest/test_loader.py'...
Compiling '/home/inrack/.local/cpython-3.14.7t/lib/python3.14t/test/test_unittest/test_program.py'...
Compiling '/home/inrack/.local/cpython-3.14.7t/lib/python3.14t/compression/__init__.py'...
Compiling '/home/inrack/.local/cpython-3.14.7t/lib/python3.14t/compression/_common/__init__.py'...
Compiling '/home/inrack/.local/cpython-3.14.7t/lib/python3.14t/compression/_common/_streams.py'...
Compiling '/home/inrack/.local/cpython-3.14.7t/lib/python3.14t/compression/bz2.py'...
Compiling '/home/inrack/.local/cpython-3.14.7t/lib/python3.14t/email/mime/audio.py'...
Compiling '/home/inrack/.local/cpython-3.14.7t/lib/python3.14t/email/mime/base.py'...
Compiling '/home/inrack/.local/cpython-3.14.7t/lib/python3.14t/email/mime/image.py'...
Compiling '/home/inrack/.local/cpython-3.14.7t/lib/python3.14t/email/mime/message.py'...
Compiling '/home/inrack/.local/cpython-3.14.7t/lib/python3.14t/encodings/cp1257.py'...
Compiling '/home/inrack/.local/cpython-3.14.7t/lib/python3.14t/encodings/cp1258.py'...
Compiling '/home/inrack/.local/cpython-3.14.7t/lib/python3.14t/encodings/cp273.py'...
Compiling '/home/inrack/.local/cpython-3.14.7t/lib/python3.14t/encodings/cp424.py'...
Compiling '/home/inrack/.local/cpython-3.14.7t/lib/python3.14t/encodings/iso2022_jp_1.py'...
Compiling '/home/inrack/.local/cpython-3.14.7t/lib/python3.14t/encodings/iso2022_jp_2.py'...
Compiling '/home/inrack/.local/cpython-3.14.7t/lib/python3.14t/encodings/iso2022_jp_2004.py'...
Compiling '/home/inrack/.local/cpython-3.14.7t/lib/python3.14t/encodings/iso2022_jp_3.py'...
Compiling '/home/inrack/.local/cpython-3.14.7t/lib/python3.14t/encodings/mac_iceland.py'...
Compiling '/home/inrack/.local/cpython-3.14.7t/lib/python3.14t/encodings/mac_latin2.py'...
Compiling '/home/inrack/.local/cpython-3.14.7t/lib/python3.14t/encodings/mac_roman.py'...
Compiling '/home/inrack/.local/cpython-3.14.7t/lib/python3.14t/encodings/mac_romanian.py'...
Compiling '/home/inrack/.local/cpython-3.14.7t/lib/python3.14t/idlelib/config_key.py'...
Compiling '/home/inrack/.local/cpython-3.14.7t/lib/python3.14t/idlelib/configdialog.py'...
Compiling '/home/inrack/.local/cpython-3.14.7t/lib/python3.14t/idlelib/debugger.py'...
Compiling '/home/inrack/.local/cpython-3.14.7t/lib/python3.14t/idlelib/debugger_r.py'...
Compiling '/home/inrack/.local/cpython-3.14.7t/lib/python3.14t/test/test_asyncio/test_selector_events.py'...
Compiling '/home/inrack/.local/cpython-3.14.7t/lib/python3.14t/test/test_asyncio/test_sendfile.py'...
Compiling '/home/inrack/.local/cpython-3.14.7t/lib/python3.14t/test/test_asyncio/test_server.py'...
Compiling '/home/inrack/.local/cpython-3.14.7t/lib/python3.14t/test/test_asyncio/test_sock_lowlevel.py'...
Compiling '/home/inrack/.local/cpython-3.14.7t/lib/python3.14t/test/test_metaclass.py'...
Compiling '/home/inrack/.local/cpython-3.14.7t/lib/python3.14t/test/test_mimetypes.py'...
Compiling '/home/inrack/.local/cpython-3.14.7t/lib/python3.14t/test/test_minidom.py'...
Compiling '/home/inrack/.local/cpython-3.14.7t/lib/python3.14t/test/test_mmap.py'...
Compiling '/home/inrack/.local/cpython-3.14.7t/lib/python3.14t/turtledemo/chaos.py'...
Compiling '/home/inrack/.local/cpython-3.14.7t/lib/python3.14t/turtledemo/clock.py'...
Compiling '/home/inrack/.local/cpython-3.14.7t/lib/python3.14t/turtledemo/colormixer.py'...
Compiling '/home/inrack/.local/cpython-3.14.7t/lib/python3.14t/turtledemo/forest.py'...
Compiling '/home/inrack/.local/cpython-3.14.7t/lib/python3.14t/warnings.py'...
Compiling '/home/inrack/.local/cpython-3.14.7t/lib/python3.14t/wave.py'...
Compiling '/home/inrack/.local/cpython-3.14.7t/lib/python3.14t/weakref.py'...
Compiling '/home/inrack/.local/cpython-3.14.7t/lib/python3.14t/webbrowser.py'...
Compiling '/home/inrack/.local/cpython-3.14.7t/lib/python3.14t/wsgiref/__init__.py'...
Compiling '/home/inrack/.local/cpython-3.14.7t/lib/python3.14t/antigravity.py'...
Compiling '/home/inrack/.local/cpython-3.14.7t/lib/python3.14t/argparse.py'...
Compiling '/home/inrack/.local/cpython-3.14.7t/lib/python3.14t/ast.py'...
Compiling '/home/inrack/.local/cpython-3.14.7t/lib/python3.14t/asyncio/__init__.py'...
Compiling '/home/inrack/.local/cpython-3.14.7t/lib/python3.14t/idlelib/idle_test/test_query.py'...
Compiling '/home/inrack/.local/cpython-3.14.7t/lib/python3.14t/idlelib/idle_test/test_redirector.py'...
Compiling '/home/inrack/.local/cpython-3.14.7t/lib/python3.14t/idlelib/idle_test/test_replace.py'...
Compiling '/home/inrack/.local/cpython-3.14.7t/lib/python3.14t/idlelib/idle_test/test_rpc.py'...
Compiling '/home/inrack/.local/cpython-3.14.7t/lib/python3.14t/test/dis_module.py'...
Compiling '/home/inrack/.local/cpython-3.14.7t/lib/python3.14t/test/seq_tests.py'...
Compiling '/home/inrack/.local/cpython-3.14.7t/lib/python3.14t/test/signalinterproctester.py'...
Compiling '/home/inrack/.local/cpython-3.14.7t/lib/python3.14t/test/ssl_servers.py'...
Compiling '/home/inrack/.local/cpython-3.14.7t/lib/python3.14t/test/ssltests.py'...
Compiling '/home/inrack/.local/cpython-3.14.7t/lib/python3.14t/test/test_crossinterp.py'...
Compiling '/home/inrack/.local/cpython-3.14.7t/lib/python3.14t/test/test_csv.py'...
Compiling '/home/inrack/.local/cpython-3.14.7t/lib/python3.14t/test/test_ctypes/__init__.py'...
Compiling '/home/inrack/.local/cpython-3.14.7t/lib/python3.14t/test/test_ctypes/__main__.py'...
Compiling '/home/inrack/.local/cpython-3.14.7t/lib/python3.14t/test/test_symtable.py'...
Compiling '/home/inrack/.local/cpython-3.14.7t/lib/python3.14t/test/test_syntax.py'...
Compiling '/home/inrack/.local/cpython-3.14.7t/lib/python3.14t/test/test_sys.py'...
Compiling '/home/inrack/.local/cpython-3.14.7t/lib/python3.14t/test/test_sys_setprofile.py'...
Compiling '/home/inrack/.local/cpython-3.14.7t/lib/python3.14t/test/test_asyncio/test_timeouts.py'...
Compiling '/home/inrack/.local/cpython-3.14.7t/lib/python3.14t/test/test_asyncio/test_tools.py'...
Compiling '/home/inrack/.local/cpython-3.14.7t/lib/python3.14t/test/test_asyncio/test_transports.py'...
Compiling '/home/inrack/.local/cpython-3.14.7t/lib/python3.14t/test/test_asyncio/test_unix_events.py'...
Compiling '/home/inrack/.local/cpython-3.14.7t/lib/python3.14t/test/test_iter.py'...
Compiling '/home/inrack/.local/cpython-3.14.7t/lib/python3.14t/test/test_iterlen.py'...
Compiling '/home/inrack/.local/cpython-3.14.7t/lib/python3.14t/test/test_itertools.py'...
Compiling '/home/inrack/.local/cpython-3.14.7t/lib/python3.14t/test/test_json/__init__.py'...
Compiling '/home/inrack/.local/cpython-3.14.7t/lib/python3.14t/_ast_unparse.py'...
Compiling '/home/inrack/.local/cpython-3.14.7t/lib/python3.14t/_collections_abc.py'...
Compiling '/home/inrack/.local/cpython-3.14.7t/lib/python3.14t/_colorize.py'...
Compiling '/home/inrack/.local/cpython-3.14.7t/lib/python3.14t/_compat_pickle.py'...
Compiling '/home/inrack/.local/cpython-3.14.7t/lib/python3.14t/encodings/utf_16_be.py'...
Compiling '/home/inrack/.local/cpython-3.14.7t/lib/python3.14t/encodings/utf_16_le.py'...
Compiling '/home/inrack/.local/cpython-3.14.7t/lib/python3.14t/encodings/utf_32.py'...
Compiling '/home/inrack/.local/cpython-3.14.7t/lib/python3.14t/encodings/utf_32_be.py'...
Compiling '/home/inrack/.local/cpython-3.14.7t/lib/python3.14t/idlelib/editor.py'...
Compiling '/home/inrack/.local/cpython-3.14.7t/lib/python3.14t/idlelib/filelist.py'...
Compiling '/home/inrack/.local/cpython-3.14.7t/lib/python3.14t/idlelib/format.py'...
Compiling '/home/inrack/.local/cpython-3.14.7t/lib/python3.14t/test/encoded_modules/__init__.py'...
Compiling '/home/inrack/.local/cpython-3.14.7t/lib/python3.14t/test/encoded_modules/module_iso_8859_1.py'...
Compiling '/home/inrack/.local/cpython-3.14.7t/lib/python3.14t/test/encoded_modules/module_koi8_r.py'...
Compiling '/home/inrack/.local/cpython-3.14.7t/lib/python3.14t/test/test__interpchannels.py'...
Compiling '/home/inrack/.local/cpython-3.14.7t/lib/python3.14t/test/test__interpreters.py'...
Compiling '/home/inrack/.local/cpython-3.14.7t/lib/python3.14t/test/test__locale.py'...
Compiling '/home/inrack/.local/cpython-3.14.7t/lib/python3.14t/test/test__opcode.py'...
Compiling '/home/inrack/.local/cpython-3.14.7t/lib/python3.14t/test/test_math.py'...
Compiling '/home/inrack/.local/cpython-3.14.7t/lib/python3.14t/test/test_math_property.py'...
Compiling '/home/inrack/.local/cpython-3.14.7t/lib/python3.14t/test/test_memoryio.py'...
Compiling '/home/inrack/.local/cpython-3.14.7t/lib/python3.14t/test/test_memoryview.py'...
Compiling '/home/inrack/.local/cpython-3.14.7t/lib/python3.14t/__future__.py'...
Compiling '/home/inrack/.local/cpython-3.14.7t/lib/python3.14t/__hello__.py'...
Compiling '/home/inrack/.local/cpython-3.14.7t/lib/python3.14t/__phello__/__init__.py'...
Compiling '/home/inrack/.local/cpython-3.14.7t/lib/python3.14t/asyncio/base_tasks.py'...
Compiling '/home/inrack/.local/cpython-3.14.7t/lib/python3.14t/asyncio/constants.py'...
Compiling '/home/inrack/.local/cpython-3.14.7t/lib/python3.14t/asyncio/coroutines.py'...
Compiling '/home/inrack/.local/cpython-3.14.7t/lib/python3.14t/asyncio/events.py'...
Compiling '/home/inrack/.local/cpython-3.14.7t/lib/python3.14t/concurrent/interpreters/_crossinterp.py'...
Compiling '/home/inrack/.local/cpython-3.14.7t/lib/python3.14t/concurrent/interpreters/_queues.py'...
Compiling '/home/inrack/.local/cpython-3.14.7t/lib/python3.14t/configparser.py'...
Compiling '/home/inrack/.local/cpython-3.14.7t/lib/python3.14t/contextlib.py'...
Compiling '/home/inrack/.local/cpython-3.14.7t/lib/python3.14t/importlib/machinery.py'...
Compiling '/home/inrack/.local/cpython-3.14.7t/lib/python3.14t/importlib/metadata/__init__.py'...
Compiling '/home/inrack/.local/cpython-3.14.7t/lib/python3.14t/importlib/metadata/_adapters.py'...
Compiling '/home/inrack/.local/cpython-3.14.7t/lib/python3.14t/importlib/metadata/_collections.py'...
Compiling '/home/inrack/.local/cpython-3.14.7t/lib/python3.14t/test/libregrtest/cmdline.py'...
Compiling '/home/inrack/.local/cpython-3.14.7t/lib/python3.14t/test/libregrtest/filter.py'...
Compiling '/home/inrack/.local/cpython-3.14.7t/lib/python3.14t/test/libregrtest/findtests.py'...
Compiling '/home/inrack/.local/cpython-3.14.7t/lib/python3.14t/test/libregrtest/logger.py'...
Compiling '/home/inrack/.local/cpython-3.14.7t/lib/python3.14t/test/test_capi/test_number.py'...
Compiling '/home/inrack/.local/cpython-3.14.7t/lib/python3.14t/test/test_capi/test_object.py'...
Compiling '/home/inrack/.local/cpython-3.14.7t/lib/python3.14t/test/test_capi/test_opt.py'...
Compiling '/home/inrack/.local/cpython-3.14.7t/lib/python3.14t/test/test_capi/test_pyatomic.py'...
Compiling '/home/inrack/.local/cpython-3.14.7t/lib/python3.14t/test/test_json/__main__.py'...
Compiling '/home/inrack/.local/cpython-3.14.7t/lib/python3.14t/test/test_json/test_decode.py'...
Compiling '/home/inrack/.local/cpython-3.14.7t/lib/python3.14t/test/test_json/test_default.py'...
Compiling '/home/inrack/.local/cpython-3.14.7t/lib/python3.14t/test/test_longexp.py'...
Compiling '/home/inrack/.local/cpython-3.14.7t/lib/python3.14t/test/test_lzma.py'...
Compiling '/home/inrack/.local/cpython-3.14.7t/lib/python3.14t/test/test_mailbox.py'...
Compiling '/home/inrack/.local/cpython-3.14.7t/lib/python3.14t/test/test_marshal.py'...
Compiling '/home/inrack/.local/cpython-3.14.7t/lib/python3.14t/asyncio/windows_events.py'...
Compiling '/home/inrack/.local/cpython-3.14.7t/lib/python3.14t/asyncio/windows_utils.py'...
Compiling '/home/inrack/.local/cpython-3.14.7t/lib/python3.14t/base64.py'...
Compiling '/home/inrack/.local/cpython-3.14.7t/lib/python3.14t/bdb.py'...
Compiling '/home/inrack/.local/cpython-3.14.7t/lib/python3.14t/encodings/rot_13.py'...
Compiling '/home/inrack/.local/cpython-3.14.7t/lib/python3.14t/encodings/shift_jis.py'...
Compiling '/home/inrack/.local/cpython-3.14.7t/lib/python3.14t/encodings/shift_jis_2004.py'...
Compiling '/home/inrack/.local/cpython-3.14.7t/lib/python3.14t/encodings/shift_jisx0213.py'...
Compiling '/home/inrack/.local/cpython-3.14.7t/lib/python3.14t/http/cookiejar.py'...
Compiling '/home/inrack/.local/cpython-3.14.7t/lib/python3.14t/http/cookies.py'...
Compiling '/home/inrack/.local/cpython-3.14.7t/lib/python3.14t/http/server.py'...
Compiling '/home/inrack/.local/cpython-3.14.7t/lib/python3.14t/test/support/strace_helper.py'...
Compiling '/home/inrack/.local/cpython-3.14.7t/lib/python3.14t/test/support/subprocess_runner.py'...
Compiling '/home/inrack/.local/cpython-3.14.7t/lib/python3.14t/test/support/testcase.py'...
Compiling '/home/inrack/.local/cpython-3.14.7t/lib/python3.14t/test/support/threading_helper.py'...
Compiling '/home/inrack/.local/cpython-3.14.7t/lib/python3.14t/test/test_capi/test_file.py'...
Compiling '/home/inrack/.local/cpython-3.14.7t/lib/python3.14t/test/test_capi/test_float.py'...
Compiling '/home/inrack/.local/cpython-3.14.7t/lib/python3.14t/test/test_capi/test_frame.py'...
Compiling '/home/inrack/.local/cpython-3.14.7t/lib/python3.14t/test/test_capi/test_function.py'...
Compiling '/home/inrack/.local/cpython-3.14.7t/lib/python3.14t/test/test_decimal.py'...
Compiling '/home/inrack/.local/cpython-3.14.7t/lib/python3.14t/test/test_decorators.py'...
Compiling '/home/inrack/.local/cpython-3.14.7t/lib/python3.14t/test/test_defaultdict.py'...
Compiling '/home/inrack/.local/cpython-3.14.7t/lib/python3.14t/test/test_deque.py'...
Compiling '/home/inrack/.local/cpython-3.14.7t/lib/python3.14t/encodings/tis_620.py'...
Compiling '/home/inrack/.local/cpython-3.14.7t/lib/python3.14t/encodings/undefined.py'...
Compiling '/home/inrack/.local/cpython-3.14.7t/lib/python3.14t/encodings/unicode_escape.py'...
Compiling '/home/inrack/.local/cpython-3.14.7t/lib/python3.14t/encodings/utf_16.py'...
Compiling '/home/inrack/.local/cpython-3.14.7t/lib/python3.14t/idlelib/idle_test/__init__.py'...
Compiling '/home/inrack/.local/cpython-3.14.7t/lib/python3.14t/idlelib/idle_test/template.py'...
Compiling '/home/inrack/.local/cpython-3.14.7t/lib/python3.14t/idlelib/idle_test/test_autocomplete.py'...
Compiling '/home/inrack/.local/cpython-3.14.7t/lib/python3.14t/idlelib/idle_test/test_autocomplete_w.py'...
Compiling '/home/inrack/.local/cpython-3.14.7t/lib/python3.14t/idlelib/idle_test/test_autoexpand.py'...
Compiling '/home/inrack/.local/cpython-3.14.7t/lib/python3.14t/multiprocessing/synchronize.py'...
Compiling '/home/inrack/.local/cpython-3.14.7t/lib/python3.14t/multiprocessing/util.py'...
Compiling '/home/inrack/.local/cpython-3.14.7t/lib/python3.14t/netrc.py'...
Compiling '/home/inrack/.local/cpython-3.14.7t/lib/python3.14t/ntpath.py'...
Compiling '/home/inrack/.local/cpython-3.14.7t/lib/python3.14t/test/test_capi/test_abstract.py'...
Compiling '/home/inrack/.local/cpython-3.14.7t/lib/python3.14t/test/test_capi/test_bytearray.py'...
Compiling '/home/inrack/.local/cpython-3.14.7t/lib/python3.14t/test/test_capi/test_bytes.py'...
Compiling '/home/inrack/.local/cpython-3.14.7t/lib/python3.14t/test/test_capi/test_capsule.py'...
Compiling '/home/inrack/.local/cpython-3.14.7t/lib/python3.14t/test/test_httplib.py'...
Compiling '/home/inrack/.local/cpython-3.14.7t/lib/python3.14t/test/test_httpservers.py'...
Compiling '/home/inrack/.local/cpython-3.14.7t/lib/python3.14t/test/test_idle.py'...
Compiling '/home/inrack/.local/cpython-3.14.7t/lib/python3.14t/test/test_imaplib.py'...
Compiling '/home/inrack/.local/cpython-3.14.7t/lib/python3.14t/asyncio/protocols.py'...
Compiling '/home/inrack/.local/cpython-3.14.7t/lib/python3.14t/asyncio/queues.py'...
Compiling '/home/inrack/.local/cpython-3.14.7t/lib/python3.14t/asyncio/runners.py'...
Compiling '/home/inrack/.local/cpython-3.14.7t/lib/python3.14t/asyncio/selector_events.py'...
Compiling '/home/inrack/.local/cpython-3.14.7t/lib/python3.14t/encodings/big5.py'...
Compiling '/home/inrack/.local/cpython-3.14.7t/lib/python3.14t/encodings/big5hkscs.py'...
Compiling '/home/inrack/.local/cpython-3.14.7t/lib/python3.14t/encodings/bz2_codec.py'...
Compiling '/home/inrack/.local/cpython-3.14.7t/lib/python3.14t/encodings/charmap.py'...
Compiling '/home/inrack/.local/cpython-3.14.7t/lib/python3.14t/encodings/cp437.py'...
Compiling '/home/inrack/.local/cpython-3.14.7t/lib/python3.14t/encodings/cp500.py'...
Compiling '/home/inrack/.local/cpython-3.14.7t/lib/python3.14t/encodings/cp720.py'...
Compiling '/home/inrack/.local/cpython-3.14.7t/lib/python3.14t/encodings/cp737.py'...
Compiling '/home/inrack/.local/cpython-3.14.7t/lib/python3.14t/idlelib/__init__.py'...
Compiling '/home/inrack/.local/cpython-3.14.7t/lib/python3.14t/idlelib/__main__.py'...
Compiling '/home/inrack/.local/cpython-3.14.7t/lib/python3.14t/idlelib/autocomplete.py'...
Compiling '/home/inrack/.local/cpython-3.14.7t/lib/python3.14t/idlelib/idle_test/test_delegator.py'...
Compiling '/home/inrack/.local/cpython-3.14.7t/lib/python3.14t/idlelib/idle_test/test_editmenu.py'...
Compiling '/home/inrack/.local/cpython-3.14.7t/lib/python3.14t/idlelib/idle_test/test_editor.py'...
Compiling '/home/inrack/.local/cpython-3.14.7t/lib/python3.14t/idlelib/idle_test/test_filelist.py'...
Compiling '/home/inrack/.local/cpython-3.14.7t/lib/python3.14t/idlelib/run.py'...
Compiling '/home/inrack/.local/cpython-3.14.7t/lib/python3.14t/idlelib/runscript.py'...
Compiling '/home/inrack/.local/cpython-3.14.7t/lib/python3.14t/idlelib/scrolledlist.py'...
Compiling '/home/inrack/.local/cpython-3.14.7t/lib/python3.14t/idlelib/search.py'...
Compiling '/home/inrack/.local/cpython-3.14.7t/lib/python3.14t/test/libregrtest/worker.py'...
Compiling '/home/inrack/.local/cpython-3.14.7t/lib/python3.14t/test/list_tests.py'...
Compiling '/home/inrack/.local/cpython-3.14.7t/lib/python3.14t/test/lock_tests.py'...
Compiling '/home/inrack/.local/cpython-3.14.7t/lib/python3.14t/test/mapping_tests.py'...
Compiling '/home/inrack/.local/cpython-3.14.7t/lib/python3.14t/test/test_gdb/gdb_sample.py'...
Compiling '/home/inrack/.local/cpython-3.14.7t/lib/python3.14t/test/test_gdb/test_backtrace.py'...
Compiling '/home/inrack/.local/cpython-3.14.7t/lib/python3.14t/test/test_gdb/test_cfunction.py'...
Compiling '/home/inrack/.local/cpython-3.14.7t/lib/python3.14t/test/test_gdb/test_cfunction_full.py'...
Compiling '/home/inrack/.local/cpython-3.14.7t/lib/python3.14t/test/test_import/data/circular_imports/binding.py'...
Compiling '/home/inrack/.local/cpython-3.14.7t/lib/python3.14t/test/test_import/data/circular_imports/binding2.py'...
Compiling '/home/inrack/.local/cpython-3.14.7t/lib/python3.14t/test/test_import/data/circular_imports/from_cycle1.py'...
Compiling '/home/inrack/.local/cpython-3.14.7t/lib/python3.14t/test/test_import/data/circular_imports/from_cycle2.py'...
Compiling '/home/inrack/.local/cpython-3.14.7t/lib/python3.14t/test/test_import/data/circular_imports/singlephase.py'...
Compiling '/home/inrack/.local/cpython-3.14.7t/lib/python3.14t/test/test_import/data/circular_imports/source.py'...
Compiling '/home/inrack/.local/cpython-3.14.7t/lib/python3.14t/test/test_import/data/circular_imports/subpackage.py'...
Compiling '/home/inrack/.local/cpython-3.14.7t/lib/python3.14t/test/test_import/data/circular_imports/subpkg/subpackage2.py'...
Compiling '/home/inrack/.local/cpython-3.14.7t/lib/python3.14t/test/test_import/data/package3/submodule.py'...
Compiling '/home/inrack/.local/cpython-3.14.7t/lib/python3.14t/test/test_import/data/package4/__init__.py'...
Compiling '/home/inrack/.local/cpython-3.14.7t/lib/python3.14t/test/test_import/data/package4/submodule.py'...
Compiling '/home/inrack/.local/cpython-3.14.7t/lib/python3.14t/test/test_import/data/unwritable/__init__.py'...
Compiling '/home/inrack/.local/cpython-3.14.7t/lib/python3.14t/test/test_importlib/metadata/data/sources/example/example/__init__.py'...
Compiling '/home/inrack/.local/cpython-3.14.7t/lib/python3.14t/test/test_importlib/metadata/data/sources/example/setup.py'...
Compiling '/home/inrack/.local/cpython-3.14.7t/lib/python3.14t/test/test_importlib/metadata/test_api.py'...
Compiling '/home/inrack/.local/cpython-3.14.7t/lib/python3.14t/test/test_importlib/metadata/test_main.py'...
Compiling '/home/inrack/.local/cpython-3.14.7t/lib/python3.14t/test/test_importlib/metadata/test_zip.py'...
Compiling '/home/inrack/.local/cpython-3.14.7t/lib/python3.14t/test/test_importlib/namespace_pkgs/both_portions/foo/one.py'...
Compiling '/home/inrack/.local/cpython-3.14.7t/lib/python3.14t/test/test_pathlib/support/local_path.py'...
Compiling '/home/inrack/.local/cpython-3.14.7t/lib/python3.14t/test/test_pathlib/support/zip_path.py'...
Compiling '/home/inrack/.local/cpython-3.14.7t/lib/python3.14t/test/test_pathlib/test_copy.py'...
Compiling '/home/inrack/.local/cpython-3.14.7t/lib/python3.14t/test/test_pathlib/test_join.py'...
Compiling '/home/inrack/.local/cpython-3.14.7t/lib/python3.14t/test/test_strftime.py'...
Compiling '/home/inrack/.local/cpython-3.14.7t/lib/python3.14t/test/test_string/__init__.py'...
Compiling '/home/inrack/.local/cpython-3.14.7t/lib/python3.14t/test/test_string/_support.py'...
Compiling '/home/inrack/.local/cpython-3.14.7t/lib/python3.14t/test/test_string/test_string.py'...
Compiling '/home/inrack/.local/cpython-3.14.7t/lib/python3.14t/test/test_tools/test_i18n.py'...
Compiling '/home/inrack/.local/cpython-3.14.7t/lib/python3.14t/test/test_tools/test_makefile.py'...
Compiling '/home/inrack/.local/cpython-3.14.7t/lib/python3.14t/test/test_tools/test_makeunicodedata.py'...
Compiling '/home/inrack/.local/cpython-3.14.7t/lib/python3.14t/test/test_tools/test_msgfmt.py'...
Compiling '/home/inrack/.local/cpython-3.14.7t/lib/python3.14t/test/test_zipfile64.py'...
Compiling '/home/inrack/.local/cpython-3.14.7t/lib/python3.14t/test/test_zipimport.py'...
Compiling '/home/inrack/.local/cpython-3.14.7t/lib/python3.14t/test/test_zipimport_support.py'...
Compiling '/home/inrack/.local/cpython-3.14.7t/lib/python3.14t/test/test_zlib.py'...
Compiling '/home/inrack/.local/cpython-3.14.7t/lib/python3.14t/idlelib/idle_test/test_mainmenu.py'...
Compiling '/home/inrack/.local/cpython-3.14.7t/lib/python3.14t/idlelib/idle_test/test_multicall.py'...
Compiling '/home/inrack/.local/cpython-3.14.7t/lib/python3.14t/idlelib/idle_test/test_outwin.py'...
Compiling '/home/inrack/.local/cpython-3.14.7t/lib/python3.14t/idlelib/idle_test/test_parenmatch.py'...
Compiling '/home/inrack/.local/cpython-3.14.7t/lib/python3.14t/multiprocessing/forkserver.py'...
Compiling '/home/inrack/.local/cpython-3.14.7t/lib/python3.14t/multiprocessing/heap.py'...
Compiling '/home/inrack/.local/cpython-3.14.7t/lib/python3.14t/multiprocessing/managers.py'...
Compiling '/home/inrack/.local/cpython-3.14.7t/lib/python3.14t/multiprocessing/pool.py'...
Compiling '/home/inrack/.local/cpython-3.14.7t/lib/python3.14t/test/test_configparser.py'...
Compiling '/home/inrack/.local/cpython-3.14.7t/lib/python3.14t/test/test_contains.py'...
Compiling '/home/inrack/.local/cpython-3.14.7t/lib/python3.14t/test/test_context.py'...
Compiling '/home/inrack/.local/cpython-3.14.7t/lib/python3.14t/test/test_contextlib.py'...
Compiling '/home/inrack/.local/cpython-3.14.7t/lib/python3.14t/test/test_urllib2.py'...
Compiling '/home/inrack/.local/cpython-3.14.7t/lib/python3.14t/test/test_urllib2_localnet.py'...
Compiling '/home/inrack/.local/cpython-3.14.7t/lib/python3.14t/test/test_urllib2net.py'...
Compiling '/home/inrack/.local/cpython-3.14.7t/lib/python3.14t/test/test_urllib_response.py'...
Compiling '/home/inrack/.local/cpython-3.14.7t/lib/python3.14t/_sitebuiltins.py'...
Compiling '/home/inrack/.local/cpython-3.14.7t/lib/python3.14t/_strptime.py'...
Compiling '/home/inrack/.local/cpython-3.14.7t/lib/python3.14t/_sysconfigdata_t_linux_x86_64-linux-gnu.py'...
Compiling '/home/inrack/.local/cpython-3.14.7t/lib/python3.14t/dbm/__init__.py'...
Compiling '/home/inrack/.local/cpython-3.14.7t/lib/python3.14t/dbm/dumb.py'...
Compiling '/home/inrack/.local/cpython-3.14.7t/lib/python3.14t/dbm/gnu.py'...
Compiling '/home/inrack/.local/cpython-3.14.7t/lib/python3.14t/dbm/ndbm.py'...
Compiling '/home/inrack/.local/cpython-3.14.7t/lib/python3.14t/email/feedparser.py'...
Compiling '/home/inrack/.local/cpython-3.14.7t/lib/python3.14t/email/generator.py'...
Compiling '/home/inrack/.local/cpython-3.14.7t/lib/python3.14t/email/header.py'...
Compiling '/home/inrack/.local/cpython-3.14.7t/lib/python3.14t/email/headerregistry.py'...
Compiling '/home/inrack/.local/cpython-3.14.7t/lib/python3.14t/sre_compile.py'...
Compiling '/home/inrack/.local/cpython-3.14.7t/lib/python3.14t/sre_constants.py'...
Compiling '/home/inrack/.local/cpython-3.14.7t/lib/python3.14t/sre_parse.py'...
Compiling '/home/inrack/.local/cpython-3.14.7t/lib/python3.14t/ssl.py'...
Compiling '/home/inrack/.local/cpython-3.14.7t/lib/python3.14t/test/test_cmath.py'...
Compiling '/home/inrack/.local/cpython-3.14.7t/lib/python3.14t/test/test_cmd.py'...
Compiling '/home/inrack/.local/cpython-3.14.7t/lib/python3.14t/test/test_cmd_line.py'...
Compiling '/home/inrack/.local/cpython-3.14.7t/lib/python3.14t/test/test_cmd_line_script.py'...
Compiling '/home/inrack/.local/cpython-3.14.7t/lib/python3.14t/test/test_module/__init__.py'...
Compiling '/home/inrack/.local/cpython-3.14.7t/lib/python3.14t/test/test_module/bad_getattr.py'...
Compiling '/home/inrack/.local/cpython-3.14.7t/lib/python3.14t/test/test_module/bad_getattr2.py'...
Compiling '/home/inrack/.local/cpython-3.14.7t/lib/python3.14t/test/test_module/bad_getattr3.py'...
Compiling '/home/inrack/.local/cpython-3.14.7t/lib/python3.14t/test/test_pty.py'...
Compiling '/home/inrack/.local/cpython-3.14.7t/lib/python3.14t/test/test_pulldom.py'...
Compiling '/home/inrack/.local/cpython-3.14.7t/lib/python3.14t/test/test_pwd.py'...
Compiling '/home/inrack/.local/cpython-3.14.7t/lib/python3.14t/test/test_py_compile.py'...
Compiling '/home/inrack/.local/cpython-3.14.7t/lib/python3.14t/test/test_strtod.py'...
Compiling '/home/inrack/.local/cpython-3.14.7t/lib/python3.14t/test/test_struct.py'...
Compiling '/home/inrack/.local/cpython-3.14.7t/lib/python3.14t/test/test_structseq.py'...
Compiling '/home/inrack/.local/cpython-3.14.7t/lib/python3.14t/test/test_subclassinit.py'...
Compiling '/home/inrack/.local/cpython-3.14.7t/lib/python3.14t/tkinter/constants.py'...
Compiling '/home/inrack/.local/cpython-3.14.7t/lib/python3.14t/tkinter/dialog.py'...
Compiling '/home/inrack/.local/cpython-3.14.7t/lib/python3.14t/tkinter/dnd.py'...
Compiling '/home/inrack/.local/cpython-3.14.7t/lib/python3.14t/tkinter/filedialog.py'...
Compiling '/home/inrack/.local/cpython-3.14.7t/lib/python3.14t/xml/etree/ElementPath.py'...
Compiling '/home/inrack/.local/cpython-3.14.7t/lib/python3.14t/xml/etree/ElementTree.py'...
Compiling '/home/inrack/.local/cpython-3.14.7t/lib/python3.14t/xml/etree/__init__.py'...
Compiling '/home/inrack/.local/cpython-3.14.7t/lib/python3.14t/xml/etree/cElementTree.py'...
Compiling '/home/inrack/.local/cpython-3.14.7t/lib/python3.14t/test/test_asyncio/test_subprocess.py'...
Compiling '/home/inrack/.local/cpython-3.14.7t/lib/python3.14t/test/test_asyncio/test_taskgroups.py'...
Compiling '/home/inrack/.local/cpython-3.14.7t/lib/python3.14t/test/test_asyncio/test_tasks.py'...
Compiling '/home/inrack/.local/cpython-3.14.7t/lib/python3.14t/test/test_asyncio/test_threads.py'...
Compiling '/home/inrack/.local/cpython-3.14.7t/lib/python3.14t/test/test_urllibnet.py'...
Compiling '/home/inrack/.local/cpython-3.14.7t/lib/python3.14t/test/test_urlparse.py'...
Compiling '/home/inrack/.local/cpython-3.14.7t/lib/python3.14t/test/test_userdict.py'...
Compiling '/home/inrack/.local/cpython-3.14.7t/lib/python3.14t/test/test_userlist.py'...
Compiling '/home/inrack/.local/cpython-3.14.7t/lib/python3.14t/test/_test_eintr.py'...
Compiling '/home/inrack/.local/cpython-3.14.7t/lib/python3.14t/test/_test_embed_structseq.py'...
Compiling '/home/inrack/.local/cpython-3.14.7t/lib/python3.14t/test/_test_monitoring_shutdown.py'...
Compiling '/home/inrack/.local/cpython-3.14.7t/lib/python3.14t/test/_test_multiprocessing.py'...
Compiling '/home/inrack/.local/cpython-3.14.7t/lib/python3.14t/typing.py'...
Compiling '/home/inrack/.local/cpython-3.14.7t/lib/python3.14t/unittest/__init__.py'...
Compiling '/home/inrack/.local/cpython-3.14.7t/lib/python3.14t/unittest/__main__.py'...
Compiling '/home/inrack/.local/cpython-3.14.7t/lib/python3.14t/unittest/_log.py'...
Compiling '/home/inrack/.local/cpython-3.14.7t/lib/python3.14t/idlelib/idle_test/test_tooltip.py'...
Compiling '/home/inrack/.local/cpython-3.14.7t/lib/python3.14t/idlelib/idle_test/test_tree.py'...
Compiling '/home/inrack/.local/cpython-3.14.7t/lib/python3.14t/idlelib/idle_test/test_undo.py'...
Compiling '/home/inrack/.local/cpython-3.14.7t/lib/python3.14t/idlelib/idle_test/test_util.py'...
Compiling '/home/inrack/.local/cpython-3.14.7t/lib/python3.14t/nturl2path.py'...
Compiling '/home/inrack/.local/cpython-3.14.7t/lib/python3.14t/numbers.py'...
Compiling '/home/inrack/.local/cpython-3.14.7t/lib/python3.14t/opcode.py'...
Compiling '/home/inrack/.local/cpython-3.14.7t/lib/python3.14t/operator.py'...
Compiling '/home/inrack/.local/cpython-3.14.7t/lib/python3.14t/test/libregrtest/runtests.py'...
Compiling '/home/inrack/.local/cpython-3.14.7t/lib/python3.14t/test/libregrtest/save_env.py'...
Compiling '/home/inrack/.local/cpython-3.14.7t/lib/python3.14t/test/libregrtest/setup.py'...
Compiling '/home/inrack/.local/cpython-3.14.7t/lib/python3.14t/test/libregrtest/single.py'...
Compiling '/home/inrack/.local/cpython-3.14.7t/lib/python3.14t/test/test_ctypes/test_dlerror.py'...
Compiling '/home/inrack/.local/cpython-3.14.7t/lib/python3.14t/test/test_ctypes/test_dllist.py'...
Compiling '/home/inrack/.local/cpython-3.14.7t/lib/python3.14t/test/test_ctypes/test_errno.py'...
Compiling '/home/inrack/.local/cpython-3.14.7t/lib/python3.14t/test/test_ctypes/test_find.py'...
Compiling '/home/inrack/.local/cpython-3.14.7t/lib/python3.14t/test/test_dis.py'...
Compiling '/home/inrack/.local/cpython-3.14.7t/lib/python3.14t/test/test_doctest/__init__.py'...
Compiling '/home/inrack/.local/cpython-3.14.7t/lib/python3.14t/test/test_doctest/decorator_mod.py'...
Compiling '/home/inrack/.local/cpython-3.14.7t/lib/python3.14t/test/test_doctest/doctest_aliases.py'...
Compiling '/home/inrack/.local/cpython-3.14.7t/lib/python3.14t/test/test_pydoc/pydocfodder.py'...
Compiling '/home/inrack/.local/cpython-3.14.7t/lib/python3.14t/test/test_pydoc/test_pydoc.py'...
Compiling '/home/inrack/.local/cpython-3.14.7t/lib/python3.14t/test/test_pyexpat.py'...
Compiling '/home/inrack/.local/cpython-3.14.7t/lib/python3.14t/test/test_pyrepl/__init__.py'...
Compiling '/home/inrack/.local/cpython-3.14.7t/lib/python3.14t/unittest/async_case.py'...
Compiling '/home/inrack/.local/cpython-3.14.7t/lib/python3.14t/unittest/case.py'...
Compiling '/home/inrack/.local/cpython-3.14.7t/lib/python3.14t/unittest/loader.py'...
Compiling '/home/inrack/.local/cpython-3.14.7t/lib/python3.14t/unittest/main.py'...
Compiling '/home/inrack/.local/cpython-3.14.7t/lib/python3.14t/encodings/cp1253.py'...
Compiling '/home/inrack/.local/cpython-3.14.7t/lib/python3.14t/encodings/cp1254.py'...
Compiling '/home/inrack/.local/cpython-3.14.7t/lib/python3.14t/encodings/cp1255.py'...
Compiling '/home/inrack/.local/cpython-3.14.7t/lib/python3.14t/encodings/cp1256.py'...
Compiling '/home/inrack/.local/cpython-3.14.7t/lib/python3.14t/encodings/hp_roman8.py'...
Compiling '/home/inrack/.local/cpython-3.14.7t/lib/python3.14t/encodings/hz.py'...
Compiling '/home/inrack/.local/cpython-3.14.7t/lib/python3.14t/encodings/idna.py'...
Compiling '/home/inrack/.local/cpython-3.14.7t/lib/python3.14t/encodings/iso2022_jp.py'...
Compiling '/home/inrack/.local/cpython-3.14.7t/lib/python3.14t/idlelib/debugobj.py'...
Compiling '/home/inrack/.local/cpython-3.14.7t/lib/python3.14t/idlelib/debugobj_r.py'...
Compiling '/home/inrack/.local/cpython-3.14.7t/lib/python3.14t/idlelib/delegator.py'...
Compiling '/home/inrack/.local/cpython-3.14.7t/lib/python3.14t/idlelib/dynoption.py'...
Compiling '/home/inrack/.local/cpython-3.14.7t/lib/python3.14t/idlelib/pathbrowser.py'...
Compiling '/home/inrack/.local/cpython-3.14.7t/lib/python3.14t/idlelib/percolator.py'...
Compiling '/home/inrack/.local/cpython-3.14.7t/lib/python3.14t/idlelib/pyparse.py'...
Compiling '/home/inrack/.local/cpython-3.14.7t/lib/python3.14t/idlelib/pyshell.py'...
Compiling '/home/inrack/.local/cpython-3.14.7t/lib/python3.14t/test/test_ast/test_ast.py'...
Compiling '/home/inrack/.local/cpython-3.14.7t/lib/python3.14t/test/test_ast/utils.py'...
Compiling '/home/inrack/.local/cpython-3.14.7t/lib/python3.14t/test/test_asyncgen.py'...
Compiling '/home/inrack/.local/cpython-3.14.7t/lib/python3.14t/test/test_asyncio/__init__.py'...
Compiling '/home/inrack/.local/cpython-3.14.7t/lib/python3.14t/test/test_ttk/test_extensions.py'...
Compiling '/home/inrack/.local/cpython-3.14.7t/lib/python3.14t/test/test_ttk/test_style.py'...
Compiling '/home/inrack/.local/cpython-3.14.7t/lib/python3.14t/test/test_ttk/test_widgets.py'...
Compiling '/home/inrack/.local/cpython-3.14.7t/lib/python3.14t/test/test_ttk_textonly.py'...
Compiling '/home/inrack/.local/cpython-3.14.7t/lib/python3.14t/test/test_codecmaps_kr.py'...
Compiling '/home/inrack/.local/cpython-3.14.7t/lib/python3.14t/test/test_codecmaps_tw.py'...
Compiling '/home/inrack/.local/cpython-3.14.7t/lib/python3.14t/test/test_codecs.py'...
Compiling '/home/inrack/.local/cpython-3.14.7t/lib/python3.14t/test/test_codeop.py'...
Compiling '/home/inrack/.local/cpython-3.14.7t/lib/python3.14t/test/test_string/test_templatelib.py'...
Compiling '/home/inrack/.local/cpython-3.14.7t/lib/python3.14t/test/test_string_literals.py'...
Compiling '/home/inrack/.local/cpython-3.14.7t/lib/python3.14t/test/test_stringprep.py'...
Compiling '/home/inrack/.local/cpython-3.14.7t/lib/python3.14t/test/test_strptime.py'...
Compiling '/home/inrack/.local/cpython-3.14.7t/lib/python3.14t/test/test_winapi.py'...
Compiling '/home/inrack/.local/cpython-3.14.7t/lib/python3.14t/test/test_winconsoleio.py'...
Compiling '/home/inrack/.local/cpython-3.14.7t/lib/python3.14t/test/test_winreg.py'...
Compiling '/home/inrack/.local/cpython-3.14.7t/lib/python3.14t/test/test_winsound.py'...
Compiling '/home/inrack/.local/cpython-3.14.7t/lib/python3.14t/unittest/suite.py'...
Compiling '/home/inrack/.local/cpython-3.14.7t/lib/python3.14t/unittest/util.py'...
Compiling '/home/inrack/.local/cpython-3.14.7t/lib/python3.14t/urllib/__init__.py'...
Compiling '/home/inrack/.local/cpython-3.14.7t/lib/python3.14t/urllib/error.py'...
Compiling '/home/inrack/.local/cpython-3.14.7t/lib/python3.14t/zipfile/__init__.py'...
Compiling '/home/inrack/.local/cpython-3.14.7t/lib/python3.14t/zipfile/__main__.py'...
Compiling '/home/inrack/.local/cpython-3.14.7t/lib/python3.14t/zipfile/_path/__init__.py'...
Compiling '/home/inrack/.local/cpython-3.14.7t/lib/python3.14t/zipfile/_path/glob.py'...
Compiling '/home/inrack/.local/cpython-3.14.7t/lib/python3.14t/idlelib/idle_test/test_run.py'...
Compiling '/home/inrack/.local/cpython-3.14.7t/lib/python3.14t/idlelib/idle_test/test_runscript.py'...
Compiling '/home/inrack/.local/cpython-3.14.7t/lib/python3.14t/idlelib/idle_test/test_scrolledlist.py'...
Compiling '/home/inrack/.local/cpython-3.14.7t/lib/python3.14t/idlelib/idle_test/test_search.py'...
Compiling '/home/inrack/.local/cpython-3.14.7t/lib/python3.14t/test/audiotests.py'...
Compiling '/home/inrack/.local/cpython-3.14.7t/lib/python3.14t/test/audit-tests.py'...
Compiling '/home/inrack/.local/cpython-3.14.7t/lib/python3.14t/test/test_concurrent_futures/__init__.py'...
Compiling '/home/inrack/.local/cpython-3.14.7t/lib/python3.14t/test/test_concurrent_futures/executor.py'...
Compiling '/home/inrack/.local/cpython-3.14.7t/lib/python3.14t/test/test_concurrent_futures/test_as_completed.py'...
Compiling '/home/inrack/.local/cpython-3.14.7t/lib/python3.14t/test/test_concurrent_futures/test_deadlock.py'...
Compiling '/home/inrack/.local/cpython-3.14.7t/lib/python3.14t/test/test_dataclasses/dataclass_module_2_str.py'...
Compiling '/home/inrack/.local/cpython-3.14.7t/lib/python3.14t/test/test_dataclasses/dataclass_textanno.py'...
Compiling '/home/inrack/.local/cpython-3.14.7t/lib/python3.14t/test/test_datetime.py'...
Compiling '/home/inrack/.local/cpython-3.14.7t/lib/python3.14t/test/test_dbm.py'...
Compiling '/home/inrack/.local/cpython-3.14.7t/lib/python3.14t/test/test_faulthandler.py'...
Compiling '/home/inrack/.local/cpython-3.14.7t/lib/python3.14t/test/test_fcntl.py'...
Compiling '/home/inrack/.local/cpython-3.14.7t/lib/python3.14t/test/test_file.py'...
Compiling '/home/inrack/.local/cpython-3.14.7t/lib/python3.14t/test/test_file_eintr.py'...
Compiling '/home/inrack/.local/cpython-3.14.7t/lib/python3.14t/test/test_json/test_dump.py'...
Compiling '/home/inrack/.local/cpython-3.14.7t/lib/python3.14t/test/test_json/test_encode_basestring_ascii.py'...
Compiling '/home/inrack/.local/cpython-3.14.7t/lib/python3.14t/test/test_json/test_enum.py'...
Compiling '/home/inrack/.local/cpython-3.14.7t/lib/python3.14t/test/test_json/test_fail.py'...
Compiling '/home/inrack/.local/cpython-3.14.7t/lib/python3.14t/test/test_peg_generator/__init__.py'...
Compiling '/home/inrack/.local/cpython-3.14.7t/lib/python3.14t/test/test_peg_generator/__main__.py'...
Compiling '/home/inrack/.local/cpython-3.14.7t/lib/python3.14t/test/test_peg_generator/test_c_parser.py'...
Compiling '/home/inrack/.local/cpython-3.14.7t/lib/python3.14t/test/test_peg_generator/test_first_sets.py'...
Compiling '/home/inrack/.local/cpython-3.14.7t/lib/python3.14t/test/test_pyrepl/test_interact.py'...
Compiling '/home/inrack/.local/cpython-3.14.7t/lib/python3.14t/test/test_pyrepl/test_keymap.py'...
Compiling '/home/inrack/.local/cpython-3.14.7t/lib/python3.14t/test/test_pyrepl/test_pyrepl.py'...
Compiling '/home/inrack/.local/cpython-3.14.7t/lib/python3.14t/test/test_pyrepl/test_reader.py'...
Compiling '/home/inrack/.local/cpython-3.14.7t/lib/python3.14t/test/testcodec.py'...
Compiling '/home/inrack/.local/cpython-3.14.7t/lib/python3.14t/test/tf_inherit_check.py'...
Compiling '/home/inrack/.local/cpython-3.14.7t/lib/python3.14t/test/typinganndata/__init__.py'...
Compiling '/home/inrack/.local/cpython-3.14.7t/lib/python3.14t/test/typinganndata/ann_module4.py'...
Compiling '/home/inrack/.local/cpython-3.14.7t/lib/python3.14t/test/typinganndata/ann_module5.py'...
Compiling '/home/inrack/.local/cpython-3.14.7t/lib/python3.14t/test/typinganndata/ann_module6.py'...
Compiling '/home/inrack/.local/cpython-3.14.7t/lib/python3.14t/test/typinganndata/ann_module695.py'...
Compiling '/home/inrack/.local/cpython-3.14.7t/lib/python3.14t/test/xmltests.py'...
Compiling '/home/inrack/.local/cpython-3.14.7t/lib/python3.14t/tomllib/_parser.py'...
Compiling '/home/inrack/.local/cpython-3.14.7t/lib/python3.14t/tomllib/_re.py'...
Compiling '/home/inrack/.local/cpython-3.14.7t/lib/python3.14t/tomllib/_types.py'...
Compiling '/home/inrack/.local/cpython-3.14.7t/lib/python3.14t/xmlrpc/__init__.py'...
Compiling '/home/inrack/.local/cpython-3.14.7t/lib/python3.14t/xmlrpc/client.py'...
Compiling '/home/inrack/.local/cpython-3.14.7t/lib/python3.14t/xmlrpc/server.py'...
Compiling '/home/inrack/.local/cpython-3.14.7t/lib/python3.14t/zipapp.py'...
Compiling '/home/inrack/.local/cpython-3.14.7t/lib/python3.14t/hashlib.py'...
Compiling '/home/inrack/.local/cpython-3.14.7t/lib/python3.14t/heapq.py'...
Compiling '/home/inrack/.local/cpython-3.14.7t/lib/python3.14t/hmac.py'...
Compiling '/home/inrack/.local/cpython-3.14.7t/lib/python3.14t/html/__init__.py'...
Compiling '/home/inrack/.local/cpython-3.14.7t/lib/python3.14t/pydoc.py'...
Compiling '/home/inrack/.local/cpython-3.14.7t/lib/python3.14t/pydoc_data/__init__.py'...
Compiling '/home/inrack/.local/cpython-3.14.7t/lib/python3.14t/pydoc_data/module_docs.py'...
Compiling '/home/inrack/.local/cpython-3.14.7t/lib/python3.14t/test/test_email/test_message.py'...
Compiling '/home/inrack/.local/cpython-3.14.7t/lib/python3.14t/test/test_email/test_parser.py'...
Compiling '/home/inrack/.local/cpython-3.14.7t/lib/python3.14t/test/test_email/test_pickleable.py'...
Compiling '/home/inrack/.local/cpython-3.14.7t/lib/python3.14t/test/test_email/test_policy.py'...
Compiling '/home/inrack/.local/cpython-3.14.7t/lib/python3.14t/test/test_interpreters/__init__.py'...
Compiling '/home/inrack/.local/cpython-3.14.7t/lib/python3.14t/test/test_interpreters/__main__.py'...
Compiling '/home/inrack/.local/cpython-3.14.7t/lib/python3.14t/test/test_interpreters/test_api.py'...
Compiling '/home/inrack/.local/cpython-3.14.7t/lib/python3.14t/test/test_interpreters/test_channels.py'...
Compiling '/home/inrack/.local/cpython-3.14.7t/lib/python3.14t/test/test_tools/__main__.py'...
Compiling '/home/inrack/.local/cpython-3.14.7t/lib/python3.14t/test/test_tools/i18n_data/comments.py'...
Compiling '/home/inrack/.local/cpython-3.14.7t/lib/python3.14t/test/test_tracemalloc.py'...
Compiling '/home/inrack/.local/cpython-3.14.7t/lib/python3.14t/test/test_tstring.py'...
Compiling '/home/inrack/.local/cpython-3.14.7t/lib/python3.14t/test/test_ttk/__init__.py'...
Compiling '/home/inrack/.local/cpython-3.14.7t/lib/python3.14t/test/test_ttk/__main__.py'...
Compiling '/home/inrack/.local/cpython-3.14.7t/lib/python3.14t/turtle.py'...
Compiling '/home/inrack/.local/cpython-3.14.7t/lib/python3.14t/turtledemo/__init__.py'...
Compiling '/home/inrack/.local/cpython-3.14.7t/lib/python3.14t/turtledemo/__main__.py'...
Compiling '/home/inrack/.local/cpython-3.14.7t/lib/python3.14t/turtledemo/bytedesign.py'...
Compiling '/home/inrack/.local/cpython-3.14.7t/lib/python3.14t/__phello__/spam.py'...
Compiling '/home/inrack/.local/cpython-3.14.7t/lib/python3.14t/_aix_support.py'...
Compiling '/home/inrack/.local/cpython-3.14.7t/lib/python3.14t/_android_support.py'...
Compiling '/home/inrack/.local/cpython-3.14.7t/lib/python3.14t/_apple_support.py'...
Compiling '/home/inrack/.local/cpython-3.14.7t/lib/python3.14t/calendar.py'...
Compiling '/home/inrack/.local/cpython-3.14.7t/lib/python3.14t/cmd.py'...
Compiling '/home/inrack/.local/cpython-3.14.7t/lib/python3.14t/code.py'...
Compiling '/home/inrack/.local/cpython-3.14.7t/lib/python3.14t/codecs.py'...
Compiling '/home/inrack/.local/cpython-3.14.7t/lib/python3.14t/encodings/gb18030.py'...
Compiling '/home/inrack/.local/cpython-3.14.7t/lib/python3.14t/encodings/gb2312.py'...
Compiling '/home/inrack/.local/cpython-3.14.7t/lib/python3.14t/encodings/gbk.py'...
Compiling '/home/inrack/.local/cpython-3.14.7t/lib/python3.14t/encodings/hex_codec.py'...
Compiling '/home/inrack/.local/cpython-3.14.7t/lib/python3.14t/encodings/ptcp154.py'...
Compiling '/home/inrack/.local/cpython-3.14.7t/lib/python3.14t/encodings/punycode.py'...
Compiling '/home/inrack/.local/cpython-3.14.7t/lib/python3.14t/encodings/quopri_codec.py'...
Compiling '/home/inrack/.local/cpython-3.14.7t/lib/python3.14t/encodings/raw_unicode_escape.py'...
Compiling '/home/inrack/.local/cpython-3.14.7t/lib/python3.14t/idlelib/idle_test/test_browser.py'...
Compiling '/home/inrack/.local/cpython-3.14.7t/lib/python3.14t/idlelib/idle_test/test_calltip.py'...
Compiling '/home/inrack/.local/cpython-3.14.7t/lib/python3.14t/idlelib/idle_test/test_calltip_w.py'...
Compiling '/home/inrack/.local/cpython-3.14.7t/lib/python3.14t/idlelib/idle_test/test_codecontext.py'...
Compiling '/home/inrack/.local/cpython-3.14.7t/lib/python3.14t/sqlite3/__init__.py'...
Compiling '/home/inrack/.local/cpython-3.14.7t/lib/python3.14t/sqlite3/__main__.py'...
Compiling '/home/inrack/.local/cpython-3.14.7t/lib/python3.14t/sqlite3/dbapi2.py'...
Compiling '/home/inrack/.local/cpython-3.14.7t/lib/python3.14t/sqlite3/dump.py'...
Compiling '/home/inrack/.local/cpython-3.14.7t/lib/python3.14t/test/regrtestdata/import_from_tests/test_regrtest_b/__init__.py'...
Compiling '/home/inrack/.local/cpython-3.14.7t/lib/python3.14t/test/regrtestdata/import_from_tests/test_regrtest_b/util.py'...
Compiling '/home/inrack/.local/cpython-3.14.7t/lib/python3.14t/test/regrtestdata/import_from_tests/test_regrtest_c.py'...
Compiling '/home/inrack/.local/cpython-3.14.7t/lib/python3.14t/test/relimport.py'...
Compiling '/home/inrack/.local/cpython-3.14.7t/lib/python3.14t/test/test_asyncio/test_eager_task_factory.py'...
Compiling '/home/inrack/.local/cpython-3.14.7t/lib/python3.14t/test/test_asyncio/test_events.py'...
Compiling '/home/inrack/.local/cpython-3.14.7t/lib/python3.14t/test/test_asyncio/test_free_threading.py'...
Compiling '/home/inrack/.local/cpython-3.14.7t/lib/python3.14t/test/test_asyncio/test_futures.py'...
Compiling '/home/inrack/.local/cpython-3.14.7t/lib/python3.14t/test/test_tkinter/test_simpledialog.py'...
Compiling '/home/inrack/.local/cpython-3.14.7t/lib/python3.14t/test/test_tkinter/test_text.py'...
Compiling '/home/inrack/.local/cpython-3.14.7t/lib/python3.14t/test/test_tkinter/test_tkinter_pipe.py'...
Compiling '/home/inrack/.local/cpython-3.14.7t/lib/python3.14t/test/test_tkinter/test_variables.py'...
Compiling '/home/inrack/.local/cpython-3.14.7t/lib/python3.14t/test/typinganndata/mod_generics_cache.py'...
Compiling '/home/inrack/.local/cpython-3.14.7t/lib/python3.14t/test/typinganndata/partialexecution/__init__.py'...
Compiling '/home/inrack/.local/cpython-3.14.7t/lib/python3.14t/test/typinganndata/partialexecution/a.py'...
Compiling '/home/inrack/.local/cpython-3.14.7t/lib/python3.14t/test/typinganndata/partialexecution/b.py'...
Compiling '/home/inrack/.local/cpython-3.14.7t/lib/python3.14t/tkinter/font.py'...
Compiling '/home/inrack/.local/cpython-3.14.7t/lib/python3.14t/tkinter/messagebox.py'...
Compiling '/home/inrack/.local/cpython-3.14.7t/lib/python3.14t/tkinter/scrolledtext.py'...
Compiling '/home/inrack/.local/cpython-3.14.7t/lib/python3.14t/tkinter/simpledialog.py'...
Compiling '/home/inrack/.local/cpython-3.14.7t/lib/python3.14t/xml/dom/minidom.py'...
Compiling '/home/inrack/.local/cpython-3.14.7t/lib/python3.14t/xml/dom/pulldom.py'...
Compiling '/home/inrack/.local/cpython-3.14.7t/lib/python3.14t/xml/dom/xmlbuilder.py'...
Compiling '/home/inrack/.local/cpython-3.14.7t/lib/python3.14t/xml/etree/ElementInclude.py'...
Compiling '/home/inrack/.local/cpython-3.14.7t/lib/python3.14t/importlib/metadata/_functools.py'...
Compiling '/home/inrack/.local/cpython-3.14.7t/lib/python3.14t/importlib/metadata/_itertools.py'...
Compiling '/home/inrack/.local/cpython-3.14.7t/lib/python3.14t/importlib/metadata/_meta.py'...
Compiling '/home/inrack/.local/cpython-3.14.7t/lib/python3.14t/importlib/metadata/_text.py'...
Compiling '/home/inrack/.local/cpython-3.14.7t/lib/python3.14t/pickletools.py'...
Compiling '/home/inrack/.local/cpython-3.14.7t/lib/python3.14t/pkgutil.py'...
Compiling '/home/inrack/.local/cpython-3.14.7t/lib/python3.14t/platform.py'...
Compiling '/home/inrack/.local/cpython-3.14.7t/lib/python3.14t/plistlib.py'...
Compiling '/home/inrack/.local/cpython-3.14.7t/lib/python3.14t/test/test_ctypes/test_pickling.py'...
Compiling '/home/inrack/.local/cpython-3.14.7t/lib/python3.14t/test/test_ctypes/test_pointers.py'...
Compiling '/home/inrack/.local/cpython-3.14.7t/lib/python3.14t/test/test_ctypes/test_prototypes.py'...
Compiling '/home/inrack/.local/cpython-3.14.7t/lib/python3.14t/test/test_ctypes/test_python_api.py'...
Compiling '/home/inrack/.local/cpython-3.14.7t/lib/python3.14t/test/test_free_threading/test_gc.py'...
Compiling '/home/inrack/.local/cpython-3.14.7t/lib/python3.14t/test/test_free_threading/test_grp.py'...
Compiling '/home/inrack/.local/cpython-3.14.7t/lib/python3.14t/test/test_free_threading/test_heapq.py'...
Compiling '/home/inrack/.local/cpython-3.14.7t/lib/python3.14t/test/test_free_threading/test_io.py'...
Compiling '/home/inrack/.local/cpython-3.14.7t/lib/python3.14t/test/test_importlib/builtin/__init__.py'...
Compiling '/home/inrack/.local/cpython-3.14.7t/lib/python3.14t/test/test_importlib/builtin/__main__.py'...
Compiling '/home/inrack/.local/cpython-3.14.7t/lib/python3.14t/test/test_importlib/builtin/test_finder.py'...
Compiling '/home/inrack/.local/cpython-3.14.7t/lib/python3.14t/test/test_importlib/builtin/test_loader.py'...
Compiling '/home/inrack/.local/cpython-3.14.7t/lib/python3.14t/test/test_importlib/resources/zip.py'...
Compiling '/home/inrack/.local/cpython-3.14.7t/lib/python3.14t/test/test_importlib/source/__init__.py'...
Compiling '/home/inrack/.local/cpython-3.14.7t/lib/python3.14t/test/test_importlib/source/__main__.py'...
Compiling '/home/inrack/.local/cpython-3.14.7t/lib/python3.14t/test/test_importlib/source/test_case_sensitivity.py'...
Compiling '/home/inrack/.local/cpython-3.14.7t/lib/python3.14t/test/test_inspect/inspect_fodder2.py'...
Compiling '/home/inrack/.local/cpython-3.14.7t/lib/python3.14t/test/test_inspect/inspect_stock_annotations.py'...
Compiling '/home/inrack/.local/cpython-3.14.7t/lib/python3.14t/test/test_inspect/inspect_stringized_annotations.py'...
Compiling '/home/inrack/.local/cpython-3.14.7t/lib/python3.14t/test/test_inspect/inspect_stringized_annotations_2.py'...
Compiling '/home/inrack/.local/cpython-3.14.7t/lib/python3.14t/test/test_module/final_a.py'...
Compiling '/home/inrack/.local/cpython-3.14.7t/lib/python3.14t/test/test_module/final_b.py'...
Compiling '/home/inrack/.local/cpython-3.14.7t/lib/python3.14t/test/test_module/good_getattr.py'...
Compiling '/home/inrack/.local/cpython-3.14.7t/lib/python3.14t/test/test_modulefinder.py'...
Compiling '/home/inrack/.local/cpython-3.14.7t/lib/python3.14t/test/test_posix.py'...
Compiling '/home/inrack/.local/cpython-3.14.7t/lib/python3.14t/test/test_posixpath.py'...
Compiling '/home/inrack/.local/cpython-3.14.7t/lib/python3.14t/test/test_pow.py'...
Compiling '/home/inrack/.local/cpython-3.14.7t/lib/python3.14t/test/test_pprint.py'...
Compiling '/home/inrack/.local/cpython-3.14.7t/lib/python3.14t/multiprocessing/resource_tracker.py'...
Compiling '/home/inrack/.local/cpython-3.14.7t/lib/python3.14t/multiprocessing/shared_memory.py'...
Compiling '/home/inrack/.local/cpython-3.14.7t/lib/python3.14t/multiprocessing/sharedctypes.py'...
Compiling '/home/inrack/.local/cpython-3.14.7t/lib/python3.14t/multiprocessing/spawn.py'...
Compiling '/home/inrack/.local/cpython-3.14.7t/lib/python3.14t/test/support/hypothesis_helper.py'...
Compiling '/home/inrack/.local/cpython-3.14.7t/lib/python3.14t/test/support/i18n_helper.py'...
Compiling '/home/inrack/.local/cpython-3.14.7t/lib/python3.14t/test/support/import_helper.py'...
Compiling '/home/inrack/.local/cpython-3.14.7t/lib/python3.14t/test/support/isolation.py'...
Compiling '/home/inrack/.local/cpython-3.14.7t/lib/python3.14t/test/test_cppext/__init__.py'...
Compiling '/home/inrack/.local/cpython-3.14.7t/lib/python3.14t/test/test_cppext/setup.py'...
Compiling '/home/inrack/.local/cpython-3.14.7t/lib/python3.14t/test/test_cprofile.py'...
Compiling '/home/inrack/.local/cpython-3.14.7t/lib/python3.14t/test/test_ctypes/test_simplesubclasses.py'...
Compiling '/home/inrack/.local/cpython-3.14.7t/lib/python3.14t/test/test_ctypes/test_sizes.py'...
Compiling '/home/inrack/.local/cpython-3.14.7t/lib/python3.14t/test/test_ctypes/test_slicing.py'...
Compiling '/home/inrack/.local/cpython-3.14.7t/lib/python3.14t/test/test_ctypes/test_stringptr.py'...
Compiling '/home/inrack/.local/cpython-3.14.7t/lib/python3.14t/test/test_email/__init__.py'...
Compiling '/home/inrack/.local/cpython-3.14.7t/lib/python3.14t/test/test_email/__main__.py'...
Compiling '/home/inrack/.local/cpython-3.14.7t/lib/python3.14t/test/test_filecmp.py'...
Compiling '/home/inrack/.local/cpython-3.14.7t/lib/python3.14t/test/test_fileinput.py'...
Compiling '/home/inrack/.local/cpython-3.14.7t/lib/python3.14t/test/test_fileio.py'...
Compiling '/home/inrack/.local/cpython-3.14.7t/lib/python3.14t/test/test_fileutils.py'...
Compiling '/home/inrack/.local/cpython-3.14.7t/lib/python3.14t/test/test_pyclbr.py'...
Compiling '/home/inrack/.local/cpython-3.14.7t/lib/python3.14t/test/test_pydoc/__init__.py'...
Compiling '/home/inrack/.local/cpython-3.14.7t/lib/python3.14t/test/test_pydoc/module_none.py'...
Compiling '/home/inrack/.local/cpython-3.14.7t/lib/python3.14t/test/test_pydoc/pydoc_mod.py'...
Compiling '/home/inrack/.local/cpython-3.14.7t/lib/python3.14t/test/test_richcmp.py'...
Compiling '/home/inrack/.local/cpython-3.14.7t/lib/python3.14t/test/test_rlcompleter.py'...
Compiling '/home/inrack/.local/cpython-3.14.7t/lib/python3.14t/test/test_robotparser.py'...
Compiling '/home/inrack/.local/cpython-3.14.7t/lib/python3.14t/test/test_runpy.py'...
Compiling '/home/inrack/.local/cpython-3.14.7t/lib/python3.14t/test/test_unittest/testmock/testsentinel.py'...
Compiling '/home/inrack/.local/cpython-3.14.7t/lib/python3.14t/test/test_unittest/testmock/testthreadingmock.py'...
Compiling '/home/inrack/.local/cpython-3.14.7t/lib/python3.14t/test/test_unittest/testmock/testwith.py'...
Compiling '/home/inrack/.local/cpython-3.14.7t/lib/python3.14t/test/test_univnewlines.py'...
Compiling '/home/inrack/.local/cpython-3.14.7t/lib/python3.14t/trace.py'...
Compiling '/home/inrack/.local/cpython-3.14.7t/lib/python3.14t/traceback.py'...
Compiling '/home/inrack/.local/cpython-3.14.7t/lib/python3.14t/tracemalloc.py'...
Compiling '/home/inrack/.local/cpython-3.14.7t/lib/python3.14t/tty.py'...
Compiling '/home/inrack/.local/cpython-3.14.7t/lib/python3.14t/test/_test_venv_multiprocessing.py'...
Compiling '/home/inrack/.local/cpython-3.14.7t/lib/python3.14t/test/archiver_tests.py'...
Compiling '/home/inrack/.local/cpython-3.14.7t/lib/python3.14t/test/subprocessdata/qgrep.py'...
Compiling '/home/inrack/.local/cpython-3.14.7t/lib/python3.14t/test/subprocessdata/sigchild_ignore.py'...
Compiling '/home/inrack/.local/cpython-3.14.7t/lib/python3.14t/test/support/__init__.py'...
Compiling '/home/inrack/.local/cpython-3.14.7t/lib/python3.14t/test/support/_hypothesis_stubs/__init__.py'...
Compiling '/home/inrack/.local/cpython-3.14.7t/lib/python3.14t/test/test_import/data/package/submodule.py'...
Compiling '/home/inrack/.local/cpython-3.14.7t/lib/python3.14t/test/test_import/data/package2/submodule1.py'...
Compiling '/home/inrack/.local/cpython-3.14.7t/lib/python3.14t/test/test_import/data/package2/submodule2.py'...
Compiling '/home/inrack/.local/cpython-3.14.7t/lib/python3.14t/test/test_import/data/package3/__init__.py'...
Compiling '/home/inrack/.local/cpython-3.14.7t/lib/python3.14t/test/test_importlib/import_/test_packages.py'...
Compiling '/home/inrack/.local/cpython-3.14.7t/lib/python3.14t/test/test_importlib/import_/test_path.py'...
Compiling '/home/inrack/.local/cpython-3.14.7t/lib/python3.14t/test/test_importlib/import_/test_relative_imports.py'...
Compiling '/home/inrack/.local/cpython-3.14.7t/lib/python3.14t/test/test_importlib/metadata/__init__.py'...
Compiling '/home/inrack/.local/cpython-3.14.7t/lib/python3.14t/test/test_monitoring.py'...
Compiling '/home/inrack/.local/cpython-3.14.7t/lib/python3.14t/test/test_msvcrt.py'...
Compiling '/home/inrack/.local/cpython-3.14.7t/lib/python3.14t/test/test_multibytecodec.py'...
Compiling '/home/inrack/.local/cpython-3.14.7t/lib/python3.14t/test/test_multiprocessing_fork/__init__.py'...
Compiling '/home/inrack/.local/cpython-3.14.7t/lib/python3.14t/test/test_venv.py'...
Compiling '/home/inrack/.local/cpython-3.14.7t/lib/python3.14t/test/test_wait3.py'...
Compiling '/home/inrack/.local/cpython-3.14.7t/lib/python3.14t/test/test_wait4.py'...
Compiling '/home/inrack/.local/cpython-3.14.7t/lib/python3.14t/test/test_warnings/__init__.py'...
Compiling '/home/inrack/.local/cpython-3.14.7t/lib/python3.14t/idlelib/zoomheight.py'...
Compiling '/home/inrack/.local/cpython-3.14.7t/lib/python3.14t/idlelib/zzdummy.py'...
Compiling '/home/inrack/.local/cpython-3.14.7t/lib/python3.14t/imaplib.py'...
Compiling '/home/inrack/.local/cpython-3.14.7t/lib/python3.14t/importlib/__init__.py'...
Compiling '/home/inrack/.local/cpython-3.14.7t/lib/python3.14t/test/test_capi/test_emscripten.py'...
Compiling '/home/inrack/.local/cpython-3.14.7t/lib/python3.14t/test/test_capi/test_eval.py'...
Compiling '/home/inrack/.local/cpython-3.14.7t/lib/python3.14t/test/test_capi/test_eval_code_ex.py'...
Compiling '/home/inrack/.local/cpython-3.14.7t/lib/python3.14t/test/test_capi/test_exceptions.py'...
Compiling '/home/inrack/.local/cpython-3.14.7t/lib/python3.14t/test/test_descr.py'...
Compiling '/home/inrack/.local/cpython-3.14.7t/lib/python3.14t/test/test_descrtut.py'...
Compiling '/home/inrack/.local/cpython-3.14.7t/lib/python3.14t/test/test_devpoll.py'...
Compiling '/home/inrack/.local/cpython-3.14.7t/lib/python3.14t/test/test_dict.py'...
Compiling '/home/inrack/.local/cpython-3.14.7t/lib/python3.14t/idlelib/idle_test/test_debugger.py'...
Compiling '/home/inrack/.local/cpython-3.14.7t/lib/python3.14t/idlelib/idle_test/test_debugger_r.py'...
Compiling '/home/inrack/.local/cpython-3.14.7t/lib/python3.14t/idlelib/idle_test/test_debugobj.py'...
Compiling '/home/inrack/.local/cpython-3.14.7t/lib/python3.14t/idlelib/idle_test/test_debugobj_r.py'...
Compiling '/home/inrack/.local/cpython-3.14.7t/lib/python3.14t/mailbox.py'...
Compiling '/home/inrack/.local/cpython-3.14.7t/lib/python3.14t/mimetypes.py'...
Compiling '/home/inrack/.local/cpython-3.14.7t/lib/python3.14t/modulefinder.py'...
Compiling '/home/inrack/.local/cpython-3.14.7t/lib/python3.14t/multiprocessing/__init__.py'...
Compiling '/home/inrack/.local/cpython-3.14.7t/lib/python3.14t/test/test_free_threading/test_collections.py'...
Compiling '/home/inrack/.local/cpython-3.14.7t/lib/python3.14t/test/test_free_threading/test_cprofile.py'...
Compiling '/home/inrack/.local/cpython-3.14.7t/lib/python3.14t/test/test_free_threading/test_csv.py'...
Compiling '/home/inrack/.local/cpython-3.14.7t/lib/python3.14t/test/test_free_threading/test_dbm_gnu.py'...
Compiling '/home/inrack/.local/cpython-3.14.7t/lib/python3.14t/test/test_frozen.py'...
Compiling '/home/inrack/.local/cpython-3.14.7t/lib/python3.14t/test/test_fstring.py'...
Compiling '/home/inrack/.local/cpython-3.14.7t/lib/python3.14t/test/test_ftplib.py'...
Compiling '/home/inrack/.local/cpython-3.14.7t/lib/python3.14t/test/test_funcattrs.py'...
Compiling '/home/inrack/.local/cpython-3.14.7t/lib/python3.14t/test/test_tools/test_compute_changes.py'...
Compiling '/home/inrack/.local/cpython-3.14.7t/lib/python3.14t/test/test_tools/test_freeze.py'...
Compiling '/home/inrack/.local/cpython-3.14.7t/lib/python3.14t/test/test_unittest/dummy.py'...
Compiling '/home/inrack/.local/cpython-3.14.7t/lib/python3.14t/test/test_unittest/namespace_test_pkg/bar/__init__.py'...
Compiling '/home/inrack/.local/cpython-3.14.7t/lib/python3.14t/test/test_unittest/namespace_test_pkg/bar/test_bar.py'...
Compiling '/home/inrack/.local/cpython-3.14.7t/lib/python3.14t/test/test_unittest/namespace_test_pkg/noop/no2/__init__.py'...
Compiling '/home/inrack/.local/cpython-3.14.7t/lib/python3.14t/test/test_unittest/namespace_test_pkg/noop/no2/test_no2.py'...
Compiling '/home/inrack/.local/cpython-3.14.7t/lib/python3.14t/test/test_unittest/namespace_test_pkg/noop/test_noop.py'...
Compiling '/home/inrack/.local/cpython-3.14.7t/lib/python3.14t/test/test_unittest/namespace_test_pkg/test_foo.py'...
Compiling '/home/inrack/.local/cpython-3.14.7t/lib/python3.14t/test/test_unittest/support.py'...
Compiling '/home/inrack/.local/cpython-3.14.7t/lib/python3.14t/test/test_unittest/test_result.py'...
Compiling '/home/inrack/.local/cpython-3.14.7t/lib/python3.14t/test/test_unittest/test_runner.py'...
Compiling '/home/inrack/.local/cpython-3.14.7t/lib/python3.14t/test/test_unittest/test_setups.py'...
Compiling '/home/inrack/.local/cpython-3.14.7t/lib/python3.14t/test/test_unittest/test_skipping.py'...
Compiling '/home/inrack/.local/cpython-3.14.7t/lib/python3.14t/idlelib/history.py'...
Compiling '/home/inrack/.local/cpython-3.14.7t/lib/python3.14t/idlelib/hyperparser.py'...
Compiling '/home/inrack/.local/cpython-3.14.7t/lib/python3.14t/idlelib/idle.py'...
Compiling '/home/inrack/.local/cpython-3.14.7t/lib/python3.14t/idlelib/stackviewer.py'...
Compiling '/home/inrack/.local/cpython-3.14.7t/lib/python3.14t/idlelib/statusbar.py'...
Compiling '/home/inrack/.local/cpython-3.14.7t/lib/python3.14t/idlelib/textview.py'...
Compiling '/home/inrack/.local/cpython-3.14.7t/lib/python3.14t/idlelib/tooltip.py'...
Compiling '/home/inrack/.local/cpython-3.14.7t/lib/python3.14t/test/_code_definitions.py'...
Compiling '/home/inrack/.local/cpython-3.14.7t/lib/python3.14t/test/_crossinterp_definitions.py'...
Compiling '/home/inrack/.local/cpython-3.14.7t/lib/python3.14t/test/_isolated_sample.py'...
Compiling '/home/inrack/.local/cpython-3.14.7t/lib/python3.14t/test/_test_atexit.py'...
Compiling '/home/inrack/.local/cpython-3.14.7t/lib/python3.14t/test/test_call.py'...
Compiling '/home/inrack/.local/cpython-3.14.7t/lib/python3.14t/test/test_capi/__init__.py'...
Compiling '/home/inrack/.local/cpython-3.14.7t/lib/python3.14t/test/test_capi/__main__.py'...
Compiling '/home/inrack/.local/cpython-3.14.7t/lib/python3.14t/test/test_capi/check_config.py'...
Compiling '/home/inrack/.local/cpython-3.14.7t/lib/python3.14t/test/test_email/test__encoded_words.py'...
Compiling '/home/inrack/.local/cpython-3.14.7t/lib/python3.14t/test/test_free_threading/test_dict.py'...
Compiling '/home/inrack/.local/cpython-3.14.7t/lib/python3.14t/test/test_free_threading/test_dict_watcher.py'...
Compiling '/home/inrack/.local/cpython-3.14.7t/lib/python3.14t/test/test_free_threading/test_enumerate.py'...
Compiling '/home/inrack/.local/cpython-3.14.7t/lib/python3.14t/test/test_free_threading/test_exceptions.py'...
Compiling '/home/inrack/.local/cpython-3.14.7t/lib/python3.14t/test/test_getpath.py'...
Compiling '/home/inrack/.local/cpython-3.14.7t/lib/python3.14t/test/test_gettext.py'...
Compiling '/home/inrack/.local/cpython-3.14.7t/lib/python3.14t/test/test_glob.py'...
Compiling '/home/inrack/.local/cpython-3.14.7t/lib/python3.14t/test/test_global.py'...
Compiling '/home/inrack/.local/cpython-3.14.7t/lib/python3.14t/test/test_timeit.py'...
Compiling '/home/inrack/.local/cpython-3.14.7t/lib/python3.14t/test/test_timeout.py'...
Compiling '/home/inrack/.local/cpython-3.14.7t/lib/python3.14t/test/test_tkinter/__init__.py'...
Compiling '/home/inrack/.local/cpython-3.14.7t/lib/python3.14t/test/test_unittest/test_assertions.py'...
Compiling '/home/inrack/.local/cpython-3.14.7t/lib/python3.14t/test/test_unittest/test_async_case.py'...
Compiling '/home/inrack/.local/cpython-3.14.7t/lib/python3.14t/test/test_unittest/test_break.py'...
Compiling '/home/inrack/.local/cpython-3.14.7t/lib/python3.14t/test/test_unittest/test_case.py'...
Compiling '/home/inrack/.local/cpython-3.14.7t/lib/python3.14t/asyncio/taskgroups.py'...
Compiling '/home/inrack/.local/cpython-3.14.7t/lib/python3.14t/asyncio/tasks.py'...
Compiling '/home/inrack/.local/cpython-3.14.7t/lib/python3.14t/asyncio/threads.py'...
Compiling '/home/inrack/.local/cpython-3.14.7t/lib/python3.14t/asyncio/timeouts.py'...
Compiling '/home/inrack/.local/cpython-3.14.7t/lib/python3.14t/ctypes/macholib/framework.py'...
Compiling '/home/inrack/.local/cpython-3.14.7t/lib/python3.14t/ctypes/util.py'...
Compiling '/home/inrack/.local/cpython-3.14.7t/lib/python3.14t/email/policy.py'...
Compiling '/home/inrack/.local/cpython-3.14.7t/lib/python3.14t/email/quoprimime.py'...
Compiling '/home/inrack/.local/cpython-3.14.7t/lib/python3.14t/email/utils.py'...
Compiling '/home/inrack/.local/cpython-3.14.7t/lib/python3.14t/encodings/__init__.py'...
Compiling '/home/inrack/.local/cpython-3.14.7t/lib/python3.14t/idlelib/idle_test/test_pathbrowser.py'...
Compiling '/home/inrack/.local/cpython-3.14.7t/lib/python3.14t/idlelib/idle_test/test_percolator.py'...
Compiling '/home/inrack/.local/cpython-3.14.7t/lib/python3.14t/idlelib/idle_test/test_pyparse.py'...
Compiling '/home/inrack/.local/cpython-3.14.7t/lib/python3.14t/idlelib/idle_test/test_pyshell.py'...
Compiling '/home/inrack/.local/cpython-3.14.7t/lib/python3.14t/test/archivetestdata/testdata_module_inside_zip.py'...
Compiling '/home/inrack/.local/cpython-3.14.7t/lib/python3.14t/test/certdata/make_ssl_certs.py'...
Compiling '/home/inrack/.local/cpython-3.14.7t/lib/python3.14t/test/support/_hypothesis_stubs/_helpers.py'...
Compiling '/home/inrack/.local/cpython-3.14.7t/lib/python3.14t/test/support/_hypothesis_stubs/strategies.py'...
Compiling '/home/inrack/.local/cpython-3.14.7t/lib/python3.14t/test/support/ast_helper.py'...
Compiling '/home/inrack/.local/cpython-3.14.7t/lib/python3.14t/test/support/asynchat.py'...
Compiling '/home/inrack/.local/cpython-3.14.7t/lib/python3.14t/test/test_binascii.py'...
Compiling '/home/inrack/.local/cpython-3.14.7t/lib/python3.14t/test/test_binop.py'...
Compiling '/home/inrack/.local/cpython-3.14.7t/lib/python3.14t/test/test_bisect.py'...
Compiling '/home/inrack/.local/cpython-3.14.7t/lib/python3.14t/test/test_bool.py'...
Compiling '/home/inrack/.local/cpython-3.14.7t/lib/python3.14t/test/test_import/__init__.py'...
Compiling '/home/inrack/.local/cpython-3.14.7t/lib/python3.14t/test/test_import/__main__.py'...
Compiling '/home/inrack/.local/cpython-3.14.7t/lib/python3.14t/test/test_import/data/circular_imports/basic.py'...
Compiling '/home/inrack/.local/cpython-3.14.7t/lib/python3.14t/test/test_import/data/circular_imports/basic2.py'...
Compiling '/home/inrack/.local/cpython-3.14.7t/lib/python3.14t/test/test_tkinter/test_loadtk.py'...
Compiling '/home/inrack/.local/cpython-3.14.7t/lib/python3.14t/test/test_tkinter/test_messagebox.py'...
Compiling '/home/inrack/.local/cpython-3.14.7t/lib/python3.14t/test/test_tkinter/test_misc.py'...
Compiling '/home/inrack/.local/cpython-3.14.7t/lib/python3.14t/test/test_tkinter/test_scrolledtext.py'...
Compiling '/home/inrack/.local/cpython-3.14.7t/lib/python3.14t/urllib/parse.py'...
Compiling '/home/inrack/.local/cpython-3.14.7t/lib/python3.14t/urllib/request.py'...
Compiling '/home/inrack/.local/cpython-3.14.7t/lib/python3.14t/urllib/response.py'...
Compiling '/home/inrack/.local/cpython-3.14.7t/lib/python3.14t/urllib/robotparser.py'...
Compiling '/home/inrack/.local/cpython-3.14.7t/lib/python3.14t/encodings/cp865.py'...
Compiling '/home/inrack/.local/cpython-3.14.7t/lib/python3.14t/encodings/cp866.py'...
Compiling '/home/inrack/.local/cpython-3.14.7t/lib/python3.14t/encodings/cp869.py'...
Compiling '/home/inrack/.local/cpython-3.14.7t/lib/python3.14t/encodings/cp874.py'...
Compiling '/home/inrack/.local/cpython-3.14.7t/lib/python3.14t/idlelib/idle_test/test_history.py'...
Compiling '/home/inrack/.local/cpython-3.14.7t/lib/python3.14t/idlelib/idle_test/test_hyperparser.py'...
Compiling '/home/inrack/.local/cpython-3.14.7t/lib/python3.14t/idlelib/idle_test/test_iomenu.py'...
Compiling '/home/inrack/.local/cpython-3.14.7t/lib/python3.14t/idlelib/idle_test/test_macosx.py'...
Compiling '/home/inrack/.local/cpython-3.14.7t/lib/python3.14t/logging/__init__.py'...
Compiling '/home/inrack/.local/cpython-3.14.7t/lib/python3.14t/logging/config.py'...
Compiling '/home/inrack/.local/cpython-3.14.7t/lib/python3.14t/logging/handlers.py'...
Compiling '/home/inrack/.local/cpython-3.14.7t/lib/python3.14t/lzma.py'...
Compiling '/home/inrack/.local/cpython-3.14.7t/lib/python3.14t/test/test_dbm_dumb.py'...
Compiling '/home/inrack/.local/cpython-3.14.7t/lib/python3.14t/test/test_dbm_gnu.py'...
Compiling '/home/inrack/.local/cpython-3.14.7t/lib/python3.14t/test/test_dbm_ndbm.py'...
Compiling '/home/inrack/.local/cpython-3.14.7t/lib/python3.14t/test/test_dbm_sqlite3.py'...
Compiling '/home/inrack/.local/cpython-3.14.7t/lib/python3.14t/test/test_importlib/metadata/_context.py'...
Compiling '/home/inrack/.local/cpython-3.14.7t/lib/python3.14t/test/test_importlib/metadata/_path.py'...
Compiling '/home/inrack/.local/cpython-3.14.7t/lib/python3.14t/test/test_importlib/metadata/data/__init__.py'...
Compiling '/home/inrack/.local/cpython-3.14.7t/lib/python3.14t/test/test_importlib/resources/_path.py'...
Compiling '/home/inrack/.local/cpython-3.14.7t/lib/python3.14t/test/test_importlib/resources/test_compatibilty_files.py'...
Compiling '/home/inrack/.local/cpython-3.14.7t/lib/python3.14t/test/test_importlib/resources/test_contents.py'...
Compiling '/home/inrack/.local/cpython-3.14.7t/lib/python3.14t/test/test_importlib/resources/test_custom.py'...
Compiling '/home/inrack/.local/cpython-3.14.7t/lib/python3.14t/test/test_json/test_float.py'...
Compiling '/home/inrack/.local/cpython-3.14.7t/lib/python3.14t/test/test_json/test_indent.py'...
Compiling '/home/inrack/.local/cpython-3.14.7t/lib/python3.14t/test/test_json/test_pass1.py'...
Compiling '/home/inrack/.local/cpython-3.14.7t/lib/python3.14t/test/test_json/test_pass2.py'...
Compiling '/home/inrack/.local/cpython-3.14.7t/lib/python3.14t/test/test_launcher.py'...
Compiling '/home/inrack/.local/cpython-3.14.7t/lib/python3.14t/test/test_linecache.py'...
Compiling '/home/inrack/.local/cpython-3.14.7t/lib/python3.14t/test/test_list.py'...
Compiling '/home/inrack/.local/cpython-3.14.7t/lib/python3.14t/test/test_listcomps.py'...
Compiling '/home/inrack/.local/cpython-3.14.7t/lib/python3.14t/test/test_tools/i18n_data/escapes.py'...
Compiling '/home/inrack/.local/cpython-3.14.7t/lib/python3.14t/test/test_tools/i18n_data/fileloc.py'...
Compiling '/home/inrack/.local/cpython-3.14.7t/lib/python3.14t/test/test_tty.py'...
Compiling '/home/inrack/.local/cpython-3.14.7t/lib/python3.14t/test/test_tuple.py'...
Compiling '/home/inrack/.local/cpython-3.14.7t/lib/python3.14t/test/test_turtle.py'...
Compiling '/home/inrack/.local/cpython-3.14.7t/lib/python3.14t/test/test_type_aliases.py'...
Compiling '/home/inrack/.local/cpython-3.14.7t/lib/python3.14t/unittest/mock.py'...
Compiling '/home/inrack/.local/cpython-3.14.7t/lib/python3.14t/unittest/result.py'...
Compiling '/home/inrack/.local/cpython-3.14.7t/lib/python3.14t/unittest/runner.py'...
Compiling '/home/inrack/.local/cpython-3.14.7t/lib/python3.14t/unittest/signals.py'...
Compiling '/home/inrack/.local/cpython-3.14.7t/lib/python3.14t/re/_parser.py'...
Compiling '/home/inrack/.local/cpython-3.14.7t/lib/python3.14t/reprlib.py'...
Compiling '/home/inrack/.local/cpython-3.14.7t/lib/python3.14t/rlcompleter.py'...
Compiling '/home/inrack/.local/cpython-3.14.7t/lib/python3.14t/runpy.py'...
Compiling '/home/inrack/.local/cpython-3.14.7t/lib/python3.14t/test/test_ctypes/test_random_things.py'...
Compiling '/home/inrack/.local/cpython-3.14.7t/lib/python3.14t/test/test_ctypes/test_refcounts.py'...
Compiling '/home/inrack/.local/cpython-3.14.7t/lib/python3.14t/test/test_ctypes/test_repr.py'...
Compiling '/home/inrack/.local/cpython-3.14.7t/lib/python3.14t/test/test_ctypes/test_returnfuncptrs.py'...
Compiling '/home/inrack/.local/cpython-3.14.7t/lib/python3.14t/test/test_dictcomps.py'...
Compiling '/home/inrack/.local/cpython-3.14.7t/lib/python3.14t/test/test_dictviews.py'...
Compiling '/home/inrack/.local/cpython-3.14.7t/lib/python3.14t/test/test_difflib.py'...
Compiling '/home/inrack/.local/cpython-3.14.7t/lib/python3.14t/test/test_json/test_separators.py'...
Compiling '/home/inrack/.local/cpython-3.14.7t/lib/python3.14t/test/test_json/test_speedups.py'...
Compiling '/home/inrack/.local/cpython-3.14.7t/lib/python3.14t/test/test_json/test_tool.py'...
Compiling '/home/inrack/.local/cpython-3.14.7t/lib/python3.14t/test/test_json/test_unicode.py'...
Compiling '/home/inrack/.local/cpython-3.14.7t/lib/python3.14t/test/test_print.py'...
Compiling '/home/inrack/.local/cpython-3.14.7t/lib/python3.14t/test/test_profile.py'...
Compiling '/home/inrack/.local/cpython-3.14.7t/lib/python3.14t/test/test_property.py'...
Compiling '/home/inrack/.local/cpython-3.14.7t/lib/python3.14t/test/test_pstats.py'...
Compiling '/home/inrack/.local/cpython-3.14.7t/lib/python3.14t/test/test_subprocess.py'...
Compiling '/home/inrack/.local/cpython-3.14.7t/lib/python3.14t/test/test_sundry.py'...
Compiling '/home/inrack/.local/cpython-3.14.7t/lib/python3.14t/test/test_super.py'...
Compiling '/home/inrack/.local/cpython-3.14.7t/lib/python3.14t/test/test_support.py'...
Compiling '/home/inrack/.local/cpython-3.14.7t/lib/python3.14t/encodings/cp875.py'...
Compiling '/home/inrack/.local/cpython-3.14.7t/lib/python3.14t/encodings/cp932.py'...
Compiling '/home/inrack/.local/cpython-3.14.7t/lib/python3.14t/encodings/cp949.py'...
Compiling '/home/inrack/.local/cpython-3.14.7t/lib/python3.14t/encodings/cp950.py'...
Compiling '/home/inrack/.local/cpython-3.14.7t/lib/python3.14t/encodings/mac_turkish.py'...
Compiling '/home/inrack/.local/cpython-3.14.7t/lib/python3.14t/encodings/mbcs.py'...
Compiling '/home/inrack/.local/cpython-3.14.7t/lib/python3.14t/encodings/oem.py'...
Compiling '/home/inrack/.local/cpython-3.14.7t/lib/python3.14t/encodings/palmos.py'...
Compiling '/home/inrack/.local/cpython-3.14.7t/lib/python3.14t/idlelib/autocomplete_w.py'...
Compiling '/home/inrack/.local/cpython-3.14.7t/lib/python3.14t/idlelib/autoexpand.py'...
Compiling '/home/inrack/.local/cpython-3.14.7t/lib/python3.14t/idlelib/browser.py'...
Compiling '/home/inrack/.local/cpython-3.14.7t/lib/python3.14t/idlelib/calltip.py'...
Compiling '/home/inrack/.local/cpython-3.14.7t/lib/python3.14t/importlib/metadata/diagnose.py'...
Compiling '/home/inrack/.local/cpython-3.14.7t/lib/python3.14t/importlib/readers.py'...
Compiling '/home/inrack/.local/cpython-3.14.7t/lib/python3.14t/importlib/resources/__init__.py'...
Compiling '/home/inrack/.local/cpython-3.14.7t/lib/python3.14t/importlib/resources/_adapters.py'...
Compiling '/home/inrack/.local/cpython-3.14.7t/lib/python3.14t/pathlib/_os.py'...
Compiling '/home/inrack/.local/cpython-3.14.7t/lib/python3.14t/pathlib/types.py'...
Compiling '/home/inrack/.local/cpython-3.14.7t/lib/python3.14t/pdb.py'...
Compiling '/home/inrack/.local/cpython-3.14.7t/lib/python3.14t/pickle.py'...
Compiling '/home/inrack/.local/cpython-3.14.7t/lib/python3.14t/test/test_multiprocessing_forkserver/test_threads.py'...
Compiling '/home/inrack/.local/cpython-3.14.7t/lib/python3.14t/test/test_multiprocessing_main_handling.py'...
Compiling '/home/inrack/.local/cpython-3.14.7t/lib/python3.14t/test/test_multiprocessing_spawn/__init__.py'...
Compiling '/home/inrack/.local/cpython-3.14.7t/lib/python3.14t/test/test_multiprocessing_spawn/test_manager.py'...
Compiling '/home/inrack/.local/cpython-3.14.7t/lib/python3.14t/test/test_perfmaps.py'...
Compiling '/home/inrack/.local/cpython-3.14.7t/lib/python3.14t/test/test_pickle.py'...
Compiling '/home/inrack/.local/cpython-3.14.7t/lib/python3.14t/test/test_picklebuffer.py'...
Compiling '/home/inrack/.local/cpython-3.14.7t/lib/python3.14t/test/test_pickletools.py'...
Compiling '/home/inrack/.local/cpython-3.14.7t/lib/python3.14t/test/test_textwrap.py'...
Compiling '/home/inrack/.local/cpython-3.14.7t/lib/python3.14t/test/test_thread.py'...
Compiling '/home/inrack/.local/cpython-3.14.7t/lib/python3.14t/test/test_thread_local_bytecode.py'...
Compiling '/home/inrack/.local/cpython-3.14.7t/lib/python3.14t/test/test_threadedtempfile.py'...
Compiling '/home/inrack/.local/cpython-3.14.7t/lib/python3.14t/test/test_zipfile/_path/test_complexity.py'...
Compiling '/home/inrack/.local/cpython-3.14.7t/lib/python3.14t/test/test_zipfile/_path/test_path.py'...
Compiling '/home/inrack/.local/cpython-3.14.7t/lib/python3.14t/test/test_zipfile/_path/write-alpharep.py'...
Compiling '/home/inrack/.local/cpython-3.14.7t/lib/python3.14t/test/test_zipfile/test_core.py'...
Compiling '/home/inrack/.local/cpython-3.14.7t/lib/python3.14t/test/test_capi/test_list.py'...
Compiling '/home/inrack/.local/cpython-3.14.7t/lib/python3.14t/test/test_capi/test_long.py'...
Compiling '/home/inrack/.local/cpython-3.14.7t/lib/python3.14t/test/test_capi/test_mem.py'...
Compiling '/home/inrack/.local/cpython-3.14.7t/lib/python3.14t/test/test_capi/test_misc.py'...
Compiling '/home/inrack/.local/cpython-3.14.7t/lib/python3.14t/test/test_sqlite3/test_userfunctions.py'...
Compiling '/home/inrack/.local/cpython-3.14.7t/lib/python3.14t/test/test_sqlite3/util.py'...
Compiling '/home/inrack/.local/cpython-3.14.7t/lib/python3.14t/test/test_ssl.py'...
Compiling '/home/inrack/.local/cpython-3.14.7t/lib/python3.14t/test/test_stable_abi_ctypes.py'...
Compiling '/home/inrack/.local/cpython-3.14.7t/lib/python3.14t/test/test__osx_support.py'...
Compiling '/home/inrack/.local/cpython-3.14.7t/lib/python3.14t/test/test_abc.py'...
Compiling '/home/inrack/.local/cpython-3.14.7t/lib/python3.14t/test/test_abstract_numbers.py'...
Compiling '/home/inrack/.local/cpython-3.14.7t/lib/python3.14t/test/test_android.py'...
Compiling '/home/inrack/.local/cpython-3.14.7t/lib/python3.14t/test/test_fork1.py'...
Compiling '/home/inrack/.local/cpython-3.14.7t/lib/python3.14t/test/test_format.py'...
Compiling '/home/inrack/.local/cpython-3.14.7t/lib/python3.14t/test/test_fractions.py'...
Compiling '/home/inrack/.local/cpython-3.14.7t/lib/python3.14t/test/test_frame.py'...
Compiling '/home/inrack/.local/cpython-3.14.7t/lib/python3.14t/test/test_tools/test_reindent.py'...
Compiling '/home/inrack/.local/cpython-3.14.7t/lib/python3.14t/test/test_tools/test_sundry.py'...
Compiling '/home/inrack/.local/cpython-3.14.7t/lib/python3.14t/test/test_trace.py'...
Compiling '/home/inrack/.local/cpython-3.14.7t/lib/python3.14t/test/test_traceback.py'...
Compiling '/home/inrack/.local/cpython-3.14.7t/lib/python3.14t/idlelib/mainmenu.py'...
Compiling '/home/inrack/.local/cpython-3.14.7t/lib/python3.14t/idlelib/multicall.py'...
Compiling '/home/inrack/.local/cpython-3.14.7t/lib/python3.14t/idlelib/outwin.py'...
Compiling '/home/inrack/.local/cpython-3.14.7t/lib/python3.14t/idlelib/parenmatch.py'...
Compiling '/home/inrack/.local/cpython-3.14.7t/lib/python3.14t/test/libregrtest/testresult.py'...
Compiling '/home/inrack/.local/cpython-3.14.7t/lib/python3.14t/test/libregrtest/tsan.py'...
Compiling '/home/inrack/.local/cpython-3.14.7t/lib/python3.14t/test/libregrtest/utils.py'...
Compiling '/home/inrack/.local/cpython-3.14.7t/lib/python3.14t/test/libregrtest/win_utils.py'...
Compiling '/home/inrack/.local/cpython-3.14.7t/lib/python3.14t/test/test_ctypes/_support.py'...
Compiling '/home/inrack/.local/cpython-3.14.7t/lib/python3.14t/test/test_ctypes/test_aligned_structures.py'...
Compiling '/home/inrack/.local/cpython-3.14.7t/lib/python3.14t/test/test_ctypes/test_anon.py'...
Compiling '/home/inrack/.local/cpython-3.14.7t/lib/python3.14t/test/test_ctypes/test_array_in_pointer.py'...
Compiling '/home/inrack/.local/cpython-3.14.7t/lib/python3.14t/test/test_doctest/doctest_lineno.py'...
Compiling '/home/inrack/.local/cpython-3.14.7t/lib/python3.14t/test/test_doctest/sample_doctest.py'...
Compiling '/home/inrack/.local/cpython-3.14.7t/lib/python3.14t/test/test_doctest/sample_doctest_errors.py'...
Compiling '/home/inrack/.local/cpython-3.14.7t/lib/python3.14t/test/test_doctest/sample_doctest_no_docstrings.py'...
Compiling '/home/inrack/.local/cpython-3.14.7t/lib/python3.14t/test/test_email/test_utils.py'...
Compiling '/home/inrack/.local/cpython-3.14.7t/lib/python3.14t/test/test_email/torture_test.py'...
Compiling '/home/inrack/.local/cpython-3.14.7t/lib/python3.14t/test/test_embed.py'...
Compiling '/home/inrack/.local/cpython-3.14.7t/lib/python3.14t/test/test_ensurepip.py'...
Compiling '/home/inrack/.local/cpython-3.14.7t/lib/python3.14t/test/test_pyrepl/test_terminfo.py'...
Compiling '/home/inrack/.local/cpython-3.14.7t/lib/python3.14t/test/test_pyrepl/test_unix_console.py'...
Compiling '/home/inrack/.local/cpython-3.14.7t/lib/python3.14t/test/test_pyrepl/test_utils.py'...
Compiling '/home/inrack/.local/cpython-3.14.7t/lib/python3.14t/test/test_pyrepl/test_windows_console.py'...
Compiling '/home/inrack/.local/cpython-3.14.7t/lib/python3.14t/test/test_tkinter/test_widgets.py'...
Compiling '/home/inrack/.local/cpython-3.14.7t/lib/python3.14t/test/test_tkinter/widget_tests.py'...
Compiling '/home/inrack/.local/cpython-3.14.7t/lib/python3.14t/test/test_tokenize.py'...
Compiling '/home/inrack/.local/cpython-3.14.7t/lib/python3.14t/test/test_tomllib/__init__.py'...
Compiling '/home/inrack/.local/cpython-3.14.7t/lib/python3.14t/idlelib/idle_test/test_format.py'...
Compiling '/home/inrack/.local/cpython-3.14.7t/lib/python3.14t/idlelib/idle_test/test_grep.py'...
Compiling '/home/inrack/.local/cpython-3.14.7t/lib/python3.14t/idlelib/idle_test/test_help.py'...
Compiling '/home/inrack/.local/cpython-3.14.7t/lib/python3.14t/idlelib/idle_test/test_help_about.py'...
Compiling '/home/inrack/.local/cpython-3.14.7t/lib/python3.14t/pstats.py'...
Compiling '/home/inrack/.local/cpython-3.14.7t/lib/python3.14t/pty.py'...
Compiling '/home/inrack/.local/cpython-3.14.7t/lib/python3.14t/py_compile.py'...
Compiling '/home/inrack/.local/cpython-3.14.7t/lib/python3.14t/pyclbr.py'...
Compiling '/home/inrack/.local/cpython-3.14.7t/lib/python3.14t/test/leakers/test_ctypes.py'...
Compiling '/home/inrack/.local/cpython-3.14.7t/lib/python3.14t/test/leakers/test_selftype.py'...
Compiling '/home/inrack/.local/cpython-3.14.7t/lib/python3.14t/test/libregrtest/__init__.py'...
Compiling '/home/inrack/.local/cpython-3.14.7t/lib/python3.14t/test/test_annotationlib.py'...
Compiling '/home/inrack/.local/cpython-3.14.7t/lib/python3.14t/test/test_apple.py'...
Compiling '/home/inrack/.local/cpython-3.14.7t/lib/python3.14t/test/test_argparse.py'...
Compiling '/home/inrack/.local/cpython-3.14.7t/lib/python3.14t/test/test_array.py'...
Compiling '/home/inrack/.local/cpython-3.14.7t/lib/python3.14t/idlelib/idle_test/test_stackviewer.py'...
Compiling '/home/inrack/.local/cpython-3.14.7t/lib/python3.14t/idlelib/idle_test/test_statusbar.py'...
Compiling '/home/inrack/.local/cpython-3.14.7t/lib/python3.14t/idlelib/idle_test/test_text.py'...
Compiling '/home/inrack/.local/cpython-3.14.7t/lib/python3.14t/idlelib/idle_test/test_textview.py'...
Compiling '/home/inrack/.local/cpython-3.14.7t/lib/python3.14t/multiprocessing/popen_fork.py'...
Compiling '/home/inrack/.local/cpython-3.14.7t/lib/python3.14t/multiprocessing/popen_forkserver.py'...
Compiling '/home/inrack/.local/cpython-3.14.7t/lib/python3.14t/multiprocessing/popen_spawn_posix.py'...
Compiling '/home/inrack/.local/cpython-3.14.7t/lib/python3.14t/multiprocessing/popen_spawn_win32.py'...
Compiling '/home/inrack/.local/cpython-3.14.7t/lib/python3.14t/site.py'...
Compiling '/home/inrack/.local/cpython-3.14.7t/lib/python3.14t/smtplib.py'...
Compiling '/home/inrack/.local/cpython-3.14.7t/lib/python3.14t/socket.py'...
Compiling '/home/inrack/.local/cpython-3.14.7t/lib/python3.14t/socketserver.py'...
Compiling '/home/inrack/.local/cpython-3.14.7t/lib/python3.14t/test/test_errno.py'...
Compiling '/home/inrack/.local/cpython-3.14.7t/lib/python3.14t/test/test_except_star.py'...
Compiling '/home/inrack/.local/cpython-3.14.7t/lib/python3.14t/test/test_exception_group.py'...
Compiling '/home/inrack/.local/cpython-3.14.7t/lib/python3.14t/test/test_exception_hierarchy.py'...
Compiling '/home/inrack/.local/cpython-3.14.7t/lib/python3.14t/test/test_range.py'...
Compiling '/home/inrack/.local/cpython-3.14.7t/lib/python3.14t/test/test_re.py'...
Compiling '/home/inrack/.local/cpython-3.14.7t/lib/python3.14t/test/test_readline.py'...
Compiling '/home/inrack/.local/cpython-3.14.7t/lib/python3.14t/test/test_regrtest.py'...
Compiling '/home/inrack/.local/cpython-3.14.7t/lib/python3.14t/inspect.py'...
Compiling '/home/inrack/.local/cpython-3.14.7t/lib/python3.14t/io.py'...
Compiling '/home/inrack/.local/cpython-3.14.7t/lib/python3.14t/ipaddress.py'...
Compiling '/home/inrack/.local/cpython-3.14.7t/lib/python3.14t/json/__init__.py'...
Compiling '/home/inrack/.local/cpython-3.14.7t/lib/python3.14t/test/test_import/data/unwritable/x.py'...
Compiling '/home/inrack/.local/cpython-3.14.7t/lib/python3.14t/test/test_importlib/__init__.py'...
Compiling '/home/inrack/.local/cpython-3.14.7t/lib/python3.14t/test/test_importlib/__main__.py'...
Compiling '/home/inrack/.local/cpython-3.14.7t/lib/python3.14t/test/test_importlib/abc.py'...
Compiling '/home/inrack/.local/cpython-3.14.7t/lib/python3.14t/test/test_importlib/metadata/data/sources/example2/example2/__init__.py'...
Compiling '/home/inrack/.local/cpython-3.14.7t/lib/python3.14t/test/test_importlib/metadata/fixtures.py'...
Compiling '/home/inrack/.local/cpython-3.14.7t/lib/python3.14t/test/test_importlib/metadata/stubs.py'...
Compiling '/home/inrack/.local/cpython-3.14.7t/lib/python3.14t/test/test_inspect/inspect_stringized_annotations_pep695.py'...
Compiling '/home/inrack/.local/cpython-3.14.7t/lib/python3.14t/test/test_inspect/test_inspect.py'...
Compiling '/home/inrack/.local/cpython-3.14.7t/lib/python3.14t/test/test_int.py'...
Compiling '/home/inrack/.local/cpython-3.14.7t/lib/python3.14t/test/test_int_literal.py'...
Compiling '/home/inrack/.local/cpython-3.14.7t/lib/python3.14t/stringprep.py'...
Compiling '/home/inrack/.local/cpython-3.14.7t/lib/python3.14t/struct.py'...
Compiling '/home/inrack/.local/cpython-3.14.7t/lib/python3.14t/subprocess.py'...
Compiling '/home/inrack/.local/cpython-3.14.7t/lib/python3.14t/symtable.py'...
Compiling '/home/inrack/.local/cpython-3.14.7t/lib/python3.14t/test/test_free_threading/test_iteration.py'...
Compiling '/home/inrack/.local/cpython-3.14.7t/lib/python3.14t/test/test_free_threading/test_itertools.py'...
Compiling '/home/inrack/.local/cpython-3.14.7t/lib/python3.14t/test/test_free_threading/test_itertools_batched.py'...
Compiling '/home/inrack/.local/cpython-3.14.7t/lib/python3.14t/test/test_free_threading/test_itertools_combinatoric.py'...
Compiling '/home/inrack/.local/cpython-3.14.7t/lib/python3.14t/test/test_html.py'...
Compiling '/home/inrack/.local/cpython-3.14.7t/lib/python3.14t/test/test_htmlparser.py'...
Compiling '/home/inrack/.local/cpython-3.14.7t/lib/python3.14t/test/test_http_cookiejar.py'...
Compiling '/home/inrack/.local/cpython-3.14.7t/lib/python3.14t/test/test_http_cookies.py'...
Compiling '/home/inrack/.local/cpython-3.14.7t/lib/python3.14t/test/test_unittest/test_suite.py'...
Compiling '/home/inrack/.local/cpython-3.14.7t/lib/python3.14t/test/test_unittest/test_util.py'...
Compiling '/home/inrack/.local/cpython-3.14.7t/lib/python3.14t/test/test_unittest/testmock/__init__.py'...
Compiling '/home/inrack/.local/cpython-3.14.7t/lib/python3.14t/test/test_unittest/testmock/__main__.py'...
Compiling '/home/inrack/.local/cpython-3.14.7t/lib/python3.14t/test/test_zoneinfo/__init__.py'...
Compiling '/home/inrack/.local/cpython-3.14.7t/lib/python3.14t/test/test_zoneinfo/__main__.py'...
Compiling '/home/inrack/.local/cpython-3.14.7t/lib/python3.14t/test/test_zoneinfo/_support.py'...
Compiling '/home/inrack/.local/cpython-3.14.7t/lib/python3.14t/test/test_zoneinfo/data/update_test_data.py'...
Compiling '/home/inrack/.local/cpython-3.14.7t/lib/python3.14t/test/tokenizedata/__init__.py'...
Compiling '/home/inrack/.local/cpython-3.14.7t/lib/python3.14t/test/tracedmodules/__init__.py'...
Compiling '/home/inrack/.local/cpython-3.14.7t/lib/python3.14t/test/tracedmodules/testmod.py'...
Compiling '/home/inrack/.local/cpython-3.14.7t/lib/python3.14t/test/typinganndata/ann_module7.py'...
Compiling '/home/inrack/.local/cpython-3.14.7t/lib/python3.14t/test/typinganndata/ann_module8.py'...
Compiling '/home/inrack/.local/cpython-3.14.7t/lib/python3.14t/test/typinganndata/ann_module9.py'...
Compiling '/home/inrack/.local/cpython-3.14.7t/lib/python3.14t/test/typinganndata/fwdref_module.py'...
Compiling '/home/inrack/.local/cpython-3.14.7t/lib/python3.14t/test/win_console_handler.py'...
Compiling '/home/inrack/.local/cpython-3.14.7t/lib/python3.14t/tkinter/__init__.py'...
Compiling '/home/inrack/.local/cpython-3.14.7t/lib/python3.14t/tkinter/__main__.py'...
Compiling '/home/inrack/.local/cpython-3.14.7t/lib/python3.14t/tkinter/colorchooser.py'...
Compiling '/home/inrack/.local/cpython-3.14.7t/lib/python3.14t/tkinter/commondialog.py'...
Compiling '/home/inrack/.local/cpython-3.14.7t/lib/python3.14t/idlelib/query.py'...
Compiling '/home/inrack/.local/cpython-3.14.7t/lib/python3.14t/idlelib/redirector.py'...
Compiling '/home/inrack/.local/cpython-3.14.7t/lib/python3.14t/idlelib/replace.py'...
Compiling '/home/inrack/.local/cpython-3.14.7t/lib/python3.14t/idlelib/rpc.py'...
Compiling '/home/inrack/.local/cpython-3.14.7t/lib/python3.14t/test/pyclbr_input.py'...
Compiling '/home/inrack/.local/cpython-3.14.7t/lib/python3.14t/test/pythoninfo.py'...
Compiling '/home/inrack/.local/cpython-3.14.7t/lib/python3.14t/test/test_ctypes/test_cast.py'...
Compiling '/home/inrack/.local/cpython-3.14.7t/lib/python3.14t/test/test_ctypes/test_cfuncs.py'...
Compiling '/home/inrack/.local/cpython-3.14.7t/lib/python3.14t/test/test_ctypes/test_checkretval.py'...
Compiling '/home/inrack/.local/cpython-3.14.7t/lib/python3.14t/test/test_ctypes/test_delattr.py'...
Compiling '/home/inrack/.local/cpython-3.14.7t/lib/python3.14t/test/test_doctest/sample_doctest_no_doctests.py'...
Compiling '/home/inrack/.local/cpython-3.14.7t/lib/python3.14t/test/test_doctest/sample_doctest_skip.py'...
Compiling '/home/inrack/.local/cpython-3.14.7t/lib/python3.14t/test/test_doctest/test_doctest.py'...
Compiling '/home/inrack/.local/cpython-3.14.7t/lib/python3.14t/test/test_free_threading/test_pickle.py'...
Compiling '/home/inrack/.local/cpython-3.14.7t/lib/python3.14t/test/test_free_threading/test_races.py'...
Compiling '/home/inrack/.local/cpython-3.14.7t/lib/python3.14t/test/test_free_threading/test_re.py'...
Compiling '/home/inrack/.local/cpython-3.14.7t/lib/python3.14t/test/test_free_threading/test_resource.py'...
Compiling '/home/inrack/.local/cpython-3.14.7t/lib/python3.14t/test/test_import/data/circular_imports/subpkg/util.py'...
Compiling '/home/inrack/.local/cpython-3.14.7t/lib/python3.14t/test/test_import/data/circular_imports/subpkg2/__init__.py'...
Compiling '/home/inrack/.local/cpython-3.14.7t/lib/python3.14t/test/test_import/data/circular_imports/subpkg2/parent/__init__.py'...
Compiling '/home/inrack/.local/cpython-3.14.7t/lib/python3.14t/test/test_import/data/circular_imports/subpkg2/parent/child.py'...
Compiling '/home/inrack/.local/cpython-3.14.7t/lib/python3.14t/test/test_importlib/extension/__init__.py'...
Compiling '/home/inrack/.local/cpython-3.14.7t/lib/python3.14t/test/test_importlib/extension/__main__.py'...
Compiling '/home/inrack/.local/cpython-3.14.7t/lib/python3.14t/test/test_importlib/extension/_test_nonmodule_cases.py'...
Compiling '/home/inrack/.local/cpython-3.14.7t/lib/python3.14t/test/test_importlib/extension/test_case_sensitivity.py'...
Compiling '/home/inrack/.local/cpython-3.14.7t/lib/python3.14t/test/test_importlib/namespace_pkgs/not_a_namespace_pkg/foo/__init__.py'...
Compiling '/home/inrack/.local/cpython-3.14.7t/lib/python3.14t/test/test_importlib/namespace_pkgs/not_a_namespace_pkg/foo/one.py'...
Compiling '/home/inrack/.local/cpython-3.14.7t/lib/python3.14t/test/test_importlib/namespace_pkgs/portion1/foo/one.py'...
Compiling '/home/inrack/.local/cpython-3.14.7t/lib/python3.14t/test/test_importlib/resources/test_read.py'...
Compiling '/home/inrack/.local/cpython-3.14.7t/lib/python3.14t/test/test_importlib/resources/test_reader.py'...
Compiling '/home/inrack/.local/cpython-3.14.7t/lib/python3.14t/test/test_importlib/resources/test_resource.py'...
Compiling '/home/inrack/.local/cpython-3.14.7t/lib/python3.14t/test/test_importlib/resources/util.py'...
Compiling '/home/inrack/.local/cpython-3.14.7t/lib/python3.14t/test/test_pathlib/test_write.py'...
Compiling '/home/inrack/.local/cpython-3.14.7t/lib/python3.14t/test/test_patma.py'...
Compiling '/home/inrack/.local/cpython-3.14.7t/lib/python3.14t/test/test_pdb.py'...
Compiling '/home/inrack/.local/cpython-3.14.7t/lib/python3.14t/test/test_peepholer.py'...
Compiling '/home/inrack/.local/cpython-3.14.7t/lib/python3.14t/encodings/uu_codec.py'...
Compiling '/home/inrack/.local/cpython-3.14.7t/lib/python3.14t/encodings/zlib_codec.py'...
Compiling '/home/inrack/.local/cpython-3.14.7t/lib/python3.14t/ensurepip/__init__.py'...
Compiling '/home/inrack/.local/cpython-3.14.7t/lib/python3.14t/ensurepip/__main__.py'...
Compiling '/home/inrack/.local/cpython-3.14.7t/lib/python3.14t/idlelib/idle_test/test_searchbase.py'...
Compiling '/home/inrack/.local/cpython-3.14.7t/lib/python3.14t/idlelib/idle_test/test_searchengine.py'...
Compiling '/home/inrack/.local/cpython-3.14.7t/lib/python3.14t/idlelib/idle_test/test_sidebar.py'...
Compiling '/home/inrack/.local/cpython-3.14.7t/lib/python3.14t/idlelib/idle_test/test_squeezer.py'...
Compiling '/home/inrack/.local/cpython-3.14.7t/lib/python3.14t/test/dtracedata/call_stack.py'...
Compiling '/home/inrack/.local/cpython-3.14.7t/lib/python3.14t/test/libregrtest/refleak.py'...
Compiling '/home/inrack/.local/cpython-3.14.7t/lib/python3.14t/test/libregrtest/result.py'...
Compiling '/home/inrack/.local/cpython-3.14.7t/lib/python3.14t/test/libregrtest/results.py'...
Compiling '/home/inrack/.local/cpython-3.14.7t/lib/python3.14t/test/libregrtest/run_workers.py'...
Compiling '/home/inrack/.local/cpython-3.14.7t/lib/python3.14t/test/test_ctypes/test_unaligned_structures.py'...
Compiling '/home/inrack/.local/cpython-3.14.7t/lib/python3.14t/test/test_ctypes/test_unicode.py'...
Compiling '/home/inrack/.local/cpython-3.14.7t/lib/python3.14t/test/test_ctypes/test_values.py'...
Compiling '/home/inrack/.local/cpython-3.14.7t/lib/python3.14t/test/test_ctypes/test_varsize_struct.py'...
Compiling '/home/inrack/.local/cpython-3.14.7t/lib/python3.14t/test/test_dtrace.py'...
Compiling '/home/inrack/.local/cpython-3.14.7t/lib/python3.14t/test/test_dynamic.py'...
Compiling '/home/inrack/.local/cpython-3.14.7t/lib/python3.14t/test/test_dynamicclassattribute.py'...
Compiling '/home/inrack/.local/cpython-3.14.7t/lib/python3.14t/test/test_eintr.py'...
Compiling '/home/inrack/.local/cpython-3.14.7t/lib/python3.14t/test/test_hash.py'...
Compiling '/home/inrack/.local/cpython-3.14.7t/lib/python3.14t/test/test_hashlib.py'...
Compiling '/home/inrack/.local/cpython-3.14.7t/lib/python3.14t/test/test_heapq.py'...
Compiling '/home/inrack/.local/cpython-3.14.7t/lib/python3.14t/test/test_hmac.py'...
Compiling '/home/inrack/.local/cpython-3.14.7t/lib/python3.14t/test/test_zipfile/_path/_functools.py'...
Compiling '/home/inrack/.local/cpython-3.14.7t/lib/python3.14t/test/test_zipfile/_path/_itertools.py'...
Compiling '/home/inrack/.local/cpython-3.14.7t/lib/python3.14t/test/test_zipfile/_path/_support.py'...
Compiling '/home/inrack/.local/cpython-3.14.7t/lib/python3.14t/test/test_zipfile/_path/_test_params.py'...
Compiling '/home/inrack/.local/cpython-3.14.7t/lib/python3.14t/test/test_zoneinfo/test_zoneinfo.py'...
Compiling '/home/inrack/.local/cpython-3.14.7t/lib/python3.14t/test/test_zoneinfo/test_zoneinfo_property.py'...
Compiling '/home/inrack/.local/cpython-3.14.7t/lib/python3.14t/test/test_zstd.py'...
Compiling '/home/inrack/.local/cpython-3.14.7t/lib/python3.14t/multiprocessing/process.py'...
Compiling '/home/inrack/.local/cpython-3.14.7t/lib/python3.14t/multiprocessing/queues.py'...
Compiling '/home/inrack/.local/cpython-3.14.7t/lib/python3.14t/multiprocessing/reduction.py'...
Compiling '/home/inrack/.local/cpython-3.14.7t/lib/python3.14t/multiprocessing/resource_sharer.py'...
Compiling '/home/inrack/.local/cpython-3.14.7t/lib/python3.14t/test/memory_watchdog.py'...
Compiling '/home/inrack/.local/cpython-3.14.7t/lib/python3.14t/test/mp_preload_large_sysargv.py'...
Compiling '/home/inrack/.local/cpython-3.14.7t/lib/python3.14t/test/mp_preload_main.py'...
Compiling '/home/inrack/.local/cpython-3.14.7t/lib/python3.14t/test/mp_preload_sysargv.py'...
Compiling '/home/inrack/.local/cpython-3.14.7t/lib/python3.14t/test/multibytecodec_support.py'...
Compiling '/home/inrack/.local/cpython-3.14.7t/lib/python3.14t/test/test_capi/test_time.py'...
Compiling '/home/inrack/.local/cpython-3.14.7t/lib/python3.14t/test/test_capi/test_tuple.py'...
Compiling '/home/inrack/.local/cpython-3.14.7t/lib/python3.14t/test/test_capi/test_type.py'...
Compiling '/home/inrack/.local/cpython-3.14.7t/lib/python3.14t/test/test_capi/test_unicode.py'...
Compiling '/home/inrack/.local/cpython-3.14.7t/lib/python3.14t/test/test_opcache.py'...
Compiling '/home/inrack/.local/cpython-3.14.7t/lib/python3.14t/test/test_opcodes.py'...
Compiling '/home/inrack/.local/cpython-3.14.7t/lib/python3.14t/test/test_openpty.py'...
Compiling '/home/inrack/.local/cpython-3.14.7t/lib/python3.14t/test/test_operator.py'...
Compiling '/home/inrack/.local/cpython-3.14.7t/lib/python3.14t/test/test_unittest/testmock/testmagicmethods.py'...
Compiling '/home/inrack/.local/cpython-3.14.7t/lib/python3.14t/test/test_unittest/testmock/testmock.py'...
Compiling '/home/inrack/.local/cpython-3.14.7t/lib/python3.14t/test/test_unittest/testmock/testpatch.py'...
Compiling '/home/inrack/.local/cpython-3.14.7t/lib/python3.14t/test/test_unittest/testmock/testsealable.py'...
Compiling '/home/inrack/.local/cpython-3.14.7t/lib/python3.14t/test/test_codecencodings_hk.py'...
Compiling '/home/inrack/.local/cpython-3.14.7t/lib/python3.14t/test/test_codecencodings_iso2022.py'...
Compiling '/home/inrack/.local/cpython-3.14.7t/lib/python3.14t/test/test_codecencodings_jp.py'...
Compiling '/home/inrack/.local/cpython-3.14.7t/lib/python3.14t/test/test_codecencodings_kr.py'...
Compiling '/home/inrack/.local/cpython-3.14.7t/lib/python3.14t/test/test_ctypes/test_frombuffer.py'...
Compiling '/home/inrack/.local/cpython-3.14.7t/lib/python3.14t/test/test_ctypes/test_funcptr.py'...
Compiling '/home/inrack/.local/cpython-3.14.7t/lib/python3.14t/test/test_ctypes/test_functions.py'...
Compiling '/home/inrack/.local/cpython-3.14.7t/lib/python3.14t/test/test_ctypes/test_generated_structs.py'...
Compiling '/home/inrack/.local/cpython-3.14.7t/lib/python3.14t/test/test_importlib/frozen/__main__.py'...
Compiling '/home/inrack/.local/cpython-3.14.7t/lib/python3.14t/test/test_importlib/frozen/test_finder.py'...
Compiling '/home/inrack/.local/cpython-3.14.7t/lib/python3.14t/test/test_importlib/frozen/test_loader.py'...
Compiling '/home/inrack/.local/cpython-3.14.7t/lib/python3.14t/test/test_importlib/import_/__init__.py'...
Compiling '/home/inrack/.local/cpython-3.14.7t/lib/python3.14t/test/test_interpreters/test_lifecycle.py'...
Compiling '/home/inrack/.local/cpython-3.14.7t/lib/python3.14t/test/test_interpreters/test_queues.py'...
Compiling '/home/inrack/.local/cpython-3.14.7t/lib/python3.14t/test/test_interpreters/test_stress.py'...
Compiling '/home/inrack/.local/cpython-3.14.7t/lib/python3.14t/test/test_interpreters/utils.py'...
Compiling '/home/inrack/.local/cpython-3.14.7t/lib/python3.14t/test/test_smtpnet.py'...
Compiling '/home/inrack/.local/cpython-3.14.7t/lib/python3.14t/test/test_socket.py'...
Compiling '/home/inrack/.local/cpython-3.14.7t/lib/python3.14t/test/test_socketserver.py'...
Compiling '/home/inrack/.local/cpython-3.14.7t/lib/python3.14t/test/test_sort.py'...
Compiling '/home/inrack/.local/cpython-3.14.7t/lib/python3.14t/test/test_asyncio/functional.py'...
Compiling '/home/inrack/.local/cpython-3.14.7t/lib/python3.14t/test/test_asyncio/test_base_events.py'...
Compiling '/home/inrack/.local/cpython-3.14.7t/lib/python3.14t/test/test_asyncio/test_buffered_proto.py'...
Compiling '/home/inrack/.local/cpython-3.14.7t/lib/python3.14t/test/test_asyncio/test_context.py'...
Compiling '/home/inrack/.local/cpython-3.14.7t/lib/python3.14t/test/test_importlib/resources/test_files.py'...
Compiling '/home/inrack/.local/cpython-3.14.7t/lib/python3.14t/test/test_importlib/resources/test_functional.py'...
Compiling '/home/inrack/.local/cpython-3.14.7t/lib/python3.14t/test/test_importlib/resources/test_open.py'...
Compiling '/home/inrack/.local/cpython-3.14.7t/lib/python3.14t/test/test_importlib/resources/test_path.py'...
Compiling '/home/inrack/.local/cpython-3.14.7t/lib/python3.14t/test/test_lltrace.py'...
Compiling '/home/inrack/.local/cpython-3.14.7t/lib/python3.14t/test/test_locale.py'...
Compiling '/home/inrack/.local/cpython-3.14.7t/lib/python3.14t/test/test_logging.py'...
Compiling '/home/inrack/.local/cpython-3.14.7t/lib/python3.14t/test/test_long.py'...
Compiling '/home/inrack/.local/cpython-3.14.7t/lib/python3.14t/tempfile.py'...
Compiling '/home/inrack/.local/cpython-3.14.7t/lib/python3.14t/test/__init__.py'...
Compiling '/home/inrack/.local/cpython-3.14.7t/lib/python3.14t/test/__main__.py'...
Compiling '/home/inrack/.local/cpython-3.14.7t/lib/python3.14t/test/test_asyncio/test_waitfor.py'...
Compiling '/home/inrack/.local/cpython-3.14.7t/lib/python3.14t/test/test_asyncio/test_windows_events.py'...
Compiling '/home/inrack/.local/cpython-3.14.7t/lib/python3.14t/test/test_asyncio/test_windows_utils.py'...
Compiling '/home/inrack/.local/cpython-3.14.7t/lib/python3.14t/test/test_asyncio/utils.py'...
Compiling '/home/inrack/.local/cpython-3.14.7t/lib/python3.14t/test/test_finalization.py'...
Compiling '/home/inrack/.local/cpython-3.14.7t/lib/python3.14t/test/test_float.py'...
Compiling '/home/inrack/.local/cpython-3.14.7t/lib/python3.14t/test/test_flufl.py'...
Compiling '/home/inrack/.local/cpython-3.14.7t/lib/python3.14t/test/test_fnmatch.py'...
Compiling '/home/inrack/.local/cpython-3.14.7t/lib/python3.14t/test/test_startfile.py'...
Compiling '/home/inrack/.local/cpython-3.14.7t/lib/python3.14t/test/test_stat.py'...
Compiling '/home/inrack/.local/cpython-3.14.7t/lib/python3.14t/test/test_statistics.py'...
Compiling '/home/inrack/.local/cpython-3.14.7t/lib/python3.14t/test/test_str.py'...
Compiling '/home/inrack/.local/cpython-3.14.7t/lib/python3.14t/asyncio/sslproto.py'...
Compiling '/home/inrack/.local/cpython-3.14.7t/lib/python3.14t/asyncio/staggered.py'...
Compiling '/home/inrack/.local/cpython-3.14.7t/lib/python3.14t/asyncio/streams.py'...
Compiling '/home/inrack/.local/cpython-3.14.7t/lib/python3.14t/asyncio/subprocess.py'...
Compiling '/home/inrack/.local/cpython-3.14.7t/lib/python3.14t/doctest.py'...
Compiling '/home/inrack/.local/cpython-3.14.7t/lib/python3.14t/email/__init__.py'...
Compiling '/home/inrack/.local/cpython-3.14.7t/lib/python3.14t/email/_encoded_words.py'...
Compiling '/home/inrack/.local/cpython-3.14.7t/lib/python3.14t/email/_header_value_parser.py'...
Compiling '/home/inrack/.local/cpython-3.14.7t/lib/python3.14t/test/test_ctypes/test_numbers.py'...
Compiling '/home/inrack/.local/cpython-3.14.7t/lib/python3.14t/test/test_ctypes/test_objects.py'...
Compiling '/home/inrack/.local/cpython-3.14.7t/lib/python3.14t/test/test_ctypes/test_parameters.py'...
Compiling '/home/inrack/.local/cpython-3.14.7t/lib/python3.14t/test/test_ctypes/test_pep3118.py'...
Compiling '/home/inrack/.local/cpython-3.14.7t/lib/python3.14t/test/test_free_threading/test_frame.py'...
Compiling '/home/inrack/.local/cpython-3.14.7t/lib/python3.14t/test/test_free_threading/test_func_annotations.py'...
Compiling '/home/inrack/.local/cpython-3.14.7t/lib/python3.14t/test/test_free_threading/test_functions.py'...
Compiling '/home/inrack/.local/cpython-3.14.7t/lib/python3.14t/test/test_free_threading/test_functools.py'...
Compiling '/home/inrack/.local/cpython-3.14.7t/lib/python3.14t/test/test_genericpath.py'...
Compiling '/home/inrack/.local/cpython-3.14.7t/lib/python3.14t/test/test_genexps.py'...
Compiling '/home/inrack/.local/cpython-3.14.7t/lib/python3.14t/test/test_getopt.py'...
Compiling '/home/inrack/.local/cpython-3.14.7t/lib/python3.14t/test/test_getpass.py'...
Compiling '/home/inrack/.local/cpython-3.14.7t/lib/python3.14t/test/test_pkg.py'...
Compiling '/home/inrack/.local/cpython-3.14.7t/lib/python3.14t/test/test_pkgutil.py'...
Compiling '/home/inrack/.local/cpython-3.14.7t/lib/python3.14t/test/test_platform.py'...
Compiling '/home/inrack/.local/cpython-3.14.7t/lib/python3.14t/test/test_plistlib.py'...
Compiling '/home/inrack/.local/cpython-3.14.7t/lib/python3.14t/test/test_warnings/__main__.py'...
Compiling '/home/inrack/.local/cpython-3.14.7t/lib/python3.14t/test/test_warnings/data/import_warning.py'...
Compiling '/home/inrack/.local/cpython-3.14.7t/lib/python3.14t/test/test_warnings/data/package_helper.py'...
Compiling '/home/inrack/.local/cpython-3.14.7t/lib/python3.14t/test/test_warnings/data/stacklevel.py'...
Compiling '/home/inrack/.local/cpython-3.14.7t/lib/python3.14t/test/test_xml_dom_xmlbuilder.py'...
Compiling '/home/inrack/.local/cpython-3.14.7t/lib/python3.14t/test/test_xml_etree.py'...
Compiling '/home/inrack/.local/cpython-3.14.7t/lib/python3.14t/test/test_xml_etree_c.py'...
Compiling '/home/inrack/.local/cpython-3.14.7t/lib/python3.14t/test/test_xmlrpc.py'...
Compiling '/home/inrack/.local/cpython-3.14.7t/lib/python3.14t/test/test_bytes.py'...
Compiling '/home/inrack/.local/cpython-3.14.7t/lib/python3.14t/test/test_bz2.py'...
Compiling '/home/inrack/.local/cpython-3.14.7t/lib/python3.14t/test/test_c_locale_coercion.py'...
Compiling '/home/inrack/.local/cpython-3.14.7t/lib/python3.14t/test/test_calendar.py'...
Compiling '/home/inrack/.local/cpython-3.14.7t/lib/python3.14t/test/test_wave.py'...
Compiling '/home/inrack/.local/cpython-3.14.7t/lib/python3.14t/test/test_weakref.py'...
Compiling '/home/inrack/.local/cpython-3.14.7t/lib/python3.14t/test/test_weakset.py'...
Compiling '/home/inrack/.local/cpython-3.14.7t/lib/python3.14t/test/test_webbrowser.py'...
Compiling '/home/inrack/.local/cpython-3.14.7t/lib/python3.14t/poplib.py'...
Compiling '/home/inrack/.local/cpython-3.14.7t/lib/python3.14t/posixpath.py'...
Compiling '/home/inrack/.local/cpython-3.14.7t/lib/python3.14t/pprint.py'...
Compiling '/home/inrack/.local/cpython-3.14.7t/lib/python3.14t/profile.py'...
Compiling '/home/inrack/.local/cpython-3.14.7t/lib/python3.14t/test/test_buffer.py'...
Compiling '/home/inrack/.local/cpython-3.14.7t/lib/python3.14t/test/test_bufio.py'...
Compiling '/home/inrack/.local/cpython-3.14.7t/lib/python3.14t/test/test_build_details.py'...
Compiling '/home/inrack/.local/cpython-3.14.7t/lib/python3.14t/test/test_builtin.py'...
Compiling '/home/inrack/.local/cpython-3.14.7t/lib/python3.14t/test/test_capi/test_codecs.py'...
Compiling '/home/inrack/.local/cpython-3.14.7t/lib/python3.14t/test/test_capi/test_complex.py'...
Compiling '/home/inrack/.local/cpython-3.14.7t/lib/python3.14t/test/test_capi/test_config.py'...
Compiling '/home/inrack/.local/cpython-3.14.7t/lib/python3.14t/test/test_capi/test_dict.py'...
Compiling '/home/inrack/.local/cpython-3.14.7t/lib/python3.14t/test/test_io.py'...
Compiling '/home/inrack/.local/cpython-3.14.7t/lib/python3.14t/test/test_ioctl.py'...
Compiling '/home/inrack/.local/cpython-3.14.7t/lib/python3.14t/test/test_ipaddress.py'...
Compiling '/home/inrack/.local/cpython-3.14.7t/lib/python3.14t/test/test_isinstance.py'...
Compiling '/home/inrack/.local/cpython-3.14.7t/lib/python3.14t/_ios_support.py'...
Compiling '/home/inrack/.local/cpython-3.14.7t/lib/python3.14t/_markupbase.py'...
Compiling '/home/inrack/.local/cpython-3.14.7t/lib/python3.14t/_opcode_metadata.py'...
Compiling '/home/inrack/.local/cpython-3.14.7t/lib/python3.14t/_osx_support.py'...
Compiling '/home/inrack/.local/cpython-3.14.7t/lib/python3.14t/concurrent/futures/interpreter.py'...
Compiling '/home/inrack/.local/cpython-3.14.7t/lib/python3.14t/concurrent/futures/process.py'...
Compiling '/home/inrack/.local/cpython-3.14.7t/lib/python3.14t/concurrent/futures/thread.py'...
Compiling '/home/inrack/.local/cpython-3.14.7t/lib/python3.14t/concurrent/interpreters/__init__.py'...
Compiling '/home/inrack/.local/cpython-3.14.7t/lib/python3.14t/html/entities.py'...
Compiling '/home/inrack/.local/cpython-3.14.7t/lib/python3.14t/html/parser.py'...
Compiling '/home/inrack/.local/cpython-3.14.7t/lib/python3.14t/http/__init__.py'...
Compiling '/home/inrack/.local/cpython-3.14.7t/lib/python3.14t/http/client.py'...
Compiling '/home/inrack/.local/cpython-3.14.7t/lib/python3.14t/test/test_capi/test_getargs.py'...
Compiling '/home/inrack/.local/cpython-3.14.7t/lib/python3.14t/test/test_capi/test_hash.py'...
Compiling '/home/inrack/.local/cpython-3.14.7t/lib/python3.14t/test/test_capi/test_immortal.py'...
Compiling '/home/inrack/.local/cpython-3.14.7t/lib/python3.14t/test/test_capi/test_import.py'...
Compiling '/home/inrack/.local/cpython-3.14.7t/lib/python3.14t/test/test_importlib/extension/test_finder.py'...
Compiling '/home/inrack/.local/cpython-3.14.7t/lib/python3.14t/test/test_importlib/extension/test_loader.py'...
Compiling '/home/inrack/.local/cpython-3.14.7t/lib/python3.14t/test/test_importlib/extension/test_path_hook.py'...
Compiling '/home/inrack/.local/cpython-3.14.7t/lib/python3.14t/test/test_importlib/frozen/__init__.py'...
Compiling '/home/inrack/.local/cpython-3.14.7t/lib/python3.14t/test/test_json/test_pass3.py'...
Compiling '/home/inrack/.local/cpython-3.14.7t/lib/python3.14t/test/test_json/test_pickleable.py'...
Compiling '/home/inrack/.local/cpython-3.14.7t/lib/python3.14t/test/test_json/test_recursion.py'...
Compiling '/home/inrack/.local/cpython-3.14.7t/lib/python3.14t/test/test_json/test_scanstring.py'...
Compiling '/home/inrack/.local/cpython-3.14.7t/lib/python3.14t/test/test_multiprocessing_forkserver/__init__.py'...
Compiling '/home/inrack/.local/cpython-3.14.7t/lib/python3.14t/test/test_multiprocessing_forkserver/test_manager.py'...
Compiling '/home/inrack/.local/cpython-3.14.7t/lib/python3.14t/test/test_multiprocessing_forkserver/test_misc.py'...
Compiling '/home/inrack/.local/cpython-3.14.7t/lib/python3.14t/test/test_multiprocessing_forkserver/test_processes.py'...
Compiling '/home/inrack/.local/cpython-3.14.7t/lib/python3.14t/test/test_osx_env.py'...
Compiling '/home/inrack/.local/cpython-3.14.7t/lib/python3.14t/test/test_pathlib/__init__.py'...
Compiling '/home/inrack/.local/cpython-3.14.7t/lib/python3.14t/test/test_pathlib/support/__init__.py'...
Compiling '/home/inrack/.local/cpython-3.14.7t/lib/python3.14t/test/test_pathlib/support/lexical_path.py'...
Compiling '/home/inrack/.local/cpython-3.14.7t/lib/python3.14t/test/test_peg_generator/test_grammar_validator.py'...
Compiling '/home/inrack/.local/cpython-3.14.7t/lib/python3.14t/test/test_peg_generator/test_pegen.py'...
Compiling '/home/inrack/.local/cpython-3.14.7t/lib/python3.14t/test/test_pep646_syntax.py'...
Compiling '/home/inrack/.local/cpython-3.14.7t/lib/python3.14t/test/test_perf_profiler.py'...
Compiling '/home/inrack/.local/cpython-3.14.7t/lib/python3.14t/test/test_tarfile.py'...
Compiling '/home/inrack/.local/cpython-3.14.7t/lib/python3.14t/test/test_tcl.py'...
Compiling '/home/inrack/.local/cpython-3.14.7t/lib/python3.14t/test/test_tempfile.py'...
Compiling '/home/inrack/.local/cpython-3.14.7t/lib/python3.14t/test/test_termios.py'...
Compiling '/home/inrack/.local/cpython-3.14.7t/lib/python3.14t/test/dtracedata/gc.py'...
Compiling '/home/inrack/.local/cpython-3.14.7t/lib/python3.14t/test/support/venv.py'...
Compiling '/home/inrack/.local/cpython-3.14.7t/lib/python3.14t/test/support/warnings_helper.py'...
Compiling '/home/inrack/.local/cpython-3.14.7t/lib/python3.14t/test/test___all__.py'...
Compiling '/home/inrack/.local/cpython-3.14.7t/lib/python3.14t/test/test__colorize.py'...
Compiling '/home/inrack/.local/cpython-3.14.7t/lib/python3.14t/test/test_code.py'...
Compiling '/home/inrack/.local/cpython-3.14.7t/lib/python3.14t/test/test_code_module.py'...
Compiling '/home/inrack/.local/cpython-3.14.7t/lib/python3.14t/test/test_codeccallbacks.py'...
Compiling '/home/inrack/.local/cpython-3.14.7t/lib/python3.14t/test/test_codecencodings_cn.py'...
Compiling '/home/inrack/.local/cpython-3.14.7t/lib/python3.14t/test/test_optimizer.py'...
Compiling '/home/inrack/.local/cpython-3.14.7t/lib/python3.14t/test/test_optparse.py'...
Compiling '/home/inrack/.local/cpython-3.14.7t/lib/python3.14t/test/test_ordered_dict.py'...
Compiling '/home/inrack/.local/cpython-3.14.7t/lib/python3.14t/test/test_os.py'...
Compiling '/home/inrack/.local/cpython-3.14.7t/lib/python3.14t/test/cov.py'...
Compiling '/home/inrack/.local/cpython-3.14.7t/lib/python3.14t/test/crashers/bogus_code_obj.py'...
Compiling '/home/inrack/.local/cpython-3.14.7t/lib/python3.14t/test/crashers/gc_inspection.py'...
Compiling '/home/inrack/.local/cpython-3.14.7t/lib/python3.14t/test/re_tests.py'...
Compiling '/home/inrack/.local/cpython-3.14.7t/lib/python3.14t/test/regrtest.py'...
Compiling '/home/inrack/.local/cpython-3.14.7t/lib/python3.14t/test/regrtestdata/import_from_tests/test_regrtest_a.py'...
Compiling '/home/inrack/.local/cpython-3.14.7t/lib/python3.14t/test/test_capi/test_watchers.py'...
Compiling '/home/inrack/.local/cpython-3.14.7t/lib/python3.14t/test/test_capi/test_weakref.py'...
Compiling '/home/inrack/.local/cpython-3.14.7t/lib/python3.14t/test/test_cext/__init__.py'...
Compiling '/home/inrack/.local/cpython-3.14.7t/lib/python3.14t/test/test_email/test__header_value_parser.py'...
Compiling '/home/inrack/.local/cpython-3.14.7t/lib/python3.14t/test/test_email/test_asian_codecs.py'...
Compiling '/home/inrack/.local/cpython-3.14.7t/lib/python3.14t/test/test_email/test_contentmanager.py'...
Compiling '/home/inrack/.local/cpython-3.14.7t/lib/python3.14t/test/test_email/test_defect_handling.py'...
Compiling '/home/inrack/.local/cpython-3.14.7t/lib/python3.14t/test/test_tools/i18n_data/custom_keywords.py'...
Compiling '/home/inrack/.local/cpython-3.14.7t/lib/python3.14t/test/test_tools/i18n_data/docstrings.py'...
Compiling '/home/inrack/.local/cpython-3.14.7t/lib/python3.14t/test/test_typechecks.py'...
Compiling '/home/inrack/.local/cpython-3.14.7t/lib/python3.14t/test/test_types.py'...
Compiling '/home/inrack/.local/cpython-3.14.7t/lib/python3.14t/test/test_typing.py'...
Compiling '/home/inrack/.local/cpython-3.14.7t/lib/python3.14t/test/test_ucn.py'...
Listing '/home/inrack/.local/cpython-3.14.7t/lib/python3.14t/test/test_cext'...
Listing '/home/inrack/.local/cpython-3.14.7t/lib/python3.14t/test/test_concurrent_futures'...
Listing '/home/inrack/.local/cpython-3.14.7t/lib/python3.14t/test/test_cppext'...
Listing '/home/inrack/.local/cpython-3.14.7t/lib/python3.14t/test/test_ctypes'...
Listing '/home/inrack/.local/cpython-3.14.7t/lib/python3.14t/test/test_dataclasses'...
Listing '/home/inrack/.local/cpython-3.14.7t/lib/python3.14t/test/test_doctest'...
Listing '/home/inrack/.local/cpython-3.14.7t/lib/python3.14t/test/test_email'...
Listing '/home/inrack/.local/cpython-3.14.7t/lib/python3.14t/test/test_email/data'...
Listing '/home/inrack/.local/cpython-3.14.7t/lib/python3.14t/test/test_free_threading'...
Listing '/home/inrack/.local/cpython-3.14.7t/lib/python3.14t/test/test_future_stmt'...
Listing '/home/inrack/.local/cpython-3.14.7t/lib/python3.14t/test/test_gdb'...
Listing '/home/inrack/.local/cpython-3.14.7t/lib/python3.14t/test/test_import'...
Listing '/home/inrack/.local/cpython-3.14.7t/lib/python3.14t/test/test_import/data'...
Listing '/home/inrack/.local/cpython-3.14.7t/lib/python3.14t/test/test_import/data/circular_imports'...
Listing '/home/inrack/.local/cpython-3.14.7t/lib/python3.14t/test/test_import/data/circular_imports/subpkg'...
Listing '/home/inrack/.local/cpython-3.14.7t/lib/python3.14t/test/test_import/data/circular_imports/subpkg2'...
Listing '/home/inrack/.local/cpython-3.14.7t/lib/python3.14t/test/test_import/data/circular_imports/subpkg2/parent'...
Listing '/home/inrack/.local/cpython-3.14.7t/lib/python3.14t/test/test_import/data/package'...
Listing '/home/inrack/.local/cpython-3.14.7t/lib/python3.14t/test/test_import/data/package2'...
Listing '/home/inrack/.local/cpython-3.14.7t/lib/python3.14t/test/test_import/data/package3'...
Listing '/home/inrack/.local/cpython-3.14.7t/lib/python3.14t/test/test_import/data/package4'...
Listing '/home/inrack/.local/cpython-3.14.7t/lib/python3.14t/test/test_import/data/unwritable'...
Listing '/home/inrack/.local/cpython-3.14.7t/lib/python3.14t/test/test_importlib'...
Listing '/home/inrack/.local/cpython-3.14.7t/lib/python3.14t/test/test_importlib/builtin'...
Listing '/home/inrack/.local/cpython-3.14.7t/lib/python3.14t/test/test_importlib/extension'...
Listing '/home/inrack/.local/cpython-3.14.7t/lib/python3.14t/test/test_importlib/frozen'...
Listing '/home/inrack/.local/cpython-3.14.7t/lib/python3.14t/test/test_importlib/import_'...
Listing '/home/inrack/.local/cpython-3.14.7t/lib/python3.14t/test/test_importlib/metadata'...
Listing '/home/inrack/.local/cpython-3.14.7t/lib/python3.14t/test/test_importlib/metadata/data'...
Listing '/home/inrack/.local/cpython-3.14.7t/lib/python3.14t/test/test_importlib/metadata/data/sources'...
Listing '/home/inrack/.local/cpython-3.14.7t/lib/python3.14t/test/test_importlib/metadata/data/sources/example'...
Listing '/home/inrack/.local/cpython-3.14.7t/lib/python3.14t/test/test_importlib/metadata/data/sources/example/example'...
Listing '/home/inrack/.local/cpython-3.14.7t/lib/python3.14t/test/test_importlib/metadata/data/sources/example2'...
Listing '/home/inrack/.local/cpython-3.14.7t/lib/python3.14t/test/test_importlib/metadata/data/sources/example2/example2'...
Listing '/home/inrack/.local/cpython-3.14.7t/lib/python3.14t/test/test_importlib/namespace_pkgs'...
Listing '/home/inrack/.local/cpython-3.14.7t/lib/python3.14t/test/test_importlib/namespace_pkgs/both_portions'...
Listing '/home/inrack/.local/cpython-3.14.7t/lib/python3.14t/test/test_importlib/namespace_pkgs/both_portions/foo'...
Listing '/home/inrack/.local/cpython-3.14.7t/lib/python3.14t/test/test_importlib/namespace_pkgs/module_and_namespace_package'...
Listing '/home/inrack/.local/cpython-3.14.7t/lib/python3.14t/test/test_importlib/namespace_pkgs/module_and_namespace_package/a_test'...
Listing '/home/inrack/.local/cpython-3.14.7t/lib/python3.14t/test/test_importlib/namespace_pkgs/not_a_namespace_pkg'...
Listing '/home/inrack/.local/cpython-3.14.7t/lib/python3.14t/test/test_importlib/namespace_pkgs/not_a_namespace_pkg/foo'...
Listing '/home/inrack/.local/cpython-3.14.7t/lib/python3.14t/test/test_importlib/namespace_pkgs/portion1'...
Listing '/home/inrack/.local/cpython-3.14.7t/lib/python3.14t/test/test_importlib/namespace_pkgs/portion1/foo'...
Listing '/home/inrack/.local/cpython-3.14.7t/lib/python3.14t/test/test_importlib/namespace_pkgs/portion2'...
Listing '/home/inrack/.local/cpython-3.14.7t/lib/python3.14t/test/test_importlib/namespace_pkgs/portion2/foo'...
Listing '/home/inrack/.local/cpython-3.14.7t/lib/python3.14t/test/test_importlib/namespace_pkgs/project1'...
Listing '/home/inrack/.local/cpython-3.14.7t/lib/python3.14t/test/test_importlib/namespace_pkgs/project1/parent'...
Listing '/home/inrack/.local/cpython-3.14.7t/lib/python3.14t/test/test_importlib/namespace_pkgs/project1/parent/child'...
Listing '/home/inrack/.local/cpython-3.14.7t/lib/python3.14t/test/test_importlib/namespace_pkgs/project2'...
Listing '/home/inrack/.local/cpython-3.14.7t/lib/python3.14t/test/test_importlib/namespace_pkgs/project2/parent'...
Listing '/home/inrack/.local/cpython-3.14.7t/lib/python3.14t/test/test_importlib/namespace_pkgs/project2/parent/child'...
Listing '/home/inrack/.local/cpython-3.14.7t/lib/python3.14t/test/test_importlib/namespace_pkgs/project3'...
Listing '/home/inrack/.local/cpython-3.14.7t/lib/python3.14t/test/test_importlib/namespace_pkgs/project3/parent'...
Listing '/home/inrack/.local/cpython-3.14.7t/lib/python3.14t/test/test_importlib/namespace_pkgs/project3/parent/child'...
Listing '/home/inrack/.local/cpython-3.14.7t/lib/python3.14t/test/test_importlib/partial'...
Listing '/home/inrack/.local/cpython-3.14.7t/lib/python3.14t/test/test_importlib/resources'...
Listing '/home/inrack/.local/cpython-3.14.7t/lib/python3.14t/test/test_importlib/source'...
Listing '/home/inrack/.local/cpython-3.14.7t/lib/python3.14t/test/test_inspect'...
Listing '/home/inrack/.local/cpython-3.14.7t/lib/python3.14t/test/test_interpreters'...
Listing '/home/inrack/.local/cpython-3.14.7t/lib/python3.14t/test/test_json'...
Listing '/home/inrack/.local/cpython-3.14.7t/lib/python3.14t/test/test_module'...
Listing '/home/inrack/.local/cpython-3.14.7t/lib/python3.14t/test/test_multiprocessing_fork'...
Listing '/home/inrack/.local/cpython-3.14.7t/lib/python3.14t/test/test_multiprocessing_forkserver'...
Listing '/home/inrack/.local/cpython-3.14.7t/lib/python3.14t/test/test_multiprocessing_spawn'...
Listing '/home/inrack/.local/cpython-3.14.7t/lib/python3.14t/test/test_pathlib'...
Listing '/home/inrack/.local/cpython-3.14.7t/lib/python3.14t/test/test_pathlib/support'...
Listing '/home/inrack/.local/cpython-3.14.7t/lib/python3.14t/test/test_peg_generator'...
Listing '/home/inrack/.local/cpython-3.14.7t/lib/python3.14t/test/test_pydoc'...
Listing '/home/inrack/.local/cpython-3.14.7t/lib/python3.14t/test/test_pyrepl'...
Listing '/home/inrack/.local/cpython-3.14.7t/lib/python3.14t/test/test_sqlite3'...
Listing '/home/inrack/.local/cpython-3.14.7t/lib/python3.14t/test/test_string'...
Listing '/home/inrack/.local/cpython-3.14.7t/lib/python3.14t/test/test_tkinter'...
Listing '/home/inrack/.local/cpython-3.14.7t/lib/python3.14t/test/test_tomllib'...
Listing '/home/inrack/.local/cpython-3.14.7t/lib/python3.14t/test/test_tomllib/data'...
Listing '/home/inrack/.local/cpython-3.14.7t/lib/python3.14t/test/test_tomllib/data/invalid'...
Listing '/home/inrack/.local/cpython-3.14.7t/lib/python3.14t/test/test_tomllib/data/invalid/array'...
Listing '/home/inrack/.local/cpython-3.14.7t/lib/python3.14t/test/test_tomllib/data/invalid/array-of-tables'...
Listing '/home/inrack/.local/cpython-3.14.7t/lib/python3.14t/test/test_tomllib/data/invalid/boolean'...
Listing '/home/inrack/.local/cpython-3.14.7t/lib/python3.14t/test/test_tomllib/data/invalid/dates-and-times'...
Listing '/home/inrack/.local/cpython-3.14.7t/lib/python3.14t/test/test_tomllib/data/invalid/dotted-keys'...
Listing '/home/inrack/.local/cpython-3.14.7t/lib/python3.14t/test/test_tomllib/data/invalid/inline-table'...
Listing '/home/inrack/.local/cpython-3.14.7t/lib/python3.14t/test/test_tomllib/data/invalid/keys-and-vals'...
Listing '/home/inrack/.local/cpython-3.14.7t/lib/python3.14t/test/test_tomllib/data/invalid/literal-str'...
Listing '/home/inrack/.local/cpython-3.14.7t/lib/python3.14t/test/test_tomllib/data/invalid/multiline-basic-str'...
Listing '/home/inrack/.local/cpython-3.14.7t/lib/python3.14t/test/test_tomllib/data/invalid/multiline-literal-str'...
Listing '/home/inrack/.local/cpython-3.14.7t/lib/python3.14t/test/test_tomllib/data/invalid/table'...
Listing '/home/inrack/.local/cpython-3.14.7t/lib/python3.14t/test/test_tomllib/data/valid'...
Listing '/home/inrack/.local/cpython-3.14.7t/lib/python3.14t/test/test_tomllib/data/valid/array'...
Listing '/home/inrack/.local/cpython-3.14.7t/lib/python3.14t/test/test_tomllib/data/valid/dates-and-times'...
Listing '/home/inrack/.local/cpython-3.14.7t/lib/python3.14t/test/test_tomllib/data/valid/multiline-basic-str'...
Listing '/home/inrack/.local/cpython-3.14.7t/lib/python3.14t/test/test_tools'...
Listing '/home/inrack/.local/cpython-3.14.7t/lib/python3.14t/test/test_tools/i18n_data'...
Listing '/home/inrack/.local/cpython-3.14.7t/lib/python3.14t/test/test_tools/msgfmt_data'...
Listing '/home/inrack/.local/cpython-3.14.7t/lib/python3.14t/test/test_ttk'...
Listing '/home/inrack/.local/cpython-3.14.7t/lib/python3.14t/test/test_unittest'...
Listing '/home/inrack/.local/cpython-3.14.7t/lib/python3.14t/test/test_unittest/namespace_test_pkg'...
Listing '/home/inrack/.local/cpython-3.14.7t/lib/python3.14t/test/test_unittest/namespace_test_pkg/bar'...
Listing '/home/inrack/.local/cpython-3.14.7t/lib/python3.14t/test/test_unittest/namespace_test_pkg/noop'...
Listing '/home/inrack/.local/cpython-3.14.7t/lib/python3.14t/test/test_unittest/namespace_test_pkg/noop/no2'...
Listing '/home/inrack/.local/cpython-3.14.7t/lib/python3.14t/test/test_unittest/testmock'...
Listing '/home/inrack/.local/cpython-3.14.7t/lib/python3.14t/test/test_warnings'...
Listing '/home/inrack/.local/cpython-3.14.7t/lib/python3.14t/test/test_warnings/data'...
Listing '/home/inrack/.local/cpython-3.14.7t/lib/python3.14t/test/test_zipfile'...
Listing '/home/inrack/.local/cpython-3.14.7t/lib/python3.14t/test/test_zipfile/_path'...
Listing '/home/inrack/.local/cpython-3.14.7t/lib/python3.14t/test/test_zoneinfo'...
Listing '/home/inrack/.local/cpython-3.14.7t/lib/python3.14t/test/test_zoneinfo/data'...
Listing '/home/inrack/.local/cpython-3.14.7t/lib/python3.14t/test/tkinterdata'...
Listing '/home/inrack/.local/cpython-3.14.7t/lib/python3.14t/test/tokenizedata'...
Listing '/home/inrack/.local/cpython-3.14.7t/lib/python3.14t/test/tracedmodules'...
Listing '/home/inrack/.local/cpython-3.14.7t/lib/python3.14t/test/translationdata'...
Listing '/home/inrack/.local/cpython-3.14.7t/lib/python3.14t/test/translationdata/argparse'...
Listing '/home/inrack/.local/cpython-3.14.7t/lib/python3.14t/test/translationdata/getopt'...
Listing '/home/inrack/.local/cpython-3.14.7t/lib/python3.14t/test/translationdata/optparse'...
Listing '/home/inrack/.local/cpython-3.14.7t/lib/python3.14t/test/typinganndata'...
Listing '/home/inrack/.local/cpython-3.14.7t/lib/python3.14t/test/typinganndata/partialexecution'...
Listing '/home/inrack/.local/cpython-3.14.7t/lib/python3.14t/test/wheeldata'...
Listing '/home/inrack/.local/cpython-3.14.7t/lib/python3.14t/test/xmltestdata'...
Listing '/home/inrack/.local/cpython-3.14.7t/lib/python3.14t/test/xmltestdata/c14n-20'...
Listing '/home/inrack/.local/cpython-3.14.7t/lib/python3.14t/test/zipimport_data'...
Listing '/home/inrack/.local/cpython-3.14.7t/lib/python3.14t/tkinter'...
Listing '/home/inrack/.local/cpython-3.14.7t/lib/python3.14t/tomllib'...
Listing '/home/inrack/.local/cpython-3.14.7t/lib/python3.14t/turtledemo'...
Listing '/home/inrack/.local/cpython-3.14.7t/lib/python3.14t/unittest'...
Listing '/home/inrack/.local/cpython-3.14.7t/lib/python3.14t/urllib'...
Listing '/home/inrack/.local/cpython-3.14.7t/lib/python3.14t/venv'...
Listing '/home/inrack/.local/cpython-3.14.7t/lib/python3.14t/venv/scripts'...
Listing '/home/inrack/.local/cpython-3.14.7t/lib/python3.14t/venv/scripts/common'...
Listing '/home/inrack/.local/cpython-3.14.7t/lib/python3.14t/venv/scripts/posix'...
Listing '/home/inrack/.local/cpython-3.14.7t/lib/python3.14t/wsgiref'...
Listing '/home/inrack/.local/cpython-3.14.7t/lib/python3.14t/xml'...
Listing '/home/inrack/.local/cpython-3.14.7t/lib/python3.14t/xml/dom'...
Listing '/home/inrack/.local/cpython-3.14.7t/lib/python3.14t/xml/etree'...
Listing '/home/inrack/.local/cpython-3.14.7t/lib/python3.14t/xml/parsers'...
Listing '/home/inrack/.local/cpython-3.14.7t/lib/python3.14t/xml/sax'...
Listing '/home/inrack/.local/cpython-3.14.7t/lib/python3.14t/xmlrpc'...
Listing '/home/inrack/.local/cpython-3.14.7t/lib/python3.14t/zipfile'...
Listing '/home/inrack/.local/cpython-3.14.7t/lib/python3.14t/zipfile/_path'...
Listing '/home/inrack/.local/cpython-3.14.7t/lib/python3.14t/zoneinfo'...
PYTHONPATH=/home/inrack/.local/cpython-3.14.7t/lib/python3.14t  \
	./python -E -Wi /home/inrack/.local/cpython-3.14.7t/lib/python3.14t/compileall.py \
	-o 0 -o 1 -o 2 -j0 -d /home/inrack/.local/cpython-3.14.7t/lib/python3.14t/site-packages -f \
	-x badsyntax /home/inrack/.local/cpython-3.14.7t/lib/python3.14t/site-packages
Listing '/home/inrack/.local/cpython-3.14.7t/lib/python3.14t/site-packages'...
Creating directory /home/inrack/.local/cpython-3.14.7t/include
Creating directory /home/inrack/.local/cpython-3.14.7t/include/python3.14t
Creating directory /home/inrack/.local/cpython-3.14.7t/include/python3.14t/cpython
Creating directory /home/inrack/.local/cpython-3.14.7t/include/python3.14t/internal
Creating directory /home/inrack/.local/cpython-3.14.7t/include/python3.14t/internal/mimalloc/mimalloc
/usr/bin/install -c -m 644 ./Include/Python.h /home/inrack/.local/cpython-3.14.7t/include/python3.14t
/usr/bin/install -c -m 644 ./Include/abstract.h /home/inrack/.local/cpython-3.14.7t/include/python3.14t
/usr/bin/install -c -m 644 ./Include/audit.h /home/inrack/.local/cpython-3.14.7t/include/python3.14t
/usr/bin/install -c -m 644 ./Include/bltinmodule.h /home/inrack/.local/cpython-3.14.7t/include/python3.14t
/usr/bin/install -c -m 644 ./Include/boolobject.h /home/inrack/.local/cpython-3.14.7t/include/python3.14t
/usr/bin/install -c -m 644 ./Include/bytearrayobject.h /home/inrack/.local/cpython-3.14.7t/include/python3.14t
/usr/bin/install -c -m 644 ./Include/bytesobject.h /home/inrack/.local/cpython-3.14.7t/include/python3.14t
/usr/bin/install -c -m 644 ./Include/ceval.h /home/inrack/.local/cpython-3.14.7t/include/python3.14t
/usr/bin/install -c -m 644 ./Include/codecs.h /home/inrack/.local/cpython-3.14.7t/include/python3.14t
/usr/bin/install -c -m 644 ./Include/compile.h /home/inrack/.local/cpython-3.14.7t/include/python3.14t
/usr/bin/install -c -m 644 ./Include/complexobject.h /home/inrack/.local/cpython-3.14.7t/include/python3.14t
/usr/bin/install -c -m 644 ./Include/critical_section.h /home/inrack/.local/cpython-3.14.7t/include/python3.14t
/usr/bin/install -c -m 644 ./Include/datetime.h /home/inrack/.local/cpython-3.14.7t/include/python3.14t
/usr/bin/install -c -m 644 ./Include/descrobject.h /home/inrack/.local/cpython-3.14.7t/include/python3.14t
/usr/bin/install -c -m 644 ./Include/dictobject.h /home/inrack/.local/cpython-3.14.7t/include/python3.14t
/usr/bin/install -c -m 644 ./Include/dynamic_annotations.h /home/inrack/.local/cpython-3.14.7t/include/python3.14t
/usr/bin/install -c -m 644 ./Include/enumobject.h /home/inrack/.local/cpython-3.14.7t/include/python3.14t
/usr/bin/install -c -m 644 ./Include/errcode.h /home/inrack/.local/cpython-3.14.7t/include/python3.14t
/usr/bin/install -c -m 644 ./Include/exports.h /home/inrack/.local/cpython-3.14.7t/include/python3.14t
/usr/bin/install -c -m 644 ./Include/fileobject.h /home/inrack/.local/cpython-3.14.7t/include/python3.14t
/usr/bin/install -c -m 644 ./Include/fileutils.h /home/inrack/.local/cpython-3.14.7t/include/python3.14t
/usr/bin/install -c -m 644 ./Include/floatobject.h /home/inrack/.local/cpython-3.14.7t/include/python3.14t
/usr/bin/install -c -m 644 ./Include/frameobject.h /home/inrack/.local/cpython-3.14.7t/include/python3.14t
/usr/bin/install -c -m 644 ./Include/genericaliasobject.h /home/inrack/.local/cpython-3.14.7t/include/python3.14t
/usr/bin/install -c -m 644 ./Include/import.h /home/inrack/.local/cpython-3.14.7t/include/python3.14t
/usr/bin/install -c -m 644 ./Include/intrcheck.h /home/inrack/.local/cpython-3.14.7t/include/python3.14t
/usr/bin/install -c -m 644 ./Include/iterobject.h /home/inrack/.local/cpython-3.14.7t/include/python3.14t
/usr/bin/install -c -m 644 ./Include/listobject.h /home/inrack/.local/cpython-3.14.7t/include/python3.14t
/usr/bin/install -c -m 644 ./Include/lock.h /home/inrack/.local/cpython-3.14.7t/include/python3.14t
/usr/bin/install -c -m 644 ./Include/longobject.h /home/inrack/.local/cpython-3.14.7t/include/python3.14t
/usr/bin/install -c -m 644 ./Include/marshal.h /home/inrack/.local/cpython-3.14.7t/include/python3.14t
/usr/bin/install -c -m 644 ./Include/memoryobject.h /home/inrack/.local/cpython-3.14.7t/include/python3.14t
/usr/bin/install -c -m 644 ./Include/methodobject.h /home/inrack/.local/cpython-3.14.7t/include/python3.14t
/usr/bin/install -c -m 644 ./Include/modsupport.h /home/inrack/.local/cpython-3.14.7t/include/python3.14t
/usr/bin/install -c -m 644 ./Include/moduleobject.h /home/inrack/.local/cpython-3.14.7t/include/python3.14t
/usr/bin/install -c -m 644 ./Include/monitoring.h /home/inrack/.local/cpython-3.14.7t/include/python3.14t
/usr/bin/install -c -m 644 ./Include/object.h /home/inrack/.local/cpython-3.14.7t/include/python3.14t
/usr/bin/install -c -m 644 ./Include/objimpl.h /home/inrack/.local/cpython-3.14.7t/include/python3.14t
/usr/bin/install -c -m 644 ./Include/opcode.h /home/inrack/.local/cpython-3.14.7t/include/python3.14t
/usr/bin/install -c -m 644 ./Include/opcode_ids.h /home/inrack/.local/cpython-3.14.7t/include/python3.14t
/usr/bin/install -c -m 644 ./Include/osdefs.h /home/inrack/.local/cpython-3.14.7t/include/python3.14t
/usr/bin/install -c -m 644 ./Include/osmodule.h /home/inrack/.local/cpython-3.14.7t/include/python3.14t
/usr/bin/install -c -m 644 ./Include/patchlevel.h /home/inrack/.local/cpython-3.14.7t/include/python3.14t
/usr/bin/install -c -m 644 ./Include/py_curses.h /home/inrack/.local/cpython-3.14.7t/include/python3.14t
/usr/bin/install -c -m 644 ./Include/pyatomic.h /home/inrack/.local/cpython-3.14.7t/include/python3.14t
/usr/bin/install -c -m 644 ./Include/pybuffer.h /home/inrack/.local/cpython-3.14.7t/include/python3.14t
/usr/bin/install -c -m 644 ./Include/pycapsule.h /home/inrack/.local/cpython-3.14.7t/include/python3.14t
/usr/bin/install -c -m 644 ./Include/pydtrace.h /home/inrack/.local/cpython-3.14.7t/include/python3.14t
/usr/bin/install -c -m 644 ./Include/pyerrors.h /home/inrack/.local/cpython-3.14.7t/include/python3.14t
/usr/bin/install -c -m 644 ./Include/pyexpat.h /home/inrack/.local/cpython-3.14.7t/include/python3.14t
/usr/bin/install -c -m 644 ./Include/pyframe.h /home/inrack/.local/cpython-3.14.7t/include/python3.14t
/usr/bin/install -c -m 644 ./Include/pyhash.h /home/inrack/.local/cpython-3.14.7t/include/python3.14t
/usr/bin/install -c -m 644 ./Include/pylifecycle.h /home/inrack/.local/cpython-3.14.7t/include/python3.14t
/usr/bin/install -c -m 644 ./Include/pymacconfig.h /home/inrack/.local/cpython-3.14.7t/include/python3.14t
/usr/bin/install -c -m 644 ./Include/pymacro.h /home/inrack/.local/cpython-3.14.7t/include/python3.14t
/usr/bin/install -c -m 644 ./Include/pymath.h /home/inrack/.local/cpython-3.14.7t/include/python3.14t
/usr/bin/install -c -m 644 ./Include/pymem.h /home/inrack/.local/cpython-3.14.7t/include/python3.14t
/usr/bin/install -c -m 644 ./Include/pyport.h /home/inrack/.local/cpython-3.14.7t/include/python3.14t
/usr/bin/install -c -m 644 ./Include/pystate.h /home/inrack/.local/cpython-3.14.7t/include/python3.14t
/usr/bin/install -c -m 644 ./Include/pystats.h /home/inrack/.local/cpython-3.14.7t/include/python3.14t
/usr/bin/install -c -m 644 ./Include/pystrcmp.h /home/inrack/.local/cpython-3.14.7t/include/python3.14t
/usr/bin/install -c -m 644 ./Include/pystrtod.h /home/inrack/.local/cpython-3.14.7t/include/python3.14t
/usr/bin/install -c -m 644 ./Include/pythonrun.h /home/inrack/.local/cpython-3.14.7t/include/python3.14t
/usr/bin/install -c -m 644 ./Include/pythread.h /home/inrack/.local/cpython-3.14.7t/include/python3.14t
/usr/bin/install -c -m 644 ./Include/pytypedefs.h /home/inrack/.local/cpython-3.14.7t/include/python3.14t
/usr/bin/install -c -m 644 ./Include/rangeobject.h /home/inrack/.local/cpython-3.14.7t/include/python3.14t
/usr/bin/install -c -m 644 ./Include/refcount.h /home/inrack/.local/cpython-3.14.7t/include/python3.14t
/usr/bin/install -c -m 644 ./Include/setobject.h /home/inrack/.local/cpython-3.14.7t/include/python3.14t
/usr/bin/install -c -m 644 ./Include/sliceobject.h /home/inrack/.local/cpython-3.14.7t/include/python3.14t
/usr/bin/install -c -m 644 ./Include/structmember.h /home/inrack/.local/cpython-3.14.7t/include/python3.14t
/usr/bin/install -c -m 644 ./Include/structseq.h /home/inrack/.local/cpython-3.14.7t/include/python3.14t
/usr/bin/install -c -m 644 ./Include/sysmodule.h /home/inrack/.local/cpython-3.14.7t/include/python3.14t
/usr/bin/install -c -m 644 ./Include/traceback.h /home/inrack/.local/cpython-3.14.7t/include/python3.14t
/usr/bin/install -c -m 644 ./Include/tupleobject.h /home/inrack/.local/cpython-3.14.7t/include/python3.14t
/usr/bin/install -c -m 644 ./Include/typeslots.h /home/inrack/.local/cpython-3.14.7t/include/python3.14t
/usr/bin/install -c -m 644 ./Include/unicodeobject.h /home/inrack/.local/cpython-3.14.7t/include/python3.14t
/usr/bin/install -c -m 644 ./Include/warnings.h /home/inrack/.local/cpython-3.14.7t/include/python3.14t
/usr/bin/install -c -m 644 ./Include/weakrefobject.h /home/inrack/.local/cpython-3.14.7t/include/python3.14t
/usr/bin/install -c -m 644 ./Include/cpython/abstract.h /home/inrack/.local/cpython-3.14.7t/include/python3.14t/cpython
/usr/bin/install -c -m 644 ./Include/cpython/audit.h /home/inrack/.local/cpython-3.14.7t/include/python3.14t/cpython
/usr/bin/install -c -m 644 ./Include/cpython/bytearrayobject.h /home/inrack/.local/cpython-3.14.7t/include/python3.14t/cpython
/usr/bin/install -c -m 644 ./Include/cpython/bytesobject.h /home/inrack/.local/cpython-3.14.7t/include/python3.14t/cpython
/usr/bin/install -c -m 644 ./Include/cpython/cellobject.h /home/inrack/.local/cpython-3.14.7t/include/python3.14t/cpython
/usr/bin/install -c -m 644 ./Include/cpython/ceval.h /home/inrack/.local/cpython-3.14.7t/include/python3.14t/cpython
/usr/bin/install -c -m 644 ./Include/cpython/classobject.h /home/inrack/.local/cpython-3.14.7t/include/python3.14t/cpython
/usr/bin/install -c -m 644 ./Include/cpython/code.h /home/inrack/.local/cpython-3.14.7t/include/python3.14t/cpython
/usr/bin/install -c -m 644 ./Include/cpython/compile.h /home/inrack/.local/cpython-3.14.7t/include/python3.14t/cpython
/usr/bin/install -c -m 644 ./Include/cpython/complexobject.h /home/inrack/.local/cpython-3.14.7t/include/python3.14t/cpython
/usr/bin/install -c -m 644 ./Include/cpython/context.h /home/inrack/.local/cpython-3.14.7t/include/python3.14t/cpython
/usr/bin/install -c -m 644 ./Include/cpython/critical_section.h /home/inrack/.local/cpython-3.14.7t/include/python3.14t/cpython
/usr/bin/install -c -m 644 ./Include/cpython/descrobject.h /home/inrack/.local/cpython-3.14.7t/include/python3.14t/cpython
/usr/bin/install -c -m 644 ./Include/cpython/dictobject.h /home/inrack/.local/cpython-3.14.7t/include/python3.14t/cpython
/usr/bin/install -c -m 644 ./Include/cpython/fileobject.h /home/inrack/.local/cpython-3.14.7t/include/python3.14t/cpython
/usr/bin/install -c -m 644 ./Include/cpython/fileutils.h /home/inrack/.local/cpython-3.14.7t/include/python3.14t/cpython
/usr/bin/install -c -m 644 ./Include/cpython/floatobject.h /home/inrack/.local/cpython-3.14.7t/include/python3.14t/cpython
/usr/bin/install -c -m 644 ./Include/cpython/frameobject.h /home/inrack/.local/cpython-3.14.7t/include/python3.14t/cpython
/usr/bin/install -c -m 644 ./Include/cpython/funcobject.h /home/inrack/.local/cpython-3.14.7t/include/python3.14t/cpython
/usr/bin/install -c -m 644 ./Include/cpython/genobject.h /home/inrack/.local/cpython-3.14.7t/include/python3.14t/cpython
/usr/bin/install -c -m 644 ./Include/cpython/import.h /home/inrack/.local/cpython-3.14.7t/include/python3.14t/cpython
/usr/bin/install -c -m 644 ./Include/cpython/initconfig.h /home/inrack/.local/cpython-3.14.7t/include/python3.14t/cpython
/usr/bin/install -c -m 644 ./Include/cpython/listobject.h /home/inrack/.local/cpython-3.14.7t/include/python3.14t/cpython
/usr/bin/install -c -m 644 ./Include/cpython/lock.h /home/inrack/.local/cpython-3.14.7t/include/python3.14t/cpython
/usr/bin/install -c -m 644 ./Include/cpython/longintrepr.h /home/inrack/.local/cpython-3.14.7t/include/python3.14t/cpython
/usr/bin/install -c -m 644 ./Include/cpython/longobject.h /home/inrack/.local/cpython-3.14.7t/include/python3.14t/cpython
/usr/bin/install -c -m 644 ./Include/cpython/memoryobject.h /home/inrack/.local/cpython-3.14.7t/include/python3.14t/cpython
/usr/bin/install -c -m 644 ./Include/cpython/methodobject.h /home/inrack/.local/cpython-3.14.7t/include/python3.14t/cpython
/usr/bin/install -c -m 644 ./Include/cpython/modsupport.h /home/inrack/.local/cpython-3.14.7t/include/python3.14t/cpython
/usr/bin/install -c -m 644 ./Include/cpython/monitoring.h /home/inrack/.local/cpython-3.14.7t/include/python3.14t/cpython
/usr/bin/install -c -m 644 ./Include/cpython/object.h /home/inrack/.local/cpython-3.14.7t/include/python3.14t/cpython
/usr/bin/install -c -m 644 ./Include/cpython/objimpl.h /home/inrack/.local/cpython-3.14.7t/include/python3.14t/cpython
/usr/bin/install -c -m 644 ./Include/cpython/odictobject.h /home/inrack/.local/cpython-3.14.7t/include/python3.14t/cpython
/usr/bin/install -c -m 644 ./Include/cpython/picklebufobject.h /home/inrack/.local/cpython-3.14.7t/include/python3.14t/cpython
/usr/bin/install -c -m 644 ./Include/cpython/pthread_stubs.h /home/inrack/.local/cpython-3.14.7t/include/python3.14t/cpython
/usr/bin/install -c -m 644 ./Include/cpython/pyatomic.h /home/inrack/.local/cpython-3.14.7t/include/python3.14t/cpython
/usr/bin/install -c -m 644 ./Include/cpython/pyatomic_gcc.h /home/inrack/.local/cpython-3.14.7t/include/python3.14t/cpython
/usr/bin/install -c -m 644 ./Include/cpython/pyatomic_msc.h /home/inrack/.local/cpython-3.14.7t/include/python3.14t/cpython
/usr/bin/install -c -m 644 ./Include/cpython/pyatomic_std.h /home/inrack/.local/cpython-3.14.7t/include/python3.14t/cpython
/usr/bin/install -c -m 644 ./Include/cpython/pyctype.h /home/inrack/.local/cpython-3.14.7t/include/python3.14t/cpython
/usr/bin/install -c -m 644 ./Include/cpython/pydebug.h /home/inrack/.local/cpython-3.14.7t/include/python3.14t/cpython
/usr/bin/install -c -m 644 ./Include/cpython/pyerrors.h /home/inrack/.local/cpython-3.14.7t/include/python3.14t/cpython
/usr/bin/install -c -m 644 ./Include/cpython/pyfpe.h /home/inrack/.local/cpython-3.14.7t/include/python3.14t/cpython
/usr/bin/install -c -m 644 ./Include/cpython/pyframe.h /home/inrack/.local/cpython-3.14.7t/include/python3.14t/cpython
/usr/bin/install -c -m 644 ./Include/cpython/pyhash.h /home/inrack/.local/cpython-3.14.7t/include/python3.14t/cpython
/usr/bin/install -c -m 644 ./Include/cpython/pylifecycle.h /home/inrack/.local/cpython-3.14.7t/include/python3.14t/cpython
/usr/bin/install -c -m 644 ./Include/cpython/pymem.h /home/inrack/.local/cpython-3.14.7t/include/python3.14t/cpython
/usr/bin/install -c -m 644 ./Include/cpython/pystate.h /home/inrack/.local/cpython-3.14.7t/include/python3.14t/cpython
/usr/bin/install -c -m 644 ./Include/cpython/pystats.h /home/inrack/.local/cpython-3.14.7t/include/python3.14t/cpython
/usr/bin/install -c -m 644 ./Include/cpython/pythonrun.h /home/inrack/.local/cpython-3.14.7t/include/python3.14t/cpython
/usr/bin/install -c -m 644 ./Include/cpython/pythread.h /home/inrack/.local/cpython-3.14.7t/include/python3.14t/cpython
/usr/bin/install -c -m 644 ./Include/cpython/pytime.h /home/inrack/.local/cpython-3.14.7t/include/python3.14t/cpython
/usr/bin/install -c -m 644 ./Include/cpython/setobject.h /home/inrack/.local/cpython-3.14.7t/include/python3.14t/cpython
/usr/bin/install -c -m 644 ./Include/cpython/traceback.h /home/inrack/.local/cpython-3.14.7t/include/python3.14t/cpython
/usr/bin/install -c -m 644 ./Include/cpython/tracemalloc.h /home/inrack/.local/cpython-3.14.7t/include/python3.14t/cpython
/usr/bin/install -c -m 644 ./Include/cpython/tupleobject.h /home/inrack/.local/cpython-3.14.7t/include/python3.14t/cpython
/usr/bin/install -c -m 644 ./Include/cpython/unicodeobject.h /home/inrack/.local/cpython-3.14.7t/include/python3.14t/cpython
/usr/bin/install -c -m 644 ./Include/cpython/warnings.h /home/inrack/.local/cpython-3.14.7t/include/python3.14t/cpython
/usr/bin/install -c -m 644 ./Include/cpython/weakrefobject.h /home/inrack/.local/cpython-3.14.7t/include/python3.14t/cpython
/usr/bin/install -c -m 644 ./Include/internal/pycore_abstract.h /home/inrack/.local/cpython-3.14.7t/include/python3.14t/internal
/usr/bin/install -c -m 644 ./Include/internal/pycore_asdl.h /home/inrack/.local/cpython-3.14.7t/include/python3.14t/internal
/usr/bin/install -c -m 644 ./Include/internal/pycore_ast.h /home/inrack/.local/cpython-3.14.7t/include/python3.14t/internal
/usr/bin/install -c -m 644 ./Include/internal/pycore_ast_state.h /home/inrack/.local/cpython-3.14.7t/include/python3.14t/internal
/usr/bin/install -c -m 644 ./Include/internal/pycore_atexit.h /home/inrack/.local/cpython-3.14.7t/include/python3.14t/internal
/usr/bin/install -c -m 644 ./Include/internal/pycore_audit.h /home/inrack/.local/cpython-3.14.7t/include/python3.14t/internal
/usr/bin/install -c -m 644 ./Include/internal/pycore_backoff.h /home/inrack/.local/cpython-3.14.7t/include/python3.14t/internal
/usr/bin/install -c -m 644 ./Include/internal/pycore_bitutils.h /home/inrack/.local/cpython-3.14.7t/include/python3.14t/internal
/usr/bin/install -c -m 644 ./Include/internal/pycore_blocks_output_buffer.h /home/inrack/.local/cpython-3.14.7t/include/python3.14t/internal
/usr/bin/install -c -m 644 ./Include/internal/pycore_brc.h /home/inrack/.local/cpython-3.14.7t/include/python3.14t/internal
/usr/bin/install -c -m 644 ./Include/internal/pycore_bytes_methods.h /home/inrack/.local/cpython-3.14.7t/include/python3.14t/internal
/usr/bin/install -c -m 644 ./Include/internal/pycore_bytesobject.h /home/inrack/.local/cpython-3.14.7t/include/python3.14t/internal
/usr/bin/install -c -m 644 ./Include/internal/pycore_c_array.h /home/inrack/.local/cpython-3.14.7t/include/python3.14t/internal
/usr/bin/install -c -m 644 ./Include/internal/pycore_call.h /home/inrack/.local/cpython-3.14.7t/include/python3.14t/internal
/usr/bin/install -c -m 644 ./Include/internal/pycore_capsule.h /home/inrack/.local/cpython-3.14.7t/include/python3.14t/internal
/usr/bin/install -c -m 644 ./Include/internal/pycore_cell.h /home/inrack/.local/cpython-3.14.7t/include/python3.14t/internal
/usr/bin/install -c -m 644 ./Include/internal/pycore_ceval.h /home/inrack/.local/cpython-3.14.7t/include/python3.14t/internal
/usr/bin/install -c -m 644 ./Include/internal/pycore_ceval_state.h /home/inrack/.local/cpython-3.14.7t/include/python3.14t/internal
/usr/bin/install -c -m 644 ./Include/internal/pycore_code.h /home/inrack/.local/cpython-3.14.7t/include/python3.14t/internal
/usr/bin/install -c -m 644 ./Include/internal/pycore_codecs.h /home/inrack/.local/cpython-3.14.7t/include/python3.14t/internal
/usr/bin/install -c -m 644 ./Include/internal/pycore_compile.h /home/inrack/.local/cpython-3.14.7t/include/python3.14t/internal
/usr/bin/install -c -m 644 ./Include/internal/pycore_complexobject.h /home/inrack/.local/cpython-3.14.7t/include/python3.14t/internal
/usr/bin/install -c -m 644 ./Include/internal/pycore_condvar.h /home/inrack/.local/cpython-3.14.7t/include/python3.14t/internal
/usr/bin/install -c -m 644 ./Include/internal/pycore_context.h /home/inrack/.local/cpython-3.14.7t/include/python3.14t/internal
/usr/bin/install -c -m 644 ./Include/internal/pycore_critical_section.h /home/inrack/.local/cpython-3.14.7t/include/python3.14t/internal
/usr/bin/install -c -m 644 ./Include/internal/pycore_crossinterp.h /home/inrack/.local/cpython-3.14.7t/include/python3.14t/internal
/usr/bin/install -c -m 644 ./Include/internal/pycore_crossinterp_data_registry.h /home/inrack/.local/cpython-3.14.7t/include/python3.14t/internal
/usr/bin/install -c -m 644 ./Include/internal/pycore_debug_offsets.h /home/inrack/.local/cpython-3.14.7t/include/python3.14t/internal
/usr/bin/install -c -m 644 ./Include/internal/pycore_descrobject.h /home/inrack/.local/cpython-3.14.7t/include/python3.14t/internal
/usr/bin/install -c -m 644 ./Include/internal/pycore_dict.h /home/inrack/.local/cpython-3.14.7t/include/python3.14t/internal
/usr/bin/install -c -m 644 ./Include/internal/pycore_dict_state.h /home/inrack/.local/cpython-3.14.7t/include/python3.14t/internal
/usr/bin/install -c -m 644 ./Include/internal/pycore_dtoa.h /home/inrack/.local/cpython-3.14.7t/include/python3.14t/internal
/usr/bin/install -c -m 644 ./Include/internal/pycore_emscripten_signal.h /home/inrack/.local/cpython-3.14.7t/include/python3.14t/internal
/usr/bin/install -c -m 644 ./Include/internal/pycore_emscripten_trampoline.h /home/inrack/.local/cpython-3.14.7t/include/python3.14t/internal
/usr/bin/install -c -m 644 ./Include/internal/pycore_exceptions.h /home/inrack/.local/cpython-3.14.7t/include/python3.14t/internal
/usr/bin/install -c -m 644 ./Include/internal/pycore_faulthandler.h /home/inrack/.local/cpython-3.14.7t/include/python3.14t/internal
/usr/bin/install -c -m 644 ./Include/internal/pycore_fileutils.h /home/inrack/.local/cpython-3.14.7t/include/python3.14t/internal
/usr/bin/install -c -m 644 ./Include/internal/pycore_fileutils_windows.h /home/inrack/.local/cpython-3.14.7t/include/python3.14t/internal
/usr/bin/install -c -m 644 ./Include/internal/pycore_floatobject.h /home/inrack/.local/cpython-3.14.7t/include/python3.14t/internal
/usr/bin/install -c -m 644 ./Include/internal/pycore_flowgraph.h /home/inrack/.local/cpython-3.14.7t/include/python3.14t/internal
/usr/bin/install -c -m 644 ./Include/internal/pycore_format.h /home/inrack/.local/cpython-3.14.7t/include/python3.14t/internal
/usr/bin/install -c -m 644 ./Include/internal/pycore_frame.h /home/inrack/.local/cpython-3.14.7t/include/python3.14t/internal
/usr/bin/install -c -m 644 ./Include/internal/pycore_freelist.h /home/inrack/.local/cpython-3.14.7t/include/python3.14t/internal
/usr/bin/install -c -m 644 ./Include/internal/pycore_freelist_state.h /home/inrack/.local/cpython-3.14.7t/include/python3.14t/internal
/usr/bin/install -c -m 644 ./Include/internal/pycore_function.h /home/inrack/.local/cpython-3.14.7t/include/python3.14t/internal
/usr/bin/install -c -m 644 ./Include/internal/pycore_gc.h /home/inrack/.local/cpython-3.14.7t/include/python3.14t/internal
/usr/bin/install -c -m 644 ./Include/internal/pycore_genobject.h /home/inrack/.local/cpython-3.14.7t/include/python3.14t/internal
/usr/bin/install -c -m 644 ./Include/internal/pycore_getopt.h /home/inrack/.local/cpython-3.14.7t/include/python3.14t/internal
/usr/bin/install -c -m 644 ./Include/internal/pycore_gil.h /home/inrack/.local/cpython-3.14.7t/include/python3.14t/internal
/usr/bin/install -c -m 644 ./Include/internal/pycore_global_objects.h /home/inrack/.local/cpython-3.14.7t/include/python3.14t/internal
/usr/bin/install -c -m 644 ./Include/internal/pycore_global_objects_fini_generated.h /home/inrack/.local/cpython-3.14.7t/include/python3.14t/internal
/usr/bin/install -c -m 644 ./Include/internal/pycore_global_strings.h /home/inrack/.local/cpython-3.14.7t/include/python3.14t/internal
/usr/bin/install -c -m 644 ./Include/internal/pycore_hamt.h /home/inrack/.local/cpython-3.14.7t/include/python3.14t/internal
/usr/bin/install -c -m 644 ./Include/internal/pycore_hashtable.h /home/inrack/.local/cpython-3.14.7t/include/python3.14t/internal
/usr/bin/install -c -m 644 ./Include/internal/pycore_import.h /home/inrack/.local/cpython-3.14.7t/include/python3.14t/internal
/usr/bin/install -c -m 644 ./Include/internal/pycore_importdl.h /home/inrack/.local/cpython-3.14.7t/include/python3.14t/internal
/usr/bin/install -c -m 644 ./Include/internal/pycore_index_pool.h /home/inrack/.local/cpython-3.14.7t/include/python3.14t/internal
/usr/bin/install -c -m 644 ./Include/internal/pycore_initconfig.h /home/inrack/.local/cpython-3.14.7t/include/python3.14t/internal
/usr/bin/install -c -m 644 ./Include/internal/pycore_instruction_sequence.h /home/inrack/.local/cpython-3.14.7t/include/python3.14t/internal
/usr/bin/install -c -m 644 ./Include/internal/pycore_instruments.h /home/inrack/.local/cpython-3.14.7t/include/python3.14t/internal
/usr/bin/install -c -m 644 ./Include/internal/pycore_interp.h /home/inrack/.local/cpython-3.14.7t/include/python3.14t/internal
/usr/bin/install -c -m 644 ./Include/internal/pycore_interp_structs.h /home/inrack/.local/cpython-3.14.7t/include/python3.14t/internal
/usr/bin/install -c -m 644 ./Include/internal/pycore_interpframe.h /home/inrack/.local/cpython-3.14.7t/include/python3.14t/internal
/usr/bin/install -c -m 644 ./Include/internal/pycore_interpframe_structs.h /home/inrack/.local/cpython-3.14.7t/include/python3.14t/internal
/usr/bin/install -c -m 644 ./Include/internal/pycore_interpolation.h /home/inrack/.local/cpython-3.14.7t/include/python3.14t/internal
/usr/bin/install -c -m 644 ./Include/internal/pycore_intrinsics.h /home/inrack/.local/cpython-3.14.7t/include/python3.14t/internal
/usr/bin/install -c -m 644 ./Include/internal/pycore_jit.h /home/inrack/.local/cpython-3.14.7t/include/python3.14t/internal
/usr/bin/install -c -m 644 ./Include/internal/pycore_list.h /home/inrack/.local/cpython-3.14.7t/include/python3.14t/internal
/usr/bin/install -c -m 644 ./Include/internal/pycore_llist.h /home/inrack/.local/cpython-3.14.7t/include/python3.14t/internal
/usr/bin/install -c -m 644 ./Include/internal/pycore_lock.h /home/inrack/.local/cpython-3.14.7t/include/python3.14t/internal
/usr/bin/install -c -m 644 ./Include/internal/pycore_long.h /home/inrack/.local/cpython-3.14.7t/include/python3.14t/internal
/usr/bin/install -c -m 644 ./Include/internal/pycore_magic_number.h /home/inrack/.local/cpython-3.14.7t/include/python3.14t/internal
/usr/bin/install -c -m 644 ./Include/internal/pycore_memoryobject.h /home/inrack/.local/cpython-3.14.7t/include/python3.14t/internal
/usr/bin/install -c -m 644 ./Include/internal/pycore_mimalloc.h /home/inrack/.local/cpython-3.14.7t/include/python3.14t/internal
/usr/bin/install -c -m 644 ./Include/internal/pycore_modsupport.h /home/inrack/.local/cpython-3.14.7t/include/python3.14t/internal
/usr/bin/install -c -m 644 ./Include/internal/pycore_moduleobject.h /home/inrack/.local/cpython-3.14.7t/include/python3.14t/internal
/usr/bin/install -c -m 644 ./Include/internal/pycore_namespace.h /home/inrack/.local/cpython-3.14.7t/include/python3.14t/internal
/usr/bin/install -c -m 644 ./Include/internal/pycore_object.h /home/inrack/.local/cpython-3.14.7t/include/python3.14t/internal
/usr/bin/install -c -m 644 ./Include/internal/pycore_object_alloc.h /home/inrack/.local/cpython-3.14.7t/include/python3.14t/internal
/usr/bin/install -c -m 644 ./Include/internal/pycore_object_deferred.h /home/inrack/.local/cpython-3.14.7t/include/python3.14t/internal
/usr/bin/install -c -m 644 ./Include/internal/pycore_object_stack.h /home/inrack/.local/cpython-3.14.7t/include/python3.14t/internal
/usr/bin/install -c -m 644 ./Include/internal/pycore_object_state.h /home/inrack/.local/cpython-3.14.7t/include/python3.14t/internal
/usr/bin/install -c -m 644 ./Include/internal/pycore_obmalloc.h /home/inrack/.local/cpython-3.14.7t/include/python3.14t/internal
/usr/bin/install -c -m 644 ./Include/internal/pycore_obmalloc_init.h /home/inrack/.local/cpython-3.14.7t/include/python3.14t/internal
/usr/bin/install -c -m 644 ./Include/internal/pycore_opcode_metadata.h /home/inrack/.local/cpython-3.14.7t/include/python3.14t/internal
/usr/bin/install -c -m 644 ./Include/internal/pycore_opcode_utils.h /home/inrack/.local/cpython-3.14.7t/include/python3.14t/internal
/usr/bin/install -c -m 644 ./Include/internal/pycore_optimizer.h /home/inrack/.local/cpython-3.14.7t/include/python3.14t/internal
/usr/bin/install -c -m 644 ./Include/internal/pycore_parking_lot.h /home/inrack/.local/cpython-3.14.7t/include/python3.14t/internal
/usr/bin/install -c -m 644 ./Include/internal/pycore_parser.h /home/inrack/.local/cpython-3.14.7t/include/python3.14t/internal
/usr/bin/install -c -m 644 ./Include/internal/pycore_pathconfig.h /home/inrack/.local/cpython-3.14.7t/include/python3.14t/internal
/usr/bin/install -c -m 644 ./Include/internal/pycore_pyarena.h /home/inrack/.local/cpython-3.14.7t/include/python3.14t/internal
/usr/bin/install -c -m 644 ./Include/internal/pycore_pyatomic_ft_wrappers.h /home/inrack/.local/cpython-3.14.7t/include/python3.14t/internal
/usr/bin/install -c -m 644 ./Include/internal/pycore_pybuffer.h /home/inrack/.local/cpython-3.14.7t/include/python3.14t/internal
/usr/bin/install -c -m 644 ./Include/internal/pycore_pyerrors.h /home/inrack/.local/cpython-3.14.7t/include/python3.14t/internal
/usr/bin/install -c -m 644 ./Include/internal/pycore_pyhash.h /home/inrack/.local/cpython-3.14.7t/include/python3.14t/internal
/usr/bin/install -c -m 644 ./Include/internal/pycore_pylifecycle.h /home/inrack/.local/cpython-3.14.7t/include/python3.14t/internal
/usr/bin/install -c -m 644 ./Include/internal/pycore_pymath.h /home/inrack/.local/cpython-3.14.7t/include/python3.14t/internal
/usr/bin/install -c -m 644 ./Include/internal/pycore_pymem.h /home/inrack/.local/cpython-3.14.7t/include/python3.14t/internal
/usr/bin/install -c -m 644 ./Include/internal/pycore_pymem_init.h /home/inrack/.local/cpython-3.14.7t/include/python3.14t/internal
/usr/bin/install -c -m 644 ./Include/internal/pycore_pystate.h /home/inrack/.local/cpython-3.14.7t/include/python3.14t/internal
/usr/bin/install -c -m 644 ./Include/internal/pycore_pystats.h /home/inrack/.local/cpython-3.14.7t/include/python3.14t/internal
/usr/bin/install -c -m 644 ./Include/internal/pycore_pythonrun.h /home/inrack/.local/cpython-3.14.7t/include/python3.14t/internal
/usr/bin/install -c -m 644 ./Include/internal/pycore_pythread.h /home/inrack/.local/cpython-3.14.7t/include/python3.14t/internal
/usr/bin/install -c -m 644 ./Include/internal/pycore_qsbr.h /home/inrack/.local/cpython-3.14.7t/include/python3.14t/internal
/usr/bin/install -c -m 644 ./Include/internal/pycore_range.h /home/inrack/.local/cpython-3.14.7t/include/python3.14t/internal
/usr/bin/install -c -m 644 ./Include/internal/pycore_runtime.h /home/inrack/.local/cpython-3.14.7t/include/python3.14t/internal
/usr/bin/install -c -m 644 ./Include/internal/pycore_runtime_init.h /home/inrack/.local/cpython-3.14.7t/include/python3.14t/internal
/usr/bin/install -c -m 644 ./Include/internal/pycore_runtime_init_generated.h /home/inrack/.local/cpython-3.14.7t/include/python3.14t/internal
/usr/bin/install -c -m 644 ./Include/internal/pycore_runtime_structs.h /home/inrack/.local/cpython-3.14.7t/include/python3.14t/internal
/usr/bin/install -c -m 644 ./Include/internal/pycore_semaphore.h /home/inrack/.local/cpython-3.14.7t/include/python3.14t/internal
/usr/bin/install -c -m 644 ./Include/internal/pycore_setobject.h /home/inrack/.local/cpython-3.14.7t/include/python3.14t/internal
/usr/bin/install -c -m 644 ./Include/internal/pycore_signal.h /home/inrack/.local/cpython-3.14.7t/include/python3.14t/internal
/usr/bin/install -c -m 644 ./Include/internal/pycore_sliceobject.h /home/inrack/.local/cpython-3.14.7t/include/python3.14t/internal
/usr/bin/install -c -m 644 ./Include/internal/pycore_stackref.h /home/inrack/.local/cpython-3.14.7t/include/python3.14t/internal
/usr/bin/install -c -m 644 ./Include/internal/pycore_stats.h /home/inrack/.local/cpython-3.14.7t/include/python3.14t/internal
/usr/bin/install -c -m 644 ./Include/internal/pycore_strhex.h /home/inrack/.local/cpython-3.14.7t/include/python3.14t/internal
/usr/bin/install -c -m 644 ./Include/internal/pycore_structs.h /home/inrack/.local/cpython-3.14.7t/include/python3.14t/internal
/usr/bin/install -c -m 644 ./Include/internal/pycore_structseq.h /home/inrack/.local/cpython-3.14.7t/include/python3.14t/internal
/usr/bin/install -c -m 644 ./Include/internal/pycore_symtable.h /home/inrack/.local/cpython-3.14.7t/include/python3.14t/internal
/usr/bin/install -c -m 644 ./Include/internal/pycore_sysmodule.h /home/inrack/.local/cpython-3.14.7t/include/python3.14t/internal
/usr/bin/install -c -m 644 ./Include/internal/pycore_template.h /home/inrack/.local/cpython-3.14.7t/include/python3.14t/internal
/usr/bin/install -c -m 644 ./Include/internal/pycore_time.h /home/inrack/.local/cpython-3.14.7t/include/python3.14t/internal
/usr/bin/install -c -m 644 ./Include/internal/pycore_token.h /home/inrack/.local/cpython-3.14.7t/include/python3.14t/internal
/usr/bin/install -c -m 644 ./Include/internal/pycore_traceback.h /home/inrack/.local/cpython-3.14.7t/include/python3.14t/internal
/usr/bin/install -c -m 644 ./Include/internal/pycore_tracemalloc.h /home/inrack/.local/cpython-3.14.7t/include/python3.14t/internal
/usr/bin/install -c -m 644 ./Include/internal/pycore_tstate.h /home/inrack/.local/cpython-3.14.7t/include/python3.14t/internal
/usr/bin/install -c -m 644 ./Include/internal/pycore_tuple.h /home/inrack/.local/cpython-3.14.7t/include/python3.14t/internal
/usr/bin/install -c -m 644 ./Include/internal/pycore_typedefs.h /home/inrack/.local/cpython-3.14.7t/include/python3.14t/internal
/usr/bin/install -c -m 644 ./Include/internal/pycore_typeobject.h /home/inrack/.local/cpython-3.14.7t/include/python3.14t/internal
/usr/bin/install -c -m 644 ./Include/internal/pycore_typevarobject.h /home/inrack/.local/cpython-3.14.7t/include/python3.14t/internal
/usr/bin/install -c -m 644 ./Include/internal/pycore_ucnhash.h /home/inrack/.local/cpython-3.14.7t/include/python3.14t/internal
/usr/bin/install -c -m 644 ./Include/internal/pycore_unicodeobject.h /home/inrack/.local/cpython-3.14.7t/include/python3.14t/internal
/usr/bin/install -c -m 644 ./Include/internal/pycore_unicodeobject_generated.h /home/inrack/.local/cpython-3.14.7t/include/python3.14t/internal
/usr/bin/install -c -m 644 ./Include/internal/pycore_unionobject.h /home/inrack/.local/cpython-3.14.7t/include/python3.14t/internal
/usr/bin/install -c -m 644 ./Include/internal/pycore_uniqueid.h /home/inrack/.local/cpython-3.14.7t/include/python3.14t/internal
/usr/bin/install -c -m 644 ./Include/internal/pycore_uop_ids.h /home/inrack/.local/cpython-3.14.7t/include/python3.14t/internal
/usr/bin/install -c -m 644 ./Include/internal/pycore_uop_metadata.h /home/inrack/.local/cpython-3.14.7t/include/python3.14t/internal
/usr/bin/install -c -m 644 ./Include/internal/pycore_warnings.h /home/inrack/.local/cpython-3.14.7t/include/python3.14t/internal
/usr/bin/install -c -m 644 ./Include/internal/pycore_weakref.h /home/inrack/.local/cpython-3.14.7t/include/python3.14t/internal
/usr/bin/install -c -m 644 ./Include/internal/mimalloc/mimalloc.h /home/inrack/.local/cpython-3.14.7t/include/python3.14t/internal/mimalloc/mimalloc.h
/usr/bin/install -c -m 644 ./Include/internal/mimalloc/mimalloc/atomic.h /home/inrack/.local/cpython-3.14.7t/include/python3.14t/internal/mimalloc/mimalloc
/usr/bin/install -c -m 644 ./Include/internal/mimalloc/mimalloc/internal.h /home/inrack/.local/cpython-3.14.7t/include/python3.14t/internal/mimalloc/mimalloc
/usr/bin/install -c -m 644 ./Include/internal/mimalloc/mimalloc/prim.h /home/inrack/.local/cpython-3.14.7t/include/python3.14t/internal/mimalloc/mimalloc
/usr/bin/install -c -m 644 ./Include/internal/mimalloc/mimalloc/track.h /home/inrack/.local/cpython-3.14.7t/include/python3.14t/internal/mimalloc/mimalloc
/usr/bin/install -c -m 644 ./Include/internal/mimalloc/mimalloc/types.h /home/inrack/.local/cpython-3.14.7t/include/python3.14t/internal/mimalloc/mimalloc
echo /usr/bin/install -c -m 644 pyconfig.h /home/inrack/.local/cpython-3.14.7t/include/python3.14t/pyconfig.h
/usr/bin/install -c -m 644 pyconfig.h /home/inrack/.local/cpython-3.14.7t/include/python3.14t/pyconfig.h
/usr/bin/install -c -m 644 pyconfig.h /home/inrack/.local/cpython-3.14.7t/include/python3.14t/pyconfig.h
Creating directory /home/inrack/.local/cpython-3.14.7t/lib/python3.14t/config-3.14t-x86_64-linux-gnu
Creating directory /home/inrack/.local/cpython-3.14.7t/lib/pkgconfig
/usr/bin/install -c -m 644 Modules/config.c /home/inrack/.local/cpython-3.14.7t/lib/python3.14t/config-3.14t-x86_64-linux-gnu/config.c
/usr/bin/install -c -m 644 ./Modules/config.c.in /home/inrack/.local/cpython-3.14.7t/lib/python3.14t/config-3.14t-x86_64-linux-gnu/config.c.in
/usr/bin/install -c -m 644 Makefile /home/inrack/.local/cpython-3.14.7t/lib/python3.14t/config-3.14t-x86_64-linux-gnu/Makefile
/usr/bin/install -c -m 644 ./Modules/Setup /home/inrack/.local/cpython-3.14.7t/lib/python3.14t/config-3.14t-x86_64-linux-gnu/Setup
/usr/bin/install -c -m 644 Modules/Setup.bootstrap /home/inrack/.local/cpython-3.14.7t/lib/python3.14t/config-3.14t-x86_64-linux-gnu/Setup.bootstrap
/usr/bin/install -c -m 644 Modules/Setup.stdlib /home/inrack/.local/cpython-3.14.7t/lib/python3.14t/config-3.14t-x86_64-linux-gnu/Setup.stdlib
/usr/bin/install -c -m 644 Modules/Setup.local /home/inrack/.local/cpython-3.14.7t/lib/python3.14t/config-3.14t-x86_64-linux-gnu/Setup.local
/usr/bin/install -c -m 644 Misc/python.pc /home/inrack/.local/cpython-3.14.7t/lib/pkgconfig/python-3.14t.pc
/usr/bin/install -c -m 644 Misc/python-embed.pc /home/inrack/.local/cpython-3.14.7t/lib/pkgconfig/python-3.14t-embed.pc
/usr/bin/install -c ./Modules/makesetup /home/inrack/.local/cpython-3.14.7t/lib/python3.14t/config-3.14t-x86_64-linux-gnu/makesetup
/usr/bin/install -c ./install-sh /home/inrack/.local/cpython-3.14.7t/lib/python3.14t/config-3.14t-x86_64-linux-gnu/install-sh
/usr/bin/install -c python-config.py /home/inrack/.local/cpython-3.14.7t/lib/python3.14t/config-3.14t-x86_64-linux-gnu/python-config.py
/usr/bin/install -c python-config /home/inrack/.local/cpython-3.14.7t/bin/python3.14t-config
/usr/bin/install -c build/scripts-3.14/idle3.14 /home/inrack/.local/cpython-3.14.7t/bin/idle3.14
/usr/bin/install -c build/scripts-3.14/pydoc3.14 /home/inrack/.local/cpython-3.14.7t/bin/pydoc3.14
Creating directory /home/inrack/.local/cpython-3.14.7t/lib/python3.14t/lib-dynload
/usr/bin/install -c -m 755 Modules/array.cpython-314t-x86_64-linux-gnu.so /home/inrack/.local/cpython-3.14.7t/lib/python3.14t/lib-dynload/array.cpython-314t-x86_64-linux-gnu.so
/usr/bin/install -c -m 755 Modules/_asyncio.cpython-314t-x86_64-linux-gnu.so /home/inrack/.local/cpython-3.14.7t/lib/python3.14t/lib-dynload/_asyncio.cpython-314t-x86_64-linux-gnu.so
/usr/bin/install -c -m 755 Modules/_bisect.cpython-314t-x86_64-linux-gnu.so /home/inrack/.local/cpython-3.14.7t/lib/python3.14t/lib-dynload/_bisect.cpython-314t-x86_64-linux-gnu.so
/usr/bin/install -c -m 755 Modules/_csv.cpython-314t-x86_64-linux-gnu.so /home/inrack/.local/cpython-3.14.7t/lib/python3.14t/lib-dynload/_csv.cpython-314t-x86_64-linux-gnu.so
/usr/bin/install -c -m 755 Modules/_heapq.cpython-314t-x86_64-linux-gnu.so /home/inrack/.local/cpython-3.14.7t/lib/python3.14t/lib-dynload/_heapq.cpython-314t-x86_64-linux-gnu.so
/usr/bin/install -c -m 755 Modules/_json.cpython-314t-x86_64-linux-gnu.so /home/inrack/.local/cpython-3.14.7t/lib/python3.14t/lib-dynload/_json.cpython-314t-x86_64-linux-gnu.so
/usr/bin/install -c -m 755 Modules/_lsprof.cpython-314t-x86_64-linux-gnu.so /home/inrack/.local/cpython-3.14.7t/lib/python3.14t/lib-dynload/_lsprof.cpython-314t-x86_64-linux-gnu.so
/usr/bin/install -c -m 755 Modules/_pickle.cpython-314t-x86_64-linux-gnu.so /home/inrack/.local/cpython-3.14.7t/lib/python3.14t/lib-dynload/_pickle.cpython-314t-x86_64-linux-gnu.so
/usr/bin/install -c -m 755 Modules/_queue.cpython-314t-x86_64-linux-gnu.so /home/inrack/.local/cpython-3.14.7t/lib/python3.14t/lib-dynload/_queue.cpython-314t-x86_64-linux-gnu.so
/usr/bin/install -c -m 755 Modules/_random.cpython-314t-x86_64-linux-gnu.so /home/inrack/.local/cpython-3.14.7t/lib/python3.14t/lib-dynload/_random.cpython-314t-x86_64-linux-gnu.so
/usr/bin/install -c -m 755 Modules/_remote_debugging.cpython-314t-x86_64-linux-gnu.so /home/inrack/.local/cpython-3.14.7t/lib/python3.14t/lib-dynload/_remote_debugging.cpython-314t-x86_64-linux-gnu.so
/usr/bin/install -c -m 755 Modules/_struct.cpython-314t-x86_64-linux-gnu.so /home/inrack/.local/cpython-3.14.7t/lib/python3.14t/lib-dynload/_struct.cpython-314t-x86_64-linux-gnu.so
/usr/bin/install -c -m 755 Modules/_interpreters.cpython-314t-x86_64-linux-gnu.so /home/inrack/.local/cpython-3.14.7t/lib/python3.14t/lib-dynload/_interpreters.cpython-314t-x86_64-linux-gnu.so
/usr/bin/install -c -m 755 Modules/_interpchannels.cpython-314t-x86_64-linux-gnu.so /home/inrack/.local/cpython-3.14.7t/lib/python3.14t/lib-dynload/_interpchannels.cpython-314t-x86_64-linux-gnu.so
/usr/bin/install -c -m 755 Modules/_interpqueues.cpython-314t-x86_64-linux-gnu.so /home/inrack/.local/cpython-3.14.7t/lib/python3.14t/lib-dynload/_interpqueues.cpython-314t-x86_64-linux-gnu.so
/usr/bin/install -c -m 755 Modules/_zoneinfo.cpython-314t-x86_64-linux-gnu.so /home/inrack/.local/cpython-3.14.7t/lib/python3.14t/lib-dynload/_zoneinfo.cpython-314t-x86_64-linux-gnu.so
/usr/bin/install -c -m 755 Modules/math.cpython-314t-x86_64-linux-gnu.so /home/inrack/.local/cpython-3.14.7t/lib/python3.14t/lib-dynload/math.cpython-314t-x86_64-linux-gnu.so
/usr/bin/install -c -m 755 Modules/cmath.cpython-314t-x86_64-linux-gnu.so /home/inrack/.local/cpython-3.14.7t/lib/python3.14t/lib-dynload/cmath.cpython-314t-x86_64-linux-gnu.so
/usr/bin/install -c -m 755 Modules/_statistics.cpython-314t-x86_64-linux-gnu.so /home/inrack/.local/cpython-3.14.7t/lib/python3.14t/lib-dynload/_statistics.cpython-314t-x86_64-linux-gnu.so
/usr/bin/install -c -m 755 Modules/_decimal.cpython-314t-x86_64-linux-gnu.so /home/inrack/.local/cpython-3.14.7t/lib/python3.14t/lib-dynload/_decimal.cpython-314t-x86_64-linux-gnu.so
/usr/bin/install -c -m 755 Modules/binascii.cpython-314t-x86_64-linux-gnu.so /home/inrack/.local/cpython-3.14.7t/lib/python3.14t/lib-dynload/binascii.cpython-314t-x86_64-linux-gnu.so
/usr/bin/install -c -m 755 Modules/_bz2.cpython-314t-x86_64-linux-gnu.so /home/inrack/.local/cpython-3.14.7t/lib/python3.14t/lib-dynload/_bz2.cpython-314t-x86_64-linux-gnu.so
/usr/bin/install -c -m 755 Modules/_lzma.cpython-314t-x86_64-linux-gnu.so /home/inrack/.local/cpython-3.14.7t/lib/python3.14t/lib-dynload/_lzma.cpython-314t-x86_64-linux-gnu.so
/usr/bin/install -c -m 755 Modules/_zstd.cpython-314t-x86_64-linux-gnu.so /home/inrack/.local/cpython-3.14.7t/lib/python3.14t/lib-dynload/_zstd.cpython-314t-x86_64-linux-gnu.so
/usr/bin/install -c -m 755 Modules/zlib.cpython-314t-x86_64-linux-gnu.so /home/inrack/.local/cpython-3.14.7t/lib/python3.14t/lib-dynload/zlib.cpython-314t-x86_64-linux-gnu.so
/usr/bin/install -c -m 755 Modules/_dbm.cpython-314t-x86_64-linux-gnu.so /home/inrack/.local/cpython-3.14.7t/lib/python3.14t/lib-dynload/_dbm.cpython-314t-x86_64-linux-gnu.so
/usr/bin/install -c -m 755 Modules/_gdbm.cpython-314t-x86_64-linux-gnu.so /home/inrack/.local/cpython-3.14.7t/lib/python3.14t/lib-dynload/_gdbm.cpython-314t-x86_64-linux-gnu.so
/usr/bin/install -c -m 755 Modules/readline.cpython-314t-x86_64-linux-gnu.so /home/inrack/.local/cpython-3.14.7t/lib/python3.14t/lib-dynload/readline.cpython-314t-x86_64-linux-gnu.so
/usr/bin/install -c -m 755 Modules/_md5.cpython-314t-x86_64-linux-gnu.so /home/inrack/.local/cpython-3.14.7t/lib/python3.14t/lib-dynload/_md5.cpython-314t-x86_64-linux-gnu.so
/usr/bin/install -c -m 755 Modules/_sha1.cpython-314t-x86_64-linux-gnu.so /home/inrack/.local/cpython-3.14.7t/lib/python3.14t/lib-dynload/_sha1.cpython-314t-x86_64-linux-gnu.so
/usr/bin/install -c -m 755 Modules/_sha2.cpython-314t-x86_64-linux-gnu.so /home/inrack/.local/cpython-3.14.7t/lib/python3.14t/lib-dynload/_sha2.cpython-314t-x86_64-linux-gnu.so
/usr/bin/install -c -m 755 Modules/_sha3.cpython-314t-x86_64-linux-gnu.so /home/inrack/.local/cpython-3.14.7t/lib/python3.14t/lib-dynload/_sha3.cpython-314t-x86_64-linux-gnu.so
/usr/bin/install -c -m 755 Modules/_blake2.cpython-314t-x86_64-linux-gnu.so /home/inrack/.local/cpython-3.14.7t/lib/python3.14t/lib-dynload/_blake2.cpython-314t-x86_64-linux-gnu.so
/usr/bin/install -c -m 755 Modules/_hmac.cpython-314t-x86_64-linux-gnu.so /home/inrack/.local/cpython-3.14.7t/lib/python3.14t/lib-dynload/_hmac.cpython-314t-x86_64-linux-gnu.so
/usr/bin/install -c -m 755 Modules/pyexpat.cpython-314t-x86_64-linux-gnu.so /home/inrack/.local/cpython-3.14.7t/lib/python3.14t/lib-dynload/pyexpat.cpython-314t-x86_64-linux-gnu.so
/usr/bin/install -c -m 755 Modules/_elementtree.cpython-314t-x86_64-linux-gnu.so /home/inrack/.local/cpython-3.14.7t/lib/python3.14t/lib-dynload/_elementtree.cpython-314t-x86_64-linux-gnu.so
/usr/bin/install -c -m 755 Modules/_codecs_cn.cpython-314t-x86_64-linux-gnu.so /home/inrack/.local/cpython-3.14.7t/lib/python3.14t/lib-dynload/_codecs_cn.cpython-314t-x86_64-linux-gnu.so
/usr/bin/install -c -m 755 Modules/_codecs_hk.cpython-314t-x86_64-linux-gnu.so /home/inrack/.local/cpython-3.14.7t/lib/python3.14t/lib-dynload/_codecs_hk.cpython-314t-x86_64-linux-gnu.so
/usr/bin/install -c -m 755 Modules/_codecs_iso2022.cpython-314t-x86_64-linux-gnu.so /home/inrack/.local/cpython-3.14.7t/lib/python3.14t/lib-dynload/_codecs_iso2022.cpython-314t-x86_64-linux-gnu.so
/usr/bin/install -c -m 755 Modules/_codecs_jp.cpython-314t-x86_64-linux-gnu.so /home/inrack/.local/cpython-3.14.7t/lib/python3.14t/lib-dynload/_codecs_jp.cpython-314t-x86_64-linux-gnu.so
/usr/bin/install -c -m 755 Modules/_codecs_kr.cpython-314t-x86_64-linux-gnu.so /home/inrack/.local/cpython-3.14.7t/lib/python3.14t/lib-dynload/_codecs_kr.cpython-314t-x86_64-linux-gnu.so
/usr/bin/install -c -m 755 Modules/_codecs_tw.cpython-314t-x86_64-linux-gnu.so /home/inrack/.local/cpython-3.14.7t/lib/python3.14t/lib-dynload/_codecs_tw.cpython-314t-x86_64-linux-gnu.so
/usr/bin/install -c -m 755 Modules/_multibytecodec.cpython-314t-x86_64-linux-gnu.so /home/inrack/.local/cpython-3.14.7t/lib/python3.14t/lib-dynload/_multibytecodec.cpython-314t-x86_64-linux-gnu.so
/usr/bin/install -c -m 755 Modules/unicodedata.cpython-314t-x86_64-linux-gnu.so /home/inrack/.local/cpython-3.14.7t/lib/python3.14t/lib-dynload/unicodedata.cpython-314t-x86_64-linux-gnu.so
/usr/bin/install -c -m 755 Modules/fcntl.cpython-314t-x86_64-linux-gnu.so /home/inrack/.local/cpython-3.14.7t/lib/python3.14t/lib-dynload/fcntl.cpython-314t-x86_64-linux-gnu.so
/usr/bin/install -c -m 755 Modules/grp.cpython-314t-x86_64-linux-gnu.so /home/inrack/.local/cpython-3.14.7t/lib/python3.14t/lib-dynload/grp.cpython-314t-x86_64-linux-gnu.so
/usr/bin/install -c -m 755 Modules/mmap.cpython-314t-x86_64-linux-gnu.so /home/inrack/.local/cpython-3.14.7t/lib/python3.14t/lib-dynload/mmap.cpython-314t-x86_64-linux-gnu.so
/usr/bin/install -c -m 755 Modules/_posixsubprocess.cpython-314t-x86_64-linux-gnu.so /home/inrack/.local/cpython-3.14.7t/lib/python3.14t/lib-dynload/_posixsubprocess.cpython-314t-x86_64-linux-gnu.so
/usr/bin/install -c -m 755 Modules/resource.cpython-314t-x86_64-linux-gnu.so /home/inrack/.local/cpython-3.14.7t/lib/python3.14t/lib-dynload/resource.cpython-314t-x86_64-linux-gnu.so
/usr/bin/install -c -m 755 Modules/select.cpython-314t-x86_64-linux-gnu.so /home/inrack/.local/cpython-3.14.7t/lib/python3.14t/lib-dynload/select.cpython-314t-x86_64-linux-gnu.so
/usr/bin/install -c -m 755 Modules/_socket.cpython-314t-x86_64-linux-gnu.so /home/inrack/.local/cpython-3.14.7t/lib/python3.14t/lib-dynload/_socket.cpython-314t-x86_64-linux-gnu.so
/usr/bin/install -c -m 755 Modules/syslog.cpython-314t-x86_64-linux-gnu.so /home/inrack/.local/cpython-3.14.7t/lib/python3.14t/lib-dynload/syslog.cpython-314t-x86_64-linux-gnu.so
/usr/bin/install -c -m 755 Modules/termios.cpython-314t-x86_64-linux-gnu.so /home/inrack/.local/cpython-3.14.7t/lib/python3.14t/lib-dynload/termios.cpython-314t-x86_64-linux-gnu.so
/usr/bin/install -c -m 755 Modules/_posixshmem.cpython-314t-x86_64-linux-gnu.so /home/inrack/.local/cpython-3.14.7t/lib/python3.14t/lib-dynload/_posixshmem.cpython-314t-x86_64-linux-gnu.so
/usr/bin/install -c -m 755 Modules/_multiprocessing.cpython-314t-x86_64-linux-gnu.so /home/inrack/.local/cpython-3.14.7t/lib/python3.14t/lib-dynload/_multiprocessing.cpython-314t-x86_64-linux-gnu.so
/usr/bin/install -c -m 755 Modules/_ctypes.cpython-314t-x86_64-linux-gnu.so /home/inrack/.local/cpython-3.14.7t/lib/python3.14t/lib-dynload/_ctypes.cpython-314t-x86_64-linux-gnu.so
/usr/bin/install -c -m 755 Modules/_curses.cpython-314t-x86_64-linux-gnu.so /home/inrack/.local/cpython-3.14.7t/lib/python3.14t/lib-dynload/_curses.cpython-314t-x86_64-linux-gnu.so
/usr/bin/install -c -m 755 Modules/_curses_panel.cpython-314t-x86_64-linux-gnu.so /home/inrack/.local/cpython-3.14.7t/lib/python3.14t/lib-dynload/_curses_panel.cpython-314t-x86_64-linux-gnu.so
/usr/bin/install -c -m 755 Modules/_sqlite3.cpython-314t-x86_64-linux-gnu.so /home/inrack/.local/cpython-3.14.7t/lib/python3.14t/lib-dynload/_sqlite3.cpython-314t-x86_64-linux-gnu.so
/usr/bin/install -c -m 755 Modules/_ssl.cpython-314t-x86_64-linux-gnu.so /home/inrack/.local/cpython-3.14.7t/lib/python3.14t/lib-dynload/_ssl.cpython-314t-x86_64-linux-gnu.so
/usr/bin/install -c -m 755 Modules/_hashlib.cpython-314t-x86_64-linux-gnu.so /home/inrack/.local/cpython-3.14.7t/lib/python3.14t/lib-dynload/_hashlib.cpython-314t-x86_64-linux-gnu.so
/usr/bin/install -c -m 755 Modules/_uuid.cpython-314t-x86_64-linux-gnu.so /home/inrack/.local/cpython-3.14.7t/lib/python3.14t/lib-dynload/_uuid.cpython-314t-x86_64-linux-gnu.so
/usr/bin/install -c -m 755 Modules/_tkinter.cpython-314t-x86_64-linux-gnu.so /home/inrack/.local/cpython-3.14.7t/lib/python3.14t/lib-dynload/_tkinter.cpython-314t-x86_64-linux-gnu.so
/usr/bin/install -c -m 755 Modules/xxsubtype.cpython-314t-x86_64-linux-gnu.so /home/inrack/.local/cpython-3.14.7t/lib/python3.14t/lib-dynload/xxsubtype.cpython-314t-x86_64-linux-gnu.so
/usr/bin/install -c -m 755 Modules/_xxtestfuzz.cpython-314t-x86_64-linux-gnu.so /home/inrack/.local/cpython-3.14.7t/lib/python3.14t/lib-dynload/_xxtestfuzz.cpython-314t-x86_64-linux-gnu.so
/usr/bin/install -c -m 755 Modules/_testbuffer.cpython-314t-x86_64-linux-gnu.so /home/inrack/.local/cpython-3.14.7t/lib/python3.14t/lib-dynload/_testbuffer.cpython-314t-x86_64-linux-gnu.so
/usr/bin/install -c -m 755 Modules/_testinternalcapi.cpython-314t-x86_64-linux-gnu.so /home/inrack/.local/cpython-3.14.7t/lib/python3.14t/lib-dynload/_testinternalcapi.cpython-314t-x86_64-linux-gnu.so
/usr/bin/install -c -m 755 Modules/_testcapi.cpython-314t-x86_64-linux-gnu.so /home/inrack/.local/cpython-3.14.7t/lib/python3.14t/lib-dynload/_testcapi.cpython-314t-x86_64-linux-gnu.so
/usr/bin/install -c -m 755 Modules/_testlimitedcapi.cpython-314t-x86_64-linux-gnu.so /home/inrack/.local/cpython-3.14.7t/lib/python3.14t/lib-dynload/_testlimitedcapi.cpython-314t-x86_64-linux-gnu.so
/usr/bin/install -c -m 755 Modules/_testclinic.cpython-314t-x86_64-linux-gnu.so /home/inrack/.local/cpython-3.14.7t/lib/python3.14t/lib-dynload/_testclinic.cpython-314t-x86_64-linux-gnu.so
/usr/bin/install -c -m 755 Modules/_testclinic_limited.cpython-314t-x86_64-linux-gnu.so /home/inrack/.local/cpython-3.14.7t/lib/python3.14t/lib-dynload/_testclinic_limited.cpython-314t-x86_64-linux-gnu.so
/usr/bin/install -c -m 755 Modules/_testimportmultiple.cpython-314t-x86_64-linux-gnu.so /home/inrack/.local/cpython-3.14.7t/lib/python3.14t/lib-dynload/_testimportmultiple.cpython-314t-x86_64-linux-gnu.so
/usr/bin/install -c -m 755 Modules/_testmultiphase.cpython-314t-x86_64-linux-gnu.so /home/inrack/.local/cpython-3.14.7t/lib/python3.14t/lib-dynload/_testmultiphase.cpython-314t-x86_64-linux-gnu.so
/usr/bin/install -c -m 755 Modules/_testsinglephase.cpython-314t-x86_64-linux-gnu.so /home/inrack/.local/cpython-3.14.7t/lib/python3.14t/lib-dynload/_testsinglephase.cpython-314t-x86_64-linux-gnu.so
/usr/bin/install -c -m 755 Modules/_ctypes_test.cpython-314t-x86_64-linux-gnu.so /home/inrack/.local/cpython-3.14.7t/lib/python3.14t/lib-dynload/_ctypes_test.cpython-314t-x86_64-linux-gnu.so
/usr/bin/install -c -m 755 Modules/xxlimited.cpython-314t-x86_64-linux-gnu.so /home/inrack/.local/cpython-3.14.7t/lib/python3.14t/lib-dynload/xxlimited.cpython-314t-x86_64-linux-gnu.so
/usr/bin/install -c -m 755 Modules/xxlimited_35.cpython-314t-x86_64-linux-gnu.so /home/inrack/.local/cpython-3.14.7t/lib/python3.14t/lib-dynload/xxlimited_35.cpython-314t-x86_64-linux-gnu.so
Creating directory /home/inrack/.local/cpython-3.14.7t/share/man
Creating directory /home/inrack/.local/cpython-3.14.7t/share/man/man1
/usr/bin/install -c -m 644 ./Misc/python.man \
	/home/inrack/.local/cpython-3.14.7t/share/man/man1/python3.14.1
if test ! -d /home/inrack/.local/cpython-3.14.7t/lib/pkgconfig; then \
	echo "Creating directory /home/inrack/.local/cpython-3.14.7t/lib/pkgconfig"; \
	/usr/bin/install -c -d -m 755 /home/inrack/.local/cpython-3.14.7t/lib/pkgconfig; \
fi
if test -f /home/inrack/.local/cpython-3.14.7t/bin/python3 -o -h /home/inrack/.local/cpython-3.14.7t/bin/python3; \
then rm -f /home/inrack/.local/cpython-3.14.7t/bin/python3; \
else true; \
fi
(cd /home/inrack/.local/cpython-3.14.7t/bin; ln -s python3.14 python3)
if test "3.14" != "3.14t"; then \
	rm -f /home/inrack/.local/cpython-3.14.7t/bin/python3.14-config; \
	(cd /home/inrack/.local/cpython-3.14.7t/bin; ln -s python3.14t-config python3.14-config); \
	rm -f /home/inrack/.local/cpython-3.14.7t/lib/pkgconfig/python-3.14.pc; \
	(cd /home/inrack/.local/cpython-3.14.7t/lib/pkgconfig; ln -s python-3.14t.pc python-3.14.pc); \
	rm -f /home/inrack/.local/cpython-3.14.7t/lib/pkgconfig/python-3.14-embed.pc; \
	(cd /home/inrack/.local/cpython-3.14.7t/lib/pkgconfig; ln -s python-3.14t-embed.pc python-3.14-embed.pc); \
fi
rm -f /home/inrack/.local/cpython-3.14.7t/bin/python3-config
(cd /home/inrack/.local/cpython-3.14.7t/bin; ln -s python3.14-config python3-config)
rm -f /home/inrack/.local/cpython-3.14.7t/lib/pkgconfig/python3.pc
(cd /home/inrack/.local/cpython-3.14.7t/lib/pkgconfig; ln -s python-3.14.pc python3.pc)
rm -f /home/inrack/.local/cpython-3.14.7t/lib/pkgconfig/python3-embed.pc
(cd /home/inrack/.local/cpython-3.14.7t/lib/pkgconfig; ln -s python-3.14-embed.pc python3-embed.pc)
rm -f /home/inrack/.local/cpython-3.14.7t/bin/idle3
(cd /home/inrack/.local/cpython-3.14.7t/bin; ln -s idle3.14 idle3)
rm -f /home/inrack/.local/cpython-3.14.7t/bin/pydoc3
(cd /home/inrack/.local/cpython-3.14.7t/bin; ln -s pydoc3.14 pydoc3)
if test "x" != "x" ; then \
	rm -f /home/inrack/.local/cpython-3.14.7t/bin/python3-32; \
	(cd /home/inrack/.local/cpython-3.14.7t/bin; ln -s python3.14-32 python3-32) \
fi
if test "x" != "x" ; then \
	rm -f /home/inrack/.local/cpython-3.14.7t/bin/python3-intel64; \
	(cd /home/inrack/.local/cpython-3.14.7t/bin; ln -s python3.14-intel64 python3-intel64) \
fi
rm -f /home/inrack/.local/cpython-3.14.7t/share/man/man1/python3.1
(cd /home/inrack/.local/cpython-3.14.7t/share/man/man1; ln -s python3.14.1 python3.1)
if test "xinstall" != "xno"  ; then \
	case install in \
		upgrade) ensurepip="--upgrade" ;; \
		install|*) ensurepip="" ;; \
	esac; \
	 ./python -E -m ensurepip \
		$ensurepip --root=/ ; \
fi
Looking in links: /tmp/tmpwe88torc
Processing /tmp/tmpwe88torc/pip-26.2.1-py3-none-any.whl
Installing collected packages: pip
  WARNING: The scripts pip3 and pip3.14 are installed in '/home/inrack/.local/cpython-3.14.7t/bin' which is not on PATH.
  Consider adding this directory to PATH or, if you prefer to suppress this warning, use --no-warn-script-location.
Successfully installed pip-26.2.1
