for dir in pjlib/build pjlib-util/build pjnath/build third_party/build pjmedia/build pjsip/build pjsip-apps/build ; do \
	if make  -C $dir all; then \
	    true; \
	else \
	    exit 1; \
	fi; \
done
make[1]: Entering directory '/home/inrack/src/pjsip-build/pjproject-2.17/pjlib/build'
make -f /home/inrack/src/pjsip-build/pjproject-2.17/build/rules.mak APP=PJLIB app=pjlib ../lib/libpj-x86_64-pc-linux-gnu.a
make[2]: Entering directory '/home/inrack/src/pjsip-build/pjproject-2.17/pjlib/build'
mkdir -p output/pjlib-x86_64-pc-linux-gnu/
gcc -Wall -DPJ_AUTOCONF=1 -fPIC -DPJ_IS_BIG_ENDIAN=0 -DPJ_IS_LITTLE_ENDIAN=1    -I../include \
	-c -o output/pjlib-x86_64-pc-linux-gnu/file_access_unistd.o \
	../src/pj/file_access_unistd.c 
gcc -Wall -DPJ_AUTOCONF=1 -fPIC -DPJ_IS_BIG_ENDIAN=0 -DPJ_IS_LITTLE_ENDIAN=1    -I../include \
	-c -o output/pjlib-x86_64-pc-linux-gnu/file_io_ansi.o \
	../src/pj/file_io_ansi.c 
gcc -Wall -DPJ_AUTOCONF=1 -fPIC -DPJ_IS_BIG_ENDIAN=0 -DPJ_IS_LITTLE_ENDIAN=1    -I../include \
	-c -o output/pjlib-x86_64-pc-linux-gnu/os_core_unix.o \
	../src/pj/os_core_unix.c 
gcc -Wall -DPJ_AUTOCONF=1 -fPIC -DPJ_IS_BIG_ENDIAN=0 -DPJ_IS_LITTLE_ENDIAN=1    -I../include \
	-c -o output/pjlib-x86_64-pc-linux-gnu/os_error_unix.o \
	../src/pj/os_error_unix.c 
gcc -Wall -DPJ_AUTOCONF=1 -fPIC -DPJ_IS_BIG_ENDIAN=0 -DPJ_IS_LITTLE_ENDIAN=1    -I../include \
	-c -o output/pjlib-x86_64-pc-linux-gnu/os_time_unix.o \
	../src/pj/os_time_unix.c 
gcc -Wall -DPJ_AUTOCONF=1 -fPIC -DPJ_IS_BIG_ENDIAN=0 -DPJ_IS_LITTLE_ENDIAN=1    -I../include \
	-c -o output/pjlib-x86_64-pc-linux-gnu/os_timestamp_posix.o \
	../src/pj/os_timestamp_posix.c 
gcc -Wall -DPJ_AUTOCONF=1 -fPIC -DPJ_IS_BIG_ENDIAN=0 -DPJ_IS_LITTLE_ENDIAN=1    -I../include \
	-c -o output/pjlib-x86_64-pc-linux-gnu/sock_qos_bsd.o \
	../src/pj/sock_qos_bsd.c 
gcc -Wall -DPJ_AUTOCONF=1 -fPIC -DPJ_IS_BIG_ENDIAN=0 -DPJ_IS_LITTLE_ENDIAN=1    -I../include \
	-c -o output/pjlib-x86_64-pc-linux-gnu/guid_uuid.o \
	../src/pj/guid_uuid.c 
gcc -Wall -DPJ_AUTOCONF=1 -fPIC -DPJ_IS_BIG_ENDIAN=0 -DPJ_IS_LITTLE_ENDIAN=1    -I../include \
	-c -o output/pjlib-x86_64-pc-linux-gnu/addr_resolv_sock.o \
	../src/pj/addr_resolv_sock.c 
gcc -Wall -DPJ_AUTOCONF=1 -fPIC -DPJ_IS_BIG_ENDIAN=0 -DPJ_IS_LITTLE_ENDIAN=1    -I../include \
	-c -o output/pjlib-x86_64-pc-linux-gnu/ioqueue_dummy.o \
	../src/pj/ioqueue_dummy.c 
gcc -Wall -DPJ_AUTOCONF=1 -fPIC -DPJ_IS_BIG_ENDIAN=0 -DPJ_IS_LITTLE_ENDIAN=1    -I../include \
	-c -o output/pjlib-x86_64-pc-linux-gnu/ioqueue_epoll.o \
	../src/pj/ioqueue_epoll.c 
gcc -Wall -DPJ_AUTOCONF=1 -fPIC -DPJ_IS_BIG_ENDIAN=0 -DPJ_IS_LITTLE_ENDIAN=1    -I../include \
	-c -o output/pjlib-x86_64-pc-linux-gnu/ioqueue_kqueue.o \
	../src/pj/ioqueue_kqueue.c 
gcc -Wall -DPJ_AUTOCONF=1 -fPIC -DPJ_IS_BIG_ENDIAN=0 -DPJ_IS_LITTLE_ENDIAN=1    -I../include \
	-c -o output/pjlib-x86_64-pc-linux-gnu/ioqueue_select.o \
	../src/pj/ioqueue_select.c 
gcc -Wall -DPJ_AUTOCONF=1 -fPIC -DPJ_IS_BIG_ENDIAN=0 -DPJ_IS_LITTLE_ENDIAN=1    -I../include \
	-c -o output/pjlib-x86_64-pc-linux-gnu/log_writer_stdout.o \
	../src/pj/log_writer_stdout.c 
gcc -Wall -DPJ_AUTOCONF=1 -fPIC -DPJ_IS_BIG_ENDIAN=0 -DPJ_IS_LITTLE_ENDIAN=1    -I../include \
	-c -o output/pjlib-x86_64-pc-linux-gnu/os_timestamp_common.o \
	../src/pj/os_timestamp_common.c 
gcc -Wall -DPJ_AUTOCONF=1 -fPIC -DPJ_IS_BIG_ENDIAN=0 -DPJ_IS_LITTLE_ENDIAN=1    -I../include \
	-c -o output/pjlib-x86_64-pc-linux-gnu/pool_policy_malloc.o \
	../src/pj/pool_policy_malloc.c 
gcc -Wall -DPJ_AUTOCONF=1 -fPIC -DPJ_IS_BIG_ENDIAN=0 -DPJ_IS_LITTLE_ENDIAN=1    -I../include \
	-c -o output/pjlib-x86_64-pc-linux-gnu/sock_bsd.o \
	../src/pj/sock_bsd.c 
gcc -Wall -DPJ_AUTOCONF=1 -fPIC -DPJ_IS_BIG_ENDIAN=0 -DPJ_IS_LITTLE_ENDIAN=1    -I../include \
	-c -o output/pjlib-x86_64-pc-linux-gnu/sock_select.o \
	../src/pj/sock_select.c 
gcc -Wall -DPJ_AUTOCONF=1 -fPIC -DPJ_IS_BIG_ENDIAN=0 -DPJ_IS_LITTLE_ENDIAN=1    -I../include \
	-c -o output/pjlib-x86_64-pc-linux-gnu/activesock.o \
	../src/pj/activesock.c 
gcc -Wall -DPJ_AUTOCONF=1 -fPIC -DPJ_IS_BIG_ENDIAN=0 -DPJ_IS_LITTLE_ENDIAN=1    -I../include \
	-c -o output/pjlib-x86_64-pc-linux-gnu/array.o \
	../src/pj/array.c 
gcc -Wall -DPJ_AUTOCONF=1 -fPIC -DPJ_IS_BIG_ENDIAN=0 -DPJ_IS_LITTLE_ENDIAN=1    -I../include \
	-c -o output/pjlib-x86_64-pc-linux-gnu/atomic_slist.o \
	../src/pj/atomic_slist.c 
g++ -Wall -DPJ_AUTOCONF=1 -fPIC -DPJ_IS_BIG_ENDIAN=0 -DPJ_IS_LITTLE_ENDIAN=1    -I../include  -DPJ_AUTOCONF=1 -fPIC    \
	-c -o output/pjlib-x86_64-pc-linux-gnu/atomic_queue.o \
	../src/pj/atomic_queue.cpp
gcc -Wall -DPJ_AUTOCONF=1 -fPIC -DPJ_IS_BIG_ENDIAN=0 -DPJ_IS_LITTLE_ENDIAN=1    -I../include \
	-c -o output/pjlib-x86_64-pc-linux-gnu/config.o \
	../src/pj/config.c 
gcc -Wall -DPJ_AUTOCONF=1 -fPIC -DPJ_IS_BIG_ENDIAN=0 -DPJ_IS_LITTLE_ENDIAN=1    -I../include \
	-c -o output/pjlib-x86_64-pc-linux-gnu/ctype.o \
	../src/pj/ctype.c 
gcc -Wall -DPJ_AUTOCONF=1 -fPIC -DPJ_IS_BIG_ENDIAN=0 -DPJ_IS_LITTLE_ENDIAN=1    -I../include \
	-c -o output/pjlib-x86_64-pc-linux-gnu/errno.o \
	../src/pj/errno.c 
gcc -Wall -DPJ_AUTOCONF=1 -fPIC -DPJ_IS_BIG_ENDIAN=0 -DPJ_IS_LITTLE_ENDIAN=1    -I../include \
	-c -o output/pjlib-x86_64-pc-linux-gnu/except.o \
	../src/pj/except.c 
gcc -Wall -DPJ_AUTOCONF=1 -fPIC -DPJ_IS_BIG_ENDIAN=0 -DPJ_IS_LITTLE_ENDIAN=1    -I../include \
	-c -o output/pjlib-x86_64-pc-linux-gnu/fifobuf.o \
	../src/pj/fifobuf.c 
gcc -Wall -DPJ_AUTOCONF=1 -fPIC -DPJ_IS_BIG_ENDIAN=0 -DPJ_IS_LITTLE_ENDIAN=1    -I../include \
	-c -o output/pjlib-x86_64-pc-linux-gnu/guid.o \
	../src/pj/guid.c 
gcc -Wall -DPJ_AUTOCONF=1 -fPIC -DPJ_IS_BIG_ENDIAN=0 -DPJ_IS_LITTLE_ENDIAN=1    -I../include \
	-c -o output/pjlib-x86_64-pc-linux-gnu/hash.o \
	../src/pj/hash.c 
gcc -Wall -DPJ_AUTOCONF=1 -fPIC -DPJ_IS_BIG_ENDIAN=0 -DPJ_IS_LITTLE_ENDIAN=1    -I../include \
	-c -o output/pjlib-x86_64-pc-linux-gnu/ip_helper_generic.o \
	../src/pj/ip_helper_generic.c 
gcc -Wall -DPJ_AUTOCONF=1 -fPIC -DPJ_IS_BIG_ENDIAN=0 -DPJ_IS_LITTLE_ENDIAN=1    -I../include \
	-c -o output/pjlib-x86_64-pc-linux-gnu/list.o \
	../src/pj/list.c 
gcc -Wall -DPJ_AUTOCONF=1 -fPIC -DPJ_IS_BIG_ENDIAN=0 -DPJ_IS_LITTLE_ENDIAN=1    -I../include \
	-c -o output/pjlib-x86_64-pc-linux-gnu/lock.o \
	../src/pj/lock.c 
gcc -Wall -DPJ_AUTOCONF=1 -fPIC -DPJ_IS_BIG_ENDIAN=0 -DPJ_IS_LITTLE_ENDIAN=1    -I../include \
	-c -o output/pjlib-x86_64-pc-linux-gnu/log.o \
	../src/pj/log.c 
gcc -Wall -DPJ_AUTOCONF=1 -fPIC -DPJ_IS_BIG_ENDIAN=0 -DPJ_IS_LITTLE_ENDIAN=1    -I../include \
	-c -o output/pjlib-x86_64-pc-linux-gnu/os_time_common.o \
	../src/pj/os_time_common.c 
gcc -Wall -DPJ_AUTOCONF=1 -fPIC -DPJ_IS_BIG_ENDIAN=0 -DPJ_IS_LITTLE_ENDIAN=1    -I../include \
	-c -o output/pjlib-x86_64-pc-linux-gnu/os_info.o \
	../src/pj/os_info.c 
gcc -Wall -DPJ_AUTOCONF=1 -fPIC -DPJ_IS_BIG_ENDIAN=0 -DPJ_IS_LITTLE_ENDIAN=1    -I../include \
	-c -o output/pjlib-x86_64-pc-linux-gnu/pool.o \
	../src/pj/pool.c 
gcc -Wall -DPJ_AUTOCONF=1 -fPIC -DPJ_IS_BIG_ENDIAN=0 -DPJ_IS_LITTLE_ENDIAN=1    -I../include \
	-c -o output/pjlib-x86_64-pc-linux-gnu/pool_buf.o \
	../src/pj/pool_buf.c 
gcc -Wall -DPJ_AUTOCONF=1 -fPIC -DPJ_IS_BIG_ENDIAN=0 -DPJ_IS_LITTLE_ENDIAN=1    -I../include \
	-c -o output/pjlib-x86_64-pc-linux-gnu/pool_caching.o \
	../src/pj/pool_caching.c 
gcc -Wall -DPJ_AUTOCONF=1 -fPIC -DPJ_IS_BIG_ENDIAN=0 -DPJ_IS_LITTLE_ENDIAN=1    -I../include \
	-c -o output/pjlib-x86_64-pc-linux-gnu/pool_dbg.o \
	../src/pj/pool_dbg.c 
gcc -Wall -DPJ_AUTOCONF=1 -fPIC -DPJ_IS_BIG_ENDIAN=0 -DPJ_IS_LITTLE_ENDIAN=1    -I../include \
	-c -o output/pjlib-x86_64-pc-linux-gnu/rand.o \
	../src/pj/rand.c 
gcc -Wall -DPJ_AUTOCONF=1 -fPIC -DPJ_IS_BIG_ENDIAN=0 -DPJ_IS_LITTLE_ENDIAN=1    -I../include \
	-c -o output/pjlib-x86_64-pc-linux-gnu/rbtree.o \
	../src/pj/rbtree.c 
gcc -Wall -DPJ_AUTOCONF=1 -fPIC -DPJ_IS_BIG_ENDIAN=0 -DPJ_IS_LITTLE_ENDIAN=1    -I../include \
	-c -o output/pjlib-x86_64-pc-linux-gnu/sock_common.o \
	../src/pj/sock_common.c 
gcc -Wall -DPJ_AUTOCONF=1 -fPIC -DPJ_IS_BIG_ENDIAN=0 -DPJ_IS_LITTLE_ENDIAN=1    -I../include \
	-c -o output/pjlib-x86_64-pc-linux-gnu/sock_qos_common.o \
	../src/pj/sock_qos_common.c 
gcc -Wall -DPJ_AUTOCONF=1 -fPIC -DPJ_IS_BIG_ENDIAN=0 -DPJ_IS_LITTLE_ENDIAN=1    -I../include \
	-c -o output/pjlib-x86_64-pc-linux-gnu/ssl_sock_common.o \
	../src/pj/ssl_sock_common.c 
gcc -Wall -DPJ_AUTOCONF=1 -fPIC -DPJ_IS_BIG_ENDIAN=0 -DPJ_IS_LITTLE_ENDIAN=1    -I../include \
	-c -o output/pjlib-x86_64-pc-linux-gnu/ssl_sock_ossl.o \
	../src/pj/ssl_sock_ossl.c 
gcc -Wall -DPJ_AUTOCONF=1 -fPIC -DPJ_IS_BIG_ENDIAN=0 -DPJ_IS_LITTLE_ENDIAN=1    -I../include \
	-c -o output/pjlib-x86_64-pc-linux-gnu/ssl_sock_gtls.o \
	../src/pj/ssl_sock_gtls.c 
gcc -Wall -DPJ_AUTOCONF=1 -fPIC -DPJ_IS_BIG_ENDIAN=0 -DPJ_IS_LITTLE_ENDIAN=1    -I../include \
	-c -o output/pjlib-x86_64-pc-linux-gnu/ssl_sock_dump.o \
	../src/pj/ssl_sock_dump.c 
gcc -Wall -DPJ_AUTOCONF=1 -fPIC -DPJ_IS_BIG_ENDIAN=0 -DPJ_IS_LITTLE_ENDIAN=1    -I../include \
	-c -o output/pjlib-x86_64-pc-linux-gnu/ssl_sock_darwin.o \
	../src/pj/ssl_sock_darwin.c 
gcc -Wall -DPJ_AUTOCONF=1 -fPIC -DPJ_IS_BIG_ENDIAN=0 -DPJ_IS_LITTLE_ENDIAN=1    -I../include \
	-c -o output/pjlib-x86_64-pc-linux-gnu/ssl_sock_mbedtls.o \
	../src/pj/ssl_sock_mbedtls.c 
gcc -Wall -DPJ_AUTOCONF=1 -fPIC -DPJ_IS_BIG_ENDIAN=0 -DPJ_IS_LITTLE_ENDIAN=1    -I../include \
	-c -o output/pjlib-x86_64-pc-linux-gnu/string.o \
	../src/pj/string.c 
gcc -Wall -DPJ_AUTOCONF=1 -fPIC -DPJ_IS_BIG_ENDIAN=0 -DPJ_IS_LITTLE_ENDIAN=1    -I../include \
	-c -o output/pjlib-x86_64-pc-linux-gnu/timer.o \
	../src/pj/timer.c 
gcc -Wall -DPJ_AUTOCONF=1 -fPIC -DPJ_IS_BIG_ENDIAN=0 -DPJ_IS_LITTLE_ENDIAN=1    -I../include \
	-c -o output/pjlib-x86_64-pc-linux-gnu/types.o \
	../src/pj/types.c 
gcc -Wall -DPJ_AUTOCONF=1 -fPIC -DPJ_IS_BIG_ENDIAN=0 -DPJ_IS_LITTLE_ENDIAN=1    -I../include \
	-c -o output/pjlib-x86_64-pc-linux-gnu/unittest.o \
	../src/pj/unittest.c 
if test ! -d ../lib; then mkdir -p ../lib; fi
ar rv ../lib/libpj-x86_64-pc-linux-gnu.a  output/pjlib-x86_64-pc-linux-gnu/file_access_unistd.o  output/pjlib-x86_64-pc-linux-gnu/file_io_ansi.o  output/pjlib-x86_64-pc-linux-gnu/os_core_unix.o  output/pjlib-x86_64-pc-linux-gnu/os_error_unix.o  output/pjlib-x86_64-pc-linux-gnu/os_time_unix.o  output/pjlib-x86_64-pc-linux-gnu/os_timestamp_posix.o  output/pjlib-x86_64-pc-linux-gnu/sock_qos_bsd.o  output/pjlib-x86_64-pc-linux-gnu/guid_uuid.o  output/pjlib-x86_64-pc-linux-gnu/addr_resolv_sock.o  output/pjlib-x86_64-pc-linux-gnu/ioqueue_dummy.o  output/pjlib-x86_64-pc-linux-gnu/ioqueue_epoll.o  output/pjlib-x86_64-pc-linux-gnu/ioqueue_kqueue.o  output/pjlib-x86_64-pc-linux-gnu/ioqueue_select.o  output/pjlib-x86_64-pc-linux-gnu/log_writer_stdout.o  output/pjlib-x86_64-pc-linux-gnu/os_timestamp_common.o  output/pjlib-x86_64-pc-linux-gnu/pool_policy_malloc.o  output/pjlib-x86_64-pc-linux-gnu/sock_bsd.o  output/pjlib-x86_64-pc-linux-gnu/sock_select.o  output/pjlib-x86_64-pc-linux-gnu/activesock.o  output/pjlib-x86_64-pc-linux-gnu/array.o  output/pjlib-x86_64-pc-linux-gnu/atomic_slist.o  output/pjlib-x86_64-pc-linux-gnu/atomic_queue.o  output/pjlib-x86_64-pc-linux-gnu/config.o  output/pjlib-x86_64-pc-linux-gnu/ctype.o  output/pjlib-x86_64-pc-linux-gnu/errno.o  output/pjlib-x86_64-pc-linux-gnu/except.o  output/pjlib-x86_64-pc-linux-gnu/fifobuf.o  output/pjlib-x86_64-pc-linux-gnu/guid.o  output/pjlib-x86_64-pc-linux-gnu/hash.o  output/pjlib-x86_64-pc-linux-gnu/ip_helper_generic.o  output/pjlib-x86_64-pc-linux-gnu/list.o  output/pjlib-x86_64-pc-linux-gnu/lock.o  output/pjlib-x86_64-pc-linux-gnu/log.o  output/pjlib-x86_64-pc-linux-gnu/os_time_common.o  output/pjlib-x86_64-pc-linux-gnu/os_info.o  output/pjlib-x86_64-pc-linux-gnu/pool.o  output/pjlib-x86_64-pc-linux-gnu/pool_buf.o  output/pjlib-x86_64-pc-linux-gnu/pool_caching.o  output/pjlib-x86_64-pc-linux-gnu/pool_dbg.o  output/pjlib-x86_64-pc-linux-gnu/rand.o  output/pjlib-x86_64-pc-linux-gnu/rbtree.o  output/pjlib-x86_64-pc-linux-gnu/sock_common.o  output/pjlib-x86_64-pc-linux-gnu/sock_qos_common.o  output/pjlib-x86_64-pc-linux-gnu/ssl_sock_common.o  output/pjlib-x86_64-pc-linux-gnu/ssl_sock_ossl.o  output/pjlib-x86_64-pc-linux-gnu/ssl_sock_gtls.o  output/pjlib-x86_64-pc-linux-gnu/ssl_sock_dump.o  output/pjlib-x86_64-pc-linux-gnu/ssl_sock_darwin.o  output/pjlib-x86_64-pc-linux-gnu/ssl_sock_mbedtls.o  output/pjlib-x86_64-pc-linux-gnu/string.o  output/pjlib-x86_64-pc-linux-gnu/timer.o  output/pjlib-x86_64-pc-linux-gnu/types.o  output/pjlib-x86_64-pc-linux-gnu/unittest.o
ar: creating ../lib/libpj-x86_64-pc-linux-gnu.a
a - output/pjlib-x86_64-pc-linux-gnu/file_access_unistd.o
a - output/pjlib-x86_64-pc-linux-gnu/file_io_ansi.o
a - output/pjlib-x86_64-pc-linux-gnu/os_core_unix.o
a - output/pjlib-x86_64-pc-linux-gnu/os_error_unix.o
a - output/pjlib-x86_64-pc-linux-gnu/os_time_unix.o
a - output/pjlib-x86_64-pc-linux-gnu/os_timestamp_posix.o
a - output/pjlib-x86_64-pc-linux-gnu/sock_qos_bsd.o
a - output/pjlib-x86_64-pc-linux-gnu/guid_uuid.o
a - output/pjlib-x86_64-pc-linux-gnu/addr_resolv_sock.o
a - output/pjlib-x86_64-pc-linux-gnu/ioqueue_dummy.o
a - output/pjlib-x86_64-pc-linux-gnu/ioqueue_epoll.o
a - output/pjlib-x86_64-pc-linux-gnu/ioqueue_kqueue.o
a - output/pjlib-x86_64-pc-linux-gnu/ioqueue_select.o
a - output/pjlib-x86_64-pc-linux-gnu/log_writer_stdout.o
a - output/pjlib-x86_64-pc-linux-gnu/os_timestamp_common.o
a - output/pjlib-x86_64-pc-linux-gnu/pool_policy_malloc.o
a - output/pjlib-x86_64-pc-linux-gnu/sock_bsd.o
a - output/pjlib-x86_64-pc-linux-gnu/sock_select.o
a - output/pjlib-x86_64-pc-linux-gnu/activesock.o
a - output/pjlib-x86_64-pc-linux-gnu/array.o
a - output/pjlib-x86_64-pc-linux-gnu/atomic_slist.o
a - output/pjlib-x86_64-pc-linux-gnu/atomic_queue.o
a - output/pjlib-x86_64-pc-linux-gnu/config.o
a - output/pjlib-x86_64-pc-linux-gnu/ctype.o
a - output/pjlib-x86_64-pc-linux-gnu/errno.o
a - output/pjlib-x86_64-pc-linux-gnu/except.o
a - output/pjlib-x86_64-pc-linux-gnu/fifobuf.o
a - output/pjlib-x86_64-pc-linux-gnu/guid.o
a - output/pjlib-x86_64-pc-linux-gnu/hash.o
a - output/pjlib-x86_64-pc-linux-gnu/ip_helper_generic.o
a - output/pjlib-x86_64-pc-linux-gnu/list.o
a - output/pjlib-x86_64-pc-linux-gnu/lock.o
a - output/pjlib-x86_64-pc-linux-gnu/log.o
a - output/pjlib-x86_64-pc-linux-gnu/os_time_common.o
a - output/pjlib-x86_64-pc-linux-gnu/os_info.o
a - output/pjlib-x86_64-pc-linux-gnu/pool.o
a - output/pjlib-x86_64-pc-linux-gnu/pool_buf.o
a - output/pjlib-x86_64-pc-linux-gnu/pool_caching.o
a - output/pjlib-x86_64-pc-linux-gnu/pool_dbg.o
a - output/pjlib-x86_64-pc-linux-gnu/rand.o
a - output/pjlib-x86_64-pc-linux-gnu/rbtree.o
a - output/pjlib-x86_64-pc-linux-gnu/sock_common.o
a - output/pjlib-x86_64-pc-linux-gnu/sock_qos_common.o
a - output/pjlib-x86_64-pc-linux-gnu/ssl_sock_common.o
a - output/pjlib-x86_64-pc-linux-gnu/ssl_sock_ossl.o
a - output/pjlib-x86_64-pc-linux-gnu/ssl_sock_gtls.o
a - output/pjlib-x86_64-pc-linux-gnu/ssl_sock_dump.o
a - output/pjlib-x86_64-pc-linux-gnu/ssl_sock_darwin.o
a - output/pjlib-x86_64-pc-linux-gnu/ssl_sock_mbedtls.o
a - output/pjlib-x86_64-pc-linux-gnu/string.o
a - output/pjlib-x86_64-pc-linux-gnu/timer.o
a - output/pjlib-x86_64-pc-linux-gnu/types.o
a - output/pjlib-x86_64-pc-linux-gnu/unittest.o
ranlib ../lib/libpj-x86_64-pc-linux-gnu.a
make[2]: Leaving directory '/home/inrack/src/pjsip-build/pjproject-2.17/pjlib/build'
make -f /home/inrack/src/pjsip-build/pjproject-2.17/build/rules.mak APP=TEST app=pjlib-test ../bin/pjlib-test-x86_64-pc-linux-gnu
make[2]: Entering directory '/home/inrack/src/pjsip-build/pjproject-2.17/pjlib/build'
mkdir -p output/pjlib-test-x86_64-pc-linux-gnu/
gcc -Wall -DPJ_AUTOCONF=1 -fPIC -DPJ_IS_BIG_ENDIAN=0 -DPJ_IS_LITTLE_ENDIAN=1    -I../include \
	-c -o output/pjlib-test-x86_64-pc-linux-gnu/main.o \
	../src/pjlib-test/main.c 
gcc -Wall -DPJ_AUTOCONF=1 -fPIC -DPJ_IS_BIG_ENDIAN=0 -DPJ_IS_LITTLE_ENDIAN=1    -I../include \
	-c -o output/pjlib-test-x86_64-pc-linux-gnu/activesock.o \
	../src/pjlib-test/activesock.c 
gcc -Wall -DPJ_AUTOCONF=1 -fPIC -DPJ_IS_BIG_ENDIAN=0 -DPJ_IS_LITTLE_ENDIAN=1    -I../include \
	-c -o output/pjlib-test-x86_64-pc-linux-gnu/atomic.o \
	../src/pjlib-test/atomic.c 
gcc -Wall -DPJ_AUTOCONF=1 -fPIC -DPJ_IS_BIG_ENDIAN=0 -DPJ_IS_LITTLE_ENDIAN=1    -I../include \
	-c -o output/pjlib-test-x86_64-pc-linux-gnu/atomic_slist.o \
	../src/pjlib-test/atomic_slist.c 
gcc -Wall -DPJ_AUTOCONF=1 -fPIC -DPJ_IS_BIG_ENDIAN=0 -DPJ_IS_LITTLE_ENDIAN=1    -I../include \
	-c -o output/pjlib-test-x86_64-pc-linux-gnu/echo_clt.o \
	../src/pjlib-test/echo_clt.c 
gcc -Wall -DPJ_AUTOCONF=1 -fPIC -DPJ_IS_BIG_ENDIAN=0 -DPJ_IS_LITTLE_ENDIAN=1    -I../include \
	-c -o output/pjlib-test-x86_64-pc-linux-gnu/errno.o \
	../src/pjlib-test/errno.c 
gcc -Wall -DPJ_AUTOCONF=1 -fPIC -DPJ_IS_BIG_ENDIAN=0 -DPJ_IS_LITTLE_ENDIAN=1    -I../include \
	-c -o output/pjlib-test-x86_64-pc-linux-gnu/exception.o \
	../src/pjlib-test/exception.c 
gcc -Wall -DPJ_AUTOCONF=1 -fPIC -DPJ_IS_BIG_ENDIAN=0 -DPJ_IS_LITTLE_ENDIAN=1    -I../include \
	-c -o output/pjlib-test-x86_64-pc-linux-gnu/fifobuf.o \
	../src/pjlib-test/fifobuf.c 
gcc -Wall -DPJ_AUTOCONF=1 -fPIC -DPJ_IS_BIG_ENDIAN=0 -DPJ_IS_LITTLE_ENDIAN=1    -I../include \
	-c -o output/pjlib-test-x86_64-pc-linux-gnu/file.o \
	../src/pjlib-test/file.c 
gcc -Wall -DPJ_AUTOCONF=1 -fPIC -DPJ_IS_BIG_ENDIAN=0 -DPJ_IS_LITTLE_ENDIAN=1    -I../include \
	-c -o output/pjlib-test-x86_64-pc-linux-gnu/hash_test.o \
	../src/pjlib-test/hash_test.c 
gcc -Wall -DPJ_AUTOCONF=1 -fPIC -DPJ_IS_BIG_ENDIAN=0 -DPJ_IS_LITTLE_ENDIAN=1    -I../include \
	-c -o output/pjlib-test-x86_64-pc-linux-gnu/ioq_perf.o \
	../src/pjlib-test/ioq_perf.c 
gcc -Wall -DPJ_AUTOCONF=1 -fPIC -DPJ_IS_BIG_ENDIAN=0 -DPJ_IS_LITTLE_ENDIAN=1    -I../include \
	-c -o output/pjlib-test-x86_64-pc-linux-gnu/ioq_udp.o \
	../src/pjlib-test/ioq_udp.c 
gcc -Wall -DPJ_AUTOCONF=1 -fPIC -DPJ_IS_BIG_ENDIAN=0 -DPJ_IS_LITTLE_ENDIAN=1    -I../include \
	-c -o output/pjlib-test-x86_64-pc-linux-gnu/ioq_stress_test.o \
	../src/pjlib-test/ioq_stress_test.c 
gcc -Wall -DPJ_AUTOCONF=1 -fPIC -DPJ_IS_BIG_ENDIAN=0 -DPJ_IS_LITTLE_ENDIAN=1    -I../include \
	-c -o output/pjlib-test-x86_64-pc-linux-gnu/ioq_unreg.o \
	../src/pjlib-test/ioq_unreg.c 
gcc -Wall -DPJ_AUTOCONF=1 -fPIC -DPJ_IS_BIG_ENDIAN=0 -DPJ_IS_LITTLE_ENDIAN=1    -I../include \
	-c -o output/pjlib-test-x86_64-pc-linux-gnu/ioq_tcp.o \
	../src/pjlib-test/ioq_tcp.c 
gcc -Wall -DPJ_AUTOCONF=1 -fPIC -DPJ_IS_BIG_ENDIAN=0 -DPJ_IS_LITTLE_ENDIAN=1    -I../include \
	-c -o output/pjlib-test-x86_64-pc-linux-gnu/ioq_iocp_unreg_test.o \
	../src/pjlib-test/ioq_iocp_unreg_test.c 
gcc -Wall -DPJ_AUTOCONF=1 -fPIC -DPJ_IS_BIG_ENDIAN=0 -DPJ_IS_LITTLE_ENDIAN=1    -I../include \
	-c -o output/pjlib-test-x86_64-pc-linux-gnu/list.o \
	../src/pjlib-test/list.c 
gcc -Wall -DPJ_AUTOCONF=1 -fPIC -DPJ_IS_BIG_ENDIAN=0 -DPJ_IS_LITTLE_ENDIAN=1    -I../include \
	-c -o output/pjlib-test-x86_64-pc-linux-gnu/mutex.o \
	../src/pjlib-test/mutex.c 
gcc -Wall -DPJ_AUTOCONF=1 -fPIC -DPJ_IS_BIG_ENDIAN=0 -DPJ_IS_LITTLE_ENDIAN=1    -I../include \
	-c -o output/pjlib-test-x86_64-pc-linux-gnu/os.o \
	../src/pjlib-test/os.c 
gcc -Wall -DPJ_AUTOCONF=1 -fPIC -DPJ_IS_BIG_ENDIAN=0 -DPJ_IS_LITTLE_ENDIAN=1    -I../include \
	-c -o output/pjlib-test-x86_64-pc-linux-gnu/pool.o \
	../src/pjlib-test/pool.c 
gcc -Wall -DPJ_AUTOCONF=1 -fPIC -DPJ_IS_BIG_ENDIAN=0 -DPJ_IS_LITTLE_ENDIAN=1    -I../include \
	-c -o output/pjlib-test-x86_64-pc-linux-gnu/pool_perf.o \
	../src/pjlib-test/pool_perf.c 
gcc -Wall -DPJ_AUTOCONF=1 -fPIC -DPJ_IS_BIG_ENDIAN=0 -DPJ_IS_LITTLE_ENDIAN=1    -I../include \
	-c -o output/pjlib-test-x86_64-pc-linux-gnu/rand.o \
	../src/pjlib-test/rand.c 
gcc -Wall -DPJ_AUTOCONF=1 -fPIC -DPJ_IS_BIG_ENDIAN=0 -DPJ_IS_LITTLE_ENDIAN=1    -I../include \
	-c -o output/pjlib-test-x86_64-pc-linux-gnu/rbtree.o \
	../src/pjlib-test/rbtree.c 
gcc -Wall -DPJ_AUTOCONF=1 -fPIC -DPJ_IS_BIG_ENDIAN=0 -DPJ_IS_LITTLE_ENDIAN=1    -I../include \
	-c -o output/pjlib-test-x86_64-pc-linux-gnu/select.o \
	../src/pjlib-test/select.c 
gcc -Wall -DPJ_AUTOCONF=1 -fPIC -DPJ_IS_BIG_ENDIAN=0 -DPJ_IS_LITTLE_ENDIAN=1    -I../include \
	-c -o output/pjlib-test-x86_64-pc-linux-gnu/sleep.o \
	../src/pjlib-test/sleep.c 
gcc -Wall -DPJ_AUTOCONF=1 -fPIC -DPJ_IS_BIG_ENDIAN=0 -DPJ_IS_LITTLE_ENDIAN=1    -I../include \
	-c -o output/pjlib-test-x86_64-pc-linux-gnu/sock.o \
	../src/pjlib-test/sock.c 
gcc -Wall -DPJ_AUTOCONF=1 -fPIC -DPJ_IS_BIG_ENDIAN=0 -DPJ_IS_LITTLE_ENDIAN=1    -I../include \
	-c -o output/pjlib-test-x86_64-pc-linux-gnu/sock_perf.o \
	../src/pjlib-test/sock_perf.c 
gcc -Wall -DPJ_AUTOCONF=1 -fPIC -DPJ_IS_BIG_ENDIAN=0 -DPJ_IS_LITTLE_ENDIAN=1    -I../include \
	-c -o output/pjlib-test-x86_64-pc-linux-gnu/ssl_sock.o \
	../src/pjlib-test/ssl_sock.c 
gcc -Wall -DPJ_AUTOCONF=1 -fPIC -DPJ_IS_BIG_ENDIAN=0 -DPJ_IS_LITTLE_ENDIAN=1    -I../include \
	-c -o output/pjlib-test-x86_64-pc-linux-gnu/ssl_sock_stress.o \
	../src/pjlib-test/ssl_sock_stress.c 
gcc -Wall -DPJ_AUTOCONF=1 -fPIC -DPJ_IS_BIG_ENDIAN=0 -DPJ_IS_LITTLE_ENDIAN=1    -I../include \
	-c -o output/pjlib-test-x86_64-pc-linux-gnu/string.o \
	../src/pjlib-test/string.c 
gcc -Wall -DPJ_AUTOCONF=1 -fPIC -DPJ_IS_BIG_ENDIAN=0 -DPJ_IS_LITTLE_ENDIAN=1    -I../include \
	-c -o output/pjlib-test-x86_64-pc-linux-gnu/test.o \
	../src/pjlib-test/test.c 
gcc -Wall -DPJ_AUTOCONF=1 -fPIC -DPJ_IS_BIG_ENDIAN=0 -DPJ_IS_LITTLE_ENDIAN=1    -I../include \
	-c -o output/pjlib-test-x86_64-pc-linux-gnu/thread.o \
	../src/pjlib-test/thread.c 
gcc -Wall -DPJ_AUTOCONF=1 -fPIC -DPJ_IS_BIG_ENDIAN=0 -DPJ_IS_LITTLE_ENDIAN=1    -I../include \
	-c -o output/pjlib-test-x86_64-pc-linux-gnu/timer.o \
	../src/pjlib-test/timer.c 
gcc -Wall -DPJ_AUTOCONF=1 -fPIC -DPJ_IS_BIG_ENDIAN=0 -DPJ_IS_LITTLE_ENDIAN=1    -I../include \
	-c -o output/pjlib-test-x86_64-pc-linux-gnu/timestamp.o \
	../src/pjlib-test/timestamp.c 
gcc -Wall -DPJ_AUTOCONF=1 -fPIC -DPJ_IS_BIG_ENDIAN=0 -DPJ_IS_LITTLE_ENDIAN=1    -I../include \
	-c -o output/pjlib-test-x86_64-pc-linux-gnu/udp_echo_srv_sync.o \
	../src/pjlib-test/udp_echo_srv_sync.c 
gcc -Wall -DPJ_AUTOCONF=1 -fPIC -DPJ_IS_BIG_ENDIAN=0 -DPJ_IS_LITTLE_ENDIAN=1    -I../include \
	-c -o output/pjlib-test-x86_64-pc-linux-gnu/udp_echo_srv_ioqueue.o \
	../src/pjlib-test/udp_echo_srv_ioqueue.c 
gcc -Wall -DPJ_AUTOCONF=1 -fPIC -DPJ_IS_BIG_ENDIAN=0 -DPJ_IS_LITTLE_ENDIAN=1    -I../include \
	-c -o output/pjlib-test-x86_64-pc-linux-gnu/unittest_test.o \
	../src/pjlib-test/unittest_test.c 
gcc -Wall -DPJ_AUTOCONF=1 -fPIC -DPJ_IS_BIG_ENDIAN=0 -DPJ_IS_LITTLE_ENDIAN=1    -I../include \
	-c -o output/pjlib-test-x86_64-pc-linux-gnu/util.o \
	../src/pjlib-test/util.c 
if test ! -d ../bin; then mkdir -p ../bin; fi
g++ -o ../bin/pjlib-test-x86_64-pc-linux-gnu \
     output/pjlib-test-x86_64-pc-linux-gnu/main.o  output/pjlib-test-x86_64-pc-linux-gnu/activesock.o  output/pjlib-test-x86_64-pc-linux-gnu/atomic.o  output/pjlib-test-x86_64-pc-linux-gnu/atomic_slist.o  output/pjlib-test-x86_64-pc-linux-gnu/echo_clt.o  output/pjlib-test-x86_64-pc-linux-gnu/errno.o  output/pjlib-test-x86_64-pc-linux-gnu/exception.o  output/pjlib-test-x86_64-pc-linux-gnu/fifobuf.o  output/pjlib-test-x86_64-pc-linux-gnu/file.o  output/pjlib-test-x86_64-pc-linux-gnu/hash_test.o  output/pjlib-test-x86_64-pc-linux-gnu/ioq_perf.o  output/pjlib-test-x86_64-pc-linux-gnu/ioq_udp.o  output/pjlib-test-x86_64-pc-linux-gnu/ioq_stress_test.o  output/pjlib-test-x86_64-pc-linux-gnu/ioq_unreg.o  output/pjlib-test-x86_64-pc-linux-gnu/ioq_tcp.o  output/pjlib-test-x86_64-pc-linux-gnu/ioq_iocp_unreg_test.o  output/pjlib-test-x86_64-pc-linux-gnu/list.o  output/pjlib-test-x86_64-pc-linux-gnu/mutex.o  output/pjlib-test-x86_64-pc-linux-gnu/os.o  output/pjlib-test-x86_64-pc-linux-gnu/pool.o  output/pjlib-test-x86_64-pc-linux-gnu/pool_perf.o  output/pjlib-test-x86_64-pc-linux-gnu/rand.o  output/pjlib-test-x86_64-pc-linux-gnu/rbtree.o  output/pjlib-test-x86_64-pc-linux-gnu/select.o  output/pjlib-test-x86_64-pc-linux-gnu/sleep.o  output/pjlib-test-x86_64-pc-linux-gnu/sock.o  output/pjlib-test-x86_64-pc-linux-gnu/sock_perf.o  output/pjlib-test-x86_64-pc-linux-gnu/ssl_sock.o  output/pjlib-test-x86_64-pc-linux-gnu/ssl_sock_stress.o  output/pjlib-test-x86_64-pc-linux-gnu/string.o  output/pjlib-test-x86_64-pc-linux-gnu/test.o  output/pjlib-test-x86_64-pc-linux-gnu/thread.o  output/pjlib-test-x86_64-pc-linux-gnu/timer.o  output/pjlib-test-x86_64-pc-linux-gnu/timestamp.o  output/pjlib-test-x86_64-pc-linux-gnu/udp_echo_srv_sync.o  output/pjlib-test-x86_64-pc-linux-gnu/udp_echo_srv_ioqueue.o  output/pjlib-test-x86_64-pc-linux-gnu/unittest_test.o  output/pjlib-test-x86_64-pc-linux-gnu/util.o -lpj-x86_64-pc-linux-gnu  -lssl -lcrypto -luuid -lm -lrt -lpthread      -L/home/inrack/src/pjsip-build/pjproject-2.17/pjlib/lib -L/home/inrack/src/pjsip-build/pjproject-2.17/pjlib-util/lib -L/home/inrack/src/pjsip-build/pjproject-2.17/pjnath/lib -L/home/inrack/src/pjsip-build/pjproject-2.17/pjmedia/lib -L/home/inrack/src/pjsip-build/pjproject-2.17/pjsip/lib -L/home/inrack/src/pjsip-build/pjproject-2.17/third_party/lib               
make[2]: Leaving directory '/home/inrack/src/pjsip-build/pjproject-2.17/pjlib/build'
make[1]: Leaving directory '/home/inrack/src/pjsip-build/pjproject-2.17/pjlib/build'
make[1]: Entering directory '/home/inrack/src/pjsip-build/pjproject-2.17/pjlib-util/build'
make -f /home/inrack/src/pjsip-build/pjproject-2.17/build/rules.mak APP=PJLIB_UTIL app=pjlib-util ../lib/libpjlib-util-x86_64-pc-linux-gnu.a
make[2]: Entering directory '/home/inrack/src/pjsip-build/pjproject-2.17/pjlib-util/build'
mkdir -p output/pjlib-util-x86_64-pc-linux-gnu/
gcc -Wall -DPJ_AUTOCONF=1 -fPIC -DPJ_IS_BIG_ENDIAN=0 -DPJ_IS_LITTLE_ENDIAN=1    -I../include -I../../pjlib/include \
	-c -o output/pjlib-util-x86_64-pc-linux-gnu/base64.o \
	../src/pjlib-util/base64.c 
gcc -Wall -DPJ_AUTOCONF=1 -fPIC -DPJ_IS_BIG_ENDIAN=0 -DPJ_IS_LITTLE_ENDIAN=1    -I../include -I../../pjlib/include \
	-c -o output/pjlib-util-x86_64-pc-linux-gnu/cli.o \
	../src/pjlib-util/cli.c 
gcc -Wall -DPJ_AUTOCONF=1 -fPIC -DPJ_IS_BIG_ENDIAN=0 -DPJ_IS_LITTLE_ENDIAN=1    -I../include -I../../pjlib/include \
	-c -o output/pjlib-util-x86_64-pc-linux-gnu/cli_console.o \
	../src/pjlib-util/cli_console.c 
gcc -Wall -DPJ_AUTOCONF=1 -fPIC -DPJ_IS_BIG_ENDIAN=0 -DPJ_IS_LITTLE_ENDIAN=1    -I../include -I../../pjlib/include \
	-c -o output/pjlib-util-x86_64-pc-linux-gnu/cli_telnet.o \
	../src/pjlib-util/cli_telnet.c 
gcc -Wall -DPJ_AUTOCONF=1 -fPIC -DPJ_IS_BIG_ENDIAN=0 -DPJ_IS_LITTLE_ENDIAN=1    -I../include -I../../pjlib/include \
	-c -o output/pjlib-util-x86_64-pc-linux-gnu/crc32.o \
	../src/pjlib-util/crc32.c 
gcc -Wall -DPJ_AUTOCONF=1 -fPIC -DPJ_IS_BIG_ENDIAN=0 -DPJ_IS_LITTLE_ENDIAN=1    -I../include -I../../pjlib/include \
	-c -o output/pjlib-util-x86_64-pc-linux-gnu/errno.o \
	../src/pjlib-util/errno.c 
gcc -Wall -DPJ_AUTOCONF=1 -fPIC -DPJ_IS_BIG_ENDIAN=0 -DPJ_IS_LITTLE_ENDIAN=1    -I../include -I../../pjlib/include \
	-c -o output/pjlib-util-x86_64-pc-linux-gnu/dns.o \
	../src/pjlib-util/dns.c 
gcc -Wall -DPJ_AUTOCONF=1 -fPIC -DPJ_IS_BIG_ENDIAN=0 -DPJ_IS_LITTLE_ENDIAN=1    -I../include -I../../pjlib/include \
	-c -o output/pjlib-util-x86_64-pc-linux-gnu/dns_dump.o \
	../src/pjlib-util/dns_dump.c 
gcc -Wall -DPJ_AUTOCONF=1 -fPIC -DPJ_IS_BIG_ENDIAN=0 -DPJ_IS_LITTLE_ENDIAN=1    -I../include -I../../pjlib/include \
	-c -o output/pjlib-util-x86_64-pc-linux-gnu/dns_server.o \
	../src/pjlib-util/dns_server.c 
gcc -Wall -DPJ_AUTOCONF=1 -fPIC -DPJ_IS_BIG_ENDIAN=0 -DPJ_IS_LITTLE_ENDIAN=1    -I../include -I../../pjlib/include \
	-c -o output/pjlib-util-x86_64-pc-linux-gnu/getopt.o \
	../src/pjlib-util/getopt.c 
gcc -Wall -DPJ_AUTOCONF=1 -fPIC -DPJ_IS_BIG_ENDIAN=0 -DPJ_IS_LITTLE_ENDIAN=1    -I../include -I../../pjlib/include \
	-c -o output/pjlib-util-x86_64-pc-linux-gnu/hmac_md5.o \
	../src/pjlib-util/hmac_md5.c 
gcc -Wall -DPJ_AUTOCONF=1 -fPIC -DPJ_IS_BIG_ENDIAN=0 -DPJ_IS_LITTLE_ENDIAN=1    -I../include -I../../pjlib/include \
	-c -o output/pjlib-util-x86_64-pc-linux-gnu/hmac_sha1.o \
	../src/pjlib-util/hmac_sha1.c 
gcc -Wall -DPJ_AUTOCONF=1 -fPIC -DPJ_IS_BIG_ENDIAN=0 -DPJ_IS_LITTLE_ENDIAN=1    -I../include -I../../pjlib/include \
	-c -o output/pjlib-util-x86_64-pc-linux-gnu/http_client.o \
	../src/pjlib-util/http_client.c 
gcc -Wall -DPJ_AUTOCONF=1 -fPIC -DPJ_IS_BIG_ENDIAN=0 -DPJ_IS_LITTLE_ENDIAN=1    -I../include -I../../pjlib/include \
	-c -o output/pjlib-util-x86_64-pc-linux-gnu/json.o \
	../src/pjlib-util/json.c 
gcc -Wall -DPJ_AUTOCONF=1 -fPIC -DPJ_IS_BIG_ENDIAN=0 -DPJ_IS_LITTLE_ENDIAN=1    -I../include -I../../pjlib/include \
	-c -o output/pjlib-util-x86_64-pc-linux-gnu/md5.o \
	../src/pjlib-util/md5.c 
gcc -Wall -DPJ_AUTOCONF=1 -fPIC -DPJ_IS_BIG_ENDIAN=0 -DPJ_IS_LITTLE_ENDIAN=1    -I../include -I../../pjlib/include \
	-c -o output/pjlib-util-x86_64-pc-linux-gnu/pcap.o \
	../src/pjlib-util/pcap.c 
gcc -Wall -DPJ_AUTOCONF=1 -fPIC -DPJ_IS_BIG_ENDIAN=0 -DPJ_IS_LITTLE_ENDIAN=1    -I../include -I../../pjlib/include \
	-c -o output/pjlib-util-x86_64-pc-linux-gnu/resolver.o \
	../src/pjlib-util/resolver.c 
gcc -Wall -DPJ_AUTOCONF=1 -fPIC -DPJ_IS_BIG_ENDIAN=0 -DPJ_IS_LITTLE_ENDIAN=1    -I../include -I../../pjlib/include \
	-c -o output/pjlib-util-x86_64-pc-linux-gnu/scanner.o \
	../src/pjlib-util/scanner.c 
gcc -Wall -DPJ_AUTOCONF=1 -fPIC -DPJ_IS_BIG_ENDIAN=0 -DPJ_IS_LITTLE_ENDIAN=1    -I../include -I../../pjlib/include \
	-c -o output/pjlib-util-x86_64-pc-linux-gnu/sha1.o \
	../src/pjlib-util/sha1.c 
gcc -Wall -DPJ_AUTOCONF=1 -fPIC -DPJ_IS_BIG_ENDIAN=0 -DPJ_IS_LITTLE_ENDIAN=1    -I../include -I../../pjlib/include \
	-c -o output/pjlib-util-x86_64-pc-linux-gnu/srv_resolver.o \
	../src/pjlib-util/srv_resolver.c 
gcc -Wall -DPJ_AUTOCONF=1 -fPIC -DPJ_IS_BIG_ENDIAN=0 -DPJ_IS_LITTLE_ENDIAN=1    -I../include -I../../pjlib/include \
	-c -o output/pjlib-util-x86_64-pc-linux-gnu/string.o \
	../src/pjlib-util/string.c 
gcc -Wall -DPJ_AUTOCONF=1 -fPIC -DPJ_IS_BIG_ENDIAN=0 -DPJ_IS_LITTLE_ENDIAN=1    -I../include -I../../pjlib/include \
	-c -o output/pjlib-util-x86_64-pc-linux-gnu/stun_simple.o \
	../src/pjlib-util/stun_simple.c 
gcc -Wall -DPJ_AUTOCONF=1 -fPIC -DPJ_IS_BIG_ENDIAN=0 -DPJ_IS_LITTLE_ENDIAN=1    -I../include -I../../pjlib/include \
	-c -o output/pjlib-util-x86_64-pc-linux-gnu/stun_simple_client.o \
	../src/pjlib-util/stun_simple_client.c 
gcc -Wall -DPJ_AUTOCONF=1 -fPIC -DPJ_IS_BIG_ENDIAN=0 -DPJ_IS_LITTLE_ENDIAN=1    -I../include -I../../pjlib/include \
	-c -o output/pjlib-util-x86_64-pc-linux-gnu/websock.o \
	../src/pjlib-util/websock.c 
gcc -Wall -DPJ_AUTOCONF=1 -fPIC -DPJ_IS_BIG_ENDIAN=0 -DPJ_IS_LITTLE_ENDIAN=1    -I../include -I../../pjlib/include \
	-c -o output/pjlib-util-x86_64-pc-linux-gnu/xml.o \
	../src/pjlib-util/xml.c 
if test ! -d ../lib; then mkdir -p ../lib; fi
ar rv ../lib/libpjlib-util-x86_64-pc-linux-gnu.a  output/pjlib-util-x86_64-pc-linux-gnu/base64.o  output/pjlib-util-x86_64-pc-linux-gnu/cli.o  output/pjlib-util-x86_64-pc-linux-gnu/cli_console.o  output/pjlib-util-x86_64-pc-linux-gnu/cli_telnet.o  output/pjlib-util-x86_64-pc-linux-gnu/crc32.o  output/pjlib-util-x86_64-pc-linux-gnu/errno.o  output/pjlib-util-x86_64-pc-linux-gnu/dns.o  output/pjlib-util-x86_64-pc-linux-gnu/dns_dump.o  output/pjlib-util-x86_64-pc-linux-gnu/dns_server.o  output/pjlib-util-x86_64-pc-linux-gnu/getopt.o  output/pjlib-util-x86_64-pc-linux-gnu/hmac_md5.o  output/pjlib-util-x86_64-pc-linux-gnu/hmac_sha1.o  output/pjlib-util-x86_64-pc-linux-gnu/http_client.o  output/pjlib-util-x86_64-pc-linux-gnu/json.o  output/pjlib-util-x86_64-pc-linux-gnu/md5.o  output/pjlib-util-x86_64-pc-linux-gnu/pcap.o  output/pjlib-util-x86_64-pc-linux-gnu/resolver.o  output/pjlib-util-x86_64-pc-linux-gnu/scanner.o  output/pjlib-util-x86_64-pc-linux-gnu/sha1.o  output/pjlib-util-x86_64-pc-linux-gnu/srv_resolver.o  output/pjlib-util-x86_64-pc-linux-gnu/string.o  output/pjlib-util-x86_64-pc-linux-gnu/stun_simple.o  output/pjlib-util-x86_64-pc-linux-gnu/stun_simple_client.o  output/pjlib-util-x86_64-pc-linux-gnu/websock.o  output/pjlib-util-x86_64-pc-linux-gnu/xml.o
ar: creating ../lib/libpjlib-util-x86_64-pc-linux-gnu.a
a - output/pjlib-util-x86_64-pc-linux-gnu/base64.o
a - output/pjlib-util-x86_64-pc-linux-gnu/cli.o
a - output/pjlib-util-x86_64-pc-linux-gnu/cli_console.o
a - output/pjlib-util-x86_64-pc-linux-gnu/cli_telnet.o
a - output/pjlib-util-x86_64-pc-linux-gnu/crc32.o
a - output/pjlib-util-x86_64-pc-linux-gnu/errno.o
a - output/pjlib-util-x86_64-pc-linux-gnu/dns.o
a - output/pjlib-util-x86_64-pc-linux-gnu/dns_dump.o
a - output/pjlib-util-x86_64-pc-linux-gnu/dns_server.o
a - output/pjlib-util-x86_64-pc-linux-gnu/getopt.o
a - output/pjlib-util-x86_64-pc-linux-gnu/hmac_md5.o
a - output/pjlib-util-x86_64-pc-linux-gnu/hmac_sha1.o
a - output/pjlib-util-x86_64-pc-linux-gnu/http_client.o
a - output/pjlib-util-x86_64-pc-linux-gnu/json.o
a - output/pjlib-util-x86_64-pc-linux-gnu/md5.o
a - output/pjlib-util-x86_64-pc-linux-gnu/pcap.o
a - output/pjlib-util-x86_64-pc-linux-gnu/resolver.o
a - output/pjlib-util-x86_64-pc-linux-gnu/scanner.o
a - output/pjlib-util-x86_64-pc-linux-gnu/sha1.o
a - output/pjlib-util-x86_64-pc-linux-gnu/srv_resolver.o
a - output/pjlib-util-x86_64-pc-linux-gnu/string.o
a - output/pjlib-util-x86_64-pc-linux-gnu/stun_simple.o
a - output/pjlib-util-x86_64-pc-linux-gnu/stun_simple_client.o
a - output/pjlib-util-x86_64-pc-linux-gnu/websock.o
a - output/pjlib-util-x86_64-pc-linux-gnu/xml.o
ranlib ../lib/libpjlib-util-x86_64-pc-linux-gnu.a
make[2]: Leaving directory '/home/inrack/src/pjsip-build/pjproject-2.17/pjlib-util/build'
make -f /home/inrack/src/pjsip-build/pjproject-2.17/build/rules.mak APP=UTIL_TEST app=pjlib-util-test ../bin/pjlib-util-test-x86_64-pc-linux-gnu
make[2]: Entering directory '/home/inrack/src/pjsip-build/pjproject-2.17/pjlib-util/build'
mkdir -p output/pjlib-util-test-x86_64-pc-linux-gnu/
gcc -Wall -DPJ_AUTOCONF=1 -fPIC -DPJ_IS_BIG_ENDIAN=0 -DPJ_IS_LITTLE_ENDIAN=1    -I../include -I../../pjlib/include \
	-c -o output/pjlib-util-test-x86_64-pc-linux-gnu/main.o \
	../src/pjlib-util-test/main.c 
gcc -Wall -DPJ_AUTOCONF=1 -fPIC -DPJ_IS_BIG_ENDIAN=0 -DPJ_IS_LITTLE_ENDIAN=1    -I../include -I../../pjlib/include \
	-c -o output/pjlib-util-test-x86_64-pc-linux-gnu/xml.o \
	../src/pjlib-util-test/xml.c 
gcc -Wall -DPJ_AUTOCONF=1 -fPIC -DPJ_IS_BIG_ENDIAN=0 -DPJ_IS_LITTLE_ENDIAN=1    -I../include -I../../pjlib/include \
	-c -o output/pjlib-util-test-x86_64-pc-linux-gnu/encryption.o \
	../src/pjlib-util-test/encryption.c 
gcc -Wall -DPJ_AUTOCONF=1 -fPIC -DPJ_IS_BIG_ENDIAN=0 -DPJ_IS_LITTLE_ENDIAN=1    -I../include -I../../pjlib/include \
	-c -o output/pjlib-util-test-x86_64-pc-linux-gnu/stun.o \
	../src/pjlib-util-test/stun.c 
gcc -Wall -DPJ_AUTOCONF=1 -fPIC -DPJ_IS_BIG_ENDIAN=0 -DPJ_IS_LITTLE_ENDIAN=1    -I../include -I../../pjlib/include \
	-c -o output/pjlib-util-test-x86_64-pc-linux-gnu/resolver_test.o \
	../src/pjlib-util-test/resolver_test.c 
gcc -Wall -DPJ_AUTOCONF=1 -fPIC -DPJ_IS_BIG_ENDIAN=0 -DPJ_IS_LITTLE_ENDIAN=1    -I../include -I../../pjlib/include \
	-c -o output/pjlib-util-test-x86_64-pc-linux-gnu/test.o \
	../src/pjlib-util-test/test.c 
gcc -Wall -DPJ_AUTOCONF=1 -fPIC -DPJ_IS_BIG_ENDIAN=0 -DPJ_IS_LITTLE_ENDIAN=1    -I../include -I../../pjlib/include \
	-c -o output/pjlib-util-test-x86_64-pc-linux-gnu/json_test.o \
	../src/pjlib-util-test/json_test.c 
gcc -Wall -DPJ_AUTOCONF=1 -fPIC -DPJ_IS_BIG_ENDIAN=0 -DPJ_IS_LITTLE_ENDIAN=1    -I../include -I../../pjlib/include \
	-c -o output/pjlib-util-test-x86_64-pc-linux-gnu/http_client.o \
	../src/pjlib-util-test/http_client.c 
gcc -Wall -DPJ_AUTOCONF=1 -fPIC -DPJ_IS_BIG_ENDIAN=0 -DPJ_IS_LITTLE_ENDIAN=1    -I../include -I../../pjlib/include \
	-c -o output/pjlib-util-test-x86_64-pc-linux-gnu/websock_test.o \
	../src/pjlib-util-test/websock_test.c 
if test ! -d ../bin; then mkdir -p ../bin; fi
g++ -o ../bin/pjlib-util-test-x86_64-pc-linux-gnu \
     output/pjlib-util-test-x86_64-pc-linux-gnu/main.o  output/pjlib-util-test-x86_64-pc-linux-gnu/xml.o  output/pjlib-util-test-x86_64-pc-linux-gnu/encryption.o  output/pjlib-util-test-x86_64-pc-linux-gnu/stun.o  output/pjlib-util-test-x86_64-pc-linux-gnu/resolver_test.o  output/pjlib-util-test-x86_64-pc-linux-gnu/test.o  output/pjlib-util-test-x86_64-pc-linux-gnu/json_test.o  output/pjlib-util-test-x86_64-pc-linux-gnu/http_client.o  output/pjlib-util-test-x86_64-pc-linux-gnu/websock_test.o -lpjlib-util-x86_64-pc-linux-gnu -lpj-x86_64-pc-linux-gnu  -lssl -lcrypto -luuid -lm -lrt -lpthread      -L/home/inrack/src/pjsip-build/pjproject-2.17/pjlib/lib -L/home/inrack/src/pjsip-build/pjproject-2.17/pjlib-util/lib -L/home/inrack/src/pjsip-build/pjproject-2.17/pjnath/lib -L/home/inrack/src/pjsip-build/pjproject-2.17/pjmedia/lib -L/home/inrack/src/pjsip-build/pjproject-2.17/pjsip/lib -L/home/inrack/src/pjsip-build/pjproject-2.17/third_party/lib              
make[2]: Leaving directory '/home/inrack/src/pjsip-build/pjproject-2.17/pjlib-util/build'
make[1]: Leaving directory '/home/inrack/src/pjsip-build/pjproject-2.17/pjlib-util/build'
make[1]: Entering directory '/home/inrack/src/pjsip-build/pjproject-2.17/pjnath/build'
make -f /home/inrack/src/pjsip-build/pjproject-2.17/build/rules.mak APP=PJNATH app=pjnath ../lib/libpjnath-x86_64-pc-linux-gnu.a
make[2]: Entering directory '/home/inrack/src/pjsip-build/pjproject-2.17/pjnath/build'
mkdir -p output/pjnath-x86_64-pc-linux-gnu/
gcc -Wall -DPJ_AUTOCONF=1 -fPIC -DPJ_IS_BIG_ENDIAN=0 -DPJ_IS_LITTLE_ENDIAN=1    -I../include -I../../pjlib/include -I../../pjlib-util/include \
	-c -o output/pjnath-x86_64-pc-linux-gnu/errno.o \
	../src/pjnath/errno.c 
gcc -Wall -DPJ_AUTOCONF=1 -fPIC -DPJ_IS_BIG_ENDIAN=0 -DPJ_IS_LITTLE_ENDIAN=1    -I../include -I../../pjlib/include -I../../pjlib-util/include \
	-c -o output/pjnath-x86_64-pc-linux-gnu/ice_session.o \
	../src/pjnath/ice_session.c 
gcc -Wall -DPJ_AUTOCONF=1 -fPIC -DPJ_IS_BIG_ENDIAN=0 -DPJ_IS_LITTLE_ENDIAN=1    -I../include -I../../pjlib/include -I../../pjlib-util/include \
	-c -o output/pjnath-x86_64-pc-linux-gnu/ice_strans.o \
	../src/pjnath/ice_strans.c 
gcc -Wall -DPJ_AUTOCONF=1 -fPIC -DPJ_IS_BIG_ENDIAN=0 -DPJ_IS_LITTLE_ENDIAN=1    -I../include -I../../pjlib/include -I../../pjlib-util/include \
	-c -o output/pjnath-x86_64-pc-linux-gnu/nat_detect.o \
	../src/pjnath/nat_detect.c 
gcc -Wall -DPJ_AUTOCONF=1 -fPIC -DPJ_IS_BIG_ENDIAN=0 -DPJ_IS_LITTLE_ENDIAN=1    -I../include -I../../pjlib/include -I../../pjlib-util/include \
	-c -o output/pjnath-x86_64-pc-linux-gnu/stun_auth.o \
	../src/pjnath/stun_auth.c 
gcc -Wall -DPJ_AUTOCONF=1 -fPIC -DPJ_IS_BIG_ENDIAN=0 -DPJ_IS_LITTLE_ENDIAN=1    -I../include -I../../pjlib/include -I../../pjlib-util/include \
	-c -o output/pjnath-x86_64-pc-linux-gnu/stun_msg.o \
	../src/pjnath/stun_msg.c 
gcc -Wall -DPJ_AUTOCONF=1 -fPIC -DPJ_IS_BIG_ENDIAN=0 -DPJ_IS_LITTLE_ENDIAN=1    -I../include -I../../pjlib/include -I../../pjlib-util/include \
	-c -o output/pjnath-x86_64-pc-linux-gnu/stun_msg_dump.o \
	../src/pjnath/stun_msg_dump.c 
gcc -Wall -DPJ_AUTOCONF=1 -fPIC -DPJ_IS_BIG_ENDIAN=0 -DPJ_IS_LITTLE_ENDIAN=1    -I../include -I../../pjlib/include -I../../pjlib-util/include \
	-c -o output/pjnath-x86_64-pc-linux-gnu/stun_session.o \
	../src/pjnath/stun_session.c 
gcc -Wall -DPJ_AUTOCONF=1 -fPIC -DPJ_IS_BIG_ENDIAN=0 -DPJ_IS_LITTLE_ENDIAN=1    -I../include -I../../pjlib/include -I../../pjlib-util/include \
	-c -o output/pjnath-x86_64-pc-linux-gnu/stun_sock.o \
	../src/pjnath/stun_sock.c 
gcc -Wall -DPJ_AUTOCONF=1 -fPIC -DPJ_IS_BIG_ENDIAN=0 -DPJ_IS_LITTLE_ENDIAN=1    -I../include -I../../pjlib/include -I../../pjlib-util/include \
	-c -o output/pjnath-x86_64-pc-linux-gnu/stun_transaction.o \
	../src/pjnath/stun_transaction.c 
gcc -Wall -DPJ_AUTOCONF=1 -fPIC -DPJ_IS_BIG_ENDIAN=0 -DPJ_IS_LITTLE_ENDIAN=1    -I../include -I../../pjlib/include -I../../pjlib-util/include \
	-c -o output/pjnath-x86_64-pc-linux-gnu/turn_session.o \
	../src/pjnath/turn_session.c 
gcc -Wall -DPJ_AUTOCONF=1 -fPIC -DPJ_IS_BIG_ENDIAN=0 -DPJ_IS_LITTLE_ENDIAN=1    -I../include -I../../pjlib/include -I../../pjlib-util/include \
	-c -o output/pjnath-x86_64-pc-linux-gnu/turn_sock.o \
	../src/pjnath/turn_sock.c 
gcc -Wall -DPJ_AUTOCONF=1 -fPIC -DPJ_IS_BIG_ENDIAN=0 -DPJ_IS_LITTLE_ENDIAN=1    -I../include -I../../pjlib/include -I../../pjlib-util/include \
	-c -o output/pjnath-x86_64-pc-linux-gnu/upnp.o \
	../src/pjnath/upnp.c 
if test ! -d ../lib; then mkdir -p ../lib; fi
ar rv ../lib/libpjnath-x86_64-pc-linux-gnu.a  output/pjnath-x86_64-pc-linux-gnu/errno.o  output/pjnath-x86_64-pc-linux-gnu/ice_session.o  output/pjnath-x86_64-pc-linux-gnu/ice_strans.o  output/pjnath-x86_64-pc-linux-gnu/nat_detect.o  output/pjnath-x86_64-pc-linux-gnu/stun_auth.o  output/pjnath-x86_64-pc-linux-gnu/stun_msg.o  output/pjnath-x86_64-pc-linux-gnu/stun_msg_dump.o  output/pjnath-x86_64-pc-linux-gnu/stun_session.o  output/pjnath-x86_64-pc-linux-gnu/stun_sock.o  output/pjnath-x86_64-pc-linux-gnu/stun_transaction.o  output/pjnath-x86_64-pc-linux-gnu/turn_session.o  output/pjnath-x86_64-pc-linux-gnu/turn_sock.o  output/pjnath-x86_64-pc-linux-gnu/upnp.o
ar: creating ../lib/libpjnath-x86_64-pc-linux-gnu.a
a - output/pjnath-x86_64-pc-linux-gnu/errno.o
a - output/pjnath-x86_64-pc-linux-gnu/ice_session.o
a - output/pjnath-x86_64-pc-linux-gnu/ice_strans.o
a - output/pjnath-x86_64-pc-linux-gnu/nat_detect.o
a - output/pjnath-x86_64-pc-linux-gnu/stun_auth.o
a - output/pjnath-x86_64-pc-linux-gnu/stun_msg.o
a - output/pjnath-x86_64-pc-linux-gnu/stun_msg_dump.o
a - output/pjnath-x86_64-pc-linux-gnu/stun_session.o
a - output/pjnath-x86_64-pc-linux-gnu/stun_sock.o
a - output/pjnath-x86_64-pc-linux-gnu/stun_transaction.o
a - output/pjnath-x86_64-pc-linux-gnu/turn_session.o
a - output/pjnath-x86_64-pc-linux-gnu/turn_sock.o
a - output/pjnath-x86_64-pc-linux-gnu/upnp.o
ranlib ../lib/libpjnath-x86_64-pc-linux-gnu.a
make[2]: Leaving directory '/home/inrack/src/pjsip-build/pjproject-2.17/pjnath/build'
make -f /home/inrack/src/pjsip-build/pjproject-2.17/build/rules.mak APP=PJNATH_TEST app=pjnath-test ../bin/pjnath-test-x86_64-pc-linux-gnu
make -f /home/inrack/src/pjsip-build/pjproject-2.17/build/rules.mak APP=PJTURN_CLIENT app=pjturn-client ../bin/pjturn-client-x86_64-pc-linux-gnu
make -f /home/inrack/src/pjsip-build/pjproject-2.17/build/rules.mak APP=PJTURN_SRV app=pjturn-srv ../bin/pjturn-srv-x86_64-pc-linux-gnu
make[2]: Entering directory '/home/inrack/src/pjsip-build/pjproject-2.17/pjnath/build'
mkdir -p output/pjnath-test-x86_64-pc-linux-gnu/
make[2]: Entering directory '/home/inrack/src/pjsip-build/pjproject-2.17/pjnath/build'
mkdir -p output/pjturn-client-x86_64-pc-linux-gnu/
make[2]: Entering directory '/home/inrack/src/pjsip-build/pjproject-2.17/pjnath/build'
mkdir -p output/pjturn-srv-x86_64-pc-linux-gnu/
gcc -Wall -DPJ_AUTOCONF=1 -fPIC -DPJ_IS_BIG_ENDIAN=0 -DPJ_IS_LITTLE_ENDIAN=1    -I../include -I../../pjlib/include -I../../pjlib-util/include \
	-c -o output/pjnath-test-x86_64-pc-linux-gnu/main.o \
	../src/pjnath-test/main.c 
gcc -Wall -DPJ_AUTOCONF=1 -fPIC -DPJ_IS_BIG_ENDIAN=0 -DPJ_IS_LITTLE_ENDIAN=1    -I../include -I../../pjlib/include -I../../pjlib-util/include \
	-c -o output/pjnath-test-x86_64-pc-linux-gnu/ice_test.o \
	../src/pjnath-test/ice_test.c 
gcc -Wall -DPJ_AUTOCONF=1 -fPIC -DPJ_IS_BIG_ENDIAN=0 -DPJ_IS_LITTLE_ENDIAN=1    -I../include -I../../pjlib/include -I../../pjlib-util/include \
	-c -o output/pjnath-test-x86_64-pc-linux-gnu/stun.o \
	../src/pjnath-test/stun.c 
gcc -Wall -DPJ_AUTOCONF=1 -fPIC -DPJ_IS_BIG_ENDIAN=0 -DPJ_IS_LITTLE_ENDIAN=1    -I../include -I../../pjlib/include -I../../pjlib-util/include \
	-c -o output/pjnath-test-x86_64-pc-linux-gnu/sess_auth.o \
	../src/pjnath-test/sess_auth.c 
gcc -Wall -DPJ_AUTOCONF=1 -fPIC -DPJ_IS_BIG_ENDIAN=0 -DPJ_IS_LITTLE_ENDIAN=1    -I../include -I../../pjlib/include -I../../pjlib-util/include \
	-c -o output/pjnath-test-x86_64-pc-linux-gnu/server.o \
	../src/pjnath-test/server.c 
gcc -Wall -DPJ_AUTOCONF=1 -fPIC -DPJ_IS_BIG_ENDIAN=0 -DPJ_IS_LITTLE_ENDIAN=1    -I../include -I../../pjlib/include -I../../pjlib-util/include \
	-c -o output/pjturn-srv-x86_64-pc-linux-gnu/allocation.o \
	../src/pjturn-srv/allocation.c 
gcc -Wall -DPJ_AUTOCONF=1 -fPIC -DPJ_IS_BIG_ENDIAN=0 -DPJ_IS_LITTLE_ENDIAN=1    -I../include -I../../pjlib/include -I../../pjlib-util/include \
	-c -o output/pjnath-test-x86_64-pc-linux-gnu/concur_test.o \
	../src/pjnath-test/concur_test.c 
gcc -Wall -DPJ_AUTOCONF=1 -fPIC -DPJ_IS_BIG_ENDIAN=0 -DPJ_IS_LITTLE_ENDIAN=1    -I../include -I../../pjlib/include -I../../pjlib-util/include \
	-c -o output/pjturn-client-x86_64-pc-linux-gnu/client_main.o \
	../src/pjturn-client/client_main.c 
In file included from ../../pjlib/include/pj/types.h:32,
                 from ../../pjlib/include/pj/ioqueue.h:27,
                 from ../../pjlib/include/pj/activesock.h:27,
                 from ../../pjlib/include/pjlib.h:28,
                 from ../src/pjturn-srv/turn.h:22,
                 from ../src/pjturn-srv/allocation.c:19:
../src/pjturn-srv/allocation.c: In function ‘send_allocate_response’:
../../pjlib/include/pj/config.h:1617:29: warning: label ‘TODO___ADD_RESERVATION_TOKEN’ defined but not used [-Wunused-label]
 1617 | #  define PJ_TODO(id)       TODO___##id:
      |                             ^~~~~~~
../src/pjturn-srv/allocation.c:217:5: note: in expansion of macro ‘PJ_TODO’
  217 |     PJ_TODO(ADD_RESERVATION_TOKEN);
      |     ^~~~~~~
gcc -Wall -DPJ_AUTOCONF=1 -fPIC -DPJ_IS_BIG_ENDIAN=0 -DPJ_IS_LITTLE_ENDIAN=1    -I../include -I../../pjlib/include -I../../pjlib-util/include \
	-c -o output/pjnath-test-x86_64-pc-linux-gnu/stun_sock_test.o \
	../src/pjnath-test/stun_sock_test.c 
gcc -Wall -DPJ_AUTOCONF=1 -fPIC -DPJ_IS_BIG_ENDIAN=0 -DPJ_IS_LITTLE_ENDIAN=1    -I../include -I../../pjlib/include -I../../pjlib-util/include \
	-c -o output/pjnath-test-x86_64-pc-linux-gnu/turn_sock_test.o \
	../src/pjnath-test/turn_sock_test.c 
gcc -Wall -DPJ_AUTOCONF=1 -fPIC -DPJ_IS_BIG_ENDIAN=0 -DPJ_IS_LITTLE_ENDIAN=1    -I../include -I../../pjlib/include -I../../pjlib-util/include \
	-c -o output/pjnath-test-x86_64-pc-linux-gnu/test.o \
	../src/pjnath-test/test.c 
if test ! -d ../bin; then mkdir -p ../bin; fi
gcc -Wall -DPJ_AUTOCONF=1 -fPIC -DPJ_IS_BIG_ENDIAN=0 -DPJ_IS_LITTLE_ENDIAN=1    -I../include -I../../pjlib/include -I../../pjlib-util/include \
	-c -o output/pjturn-srv-x86_64-pc-linux-gnu/auth.o \
	../src/pjturn-srv/auth.c 
g++ -o ../bin/pjturn-client-x86_64-pc-linux-gnu \
     output/pjturn-client-x86_64-pc-linux-gnu/client_main.o -lpjnath-x86_64-pc-linux-gnu -lpjlib-util-x86_64-pc-linux-gnu -lpj-x86_64-pc-linux-gnu  -lssl -lcrypto -luuid -lm -lrt -lpthread      -L/home/inrack/src/pjsip-build/pjproject-2.17/pjlib/lib -L/home/inrack/src/pjsip-build/pjproject-2.17/pjlib-util/lib -L/home/inrack/src/pjsip-build/pjproject-2.17/pjnath/lib -L/home/inrack/src/pjsip-build/pjproject-2.17/pjmedia/lib -L/home/inrack/src/pjsip-build/pjproject-2.17/pjsip/lib -L/home/inrack/src/pjsip-build/pjproject-2.17/third_party/lib               
gcc -Wall -DPJ_AUTOCONF=1 -fPIC -DPJ_IS_BIG_ENDIAN=0 -DPJ_IS_LITTLE_ENDIAN=1    -I../include -I../../pjlib/include -I../../pjlib-util/include \
	-c -o output/pjturn-srv-x86_64-pc-linux-gnu/listener_udp.o \
	../src/pjturn-srv/listener_udp.c 
gcc -Wall -DPJ_AUTOCONF=1 -fPIC -DPJ_IS_BIG_ENDIAN=0 -DPJ_IS_LITTLE_ENDIAN=1    -I../include -I../../pjlib/include -I../../pjlib-util/include \
	-c -o output/pjturn-srv-x86_64-pc-linux-gnu/listener_tcp.o \
	../src/pjturn-srv/listener_tcp.c 
gcc -Wall -DPJ_AUTOCONF=1 -fPIC -DPJ_IS_BIG_ENDIAN=0 -DPJ_IS_LITTLE_ENDIAN=1    -I../include -I../../pjlib/include -I../../pjlib-util/include \
	-c -o output/pjturn-srv-x86_64-pc-linux-gnu/server.o \
	../src/pjturn-srv/server.c 
gcc -Wall -DPJ_AUTOCONF=1 -fPIC -DPJ_IS_BIG_ENDIAN=0 -DPJ_IS_LITTLE_ENDIAN=1    -I../include -I../../pjlib/include -I../../pjlib-util/include \
	-c -o output/pjturn-srv-x86_64-pc-linux-gnu/main.o \
	../src/pjturn-srv/main.c 
if test ! -d ../bin; then mkdir -p ../bin; fi
g++ -o ../bin/pjnath-test-x86_64-pc-linux-gnu \
     output/pjnath-test-x86_64-pc-linux-gnu/main.o  output/pjnath-test-x86_64-pc-linux-gnu/ice_test.o  output/pjnath-test-x86_64-pc-linux-gnu/stun.o  output/pjnath-test-x86_64-pc-linux-gnu/sess_auth.o  output/pjnath-test-x86_64-pc-linux-gnu/server.o  output/pjnath-test-x86_64-pc-linux-gnu/concur_test.o  output/pjnath-test-x86_64-pc-linux-gnu/stun_sock_test.o  output/pjnath-test-x86_64-pc-linux-gnu/turn_sock_test.o  output/pjnath-test-x86_64-pc-linux-gnu/test.o -lpjnath-x86_64-pc-linux-gnu -lpjlib-util-x86_64-pc-linux-gnu -lpj-x86_64-pc-linux-gnu  -lssl -lcrypto -luuid -lm -lrt -lpthread      -L/home/inrack/src/pjsip-build/pjproject-2.17/pjlib/lib -L/home/inrack/src/pjsip-build/pjproject-2.17/pjlib-util/lib -L/home/inrack/src/pjsip-build/pjproject-2.17/pjnath/lib -L/home/inrack/src/pjsip-build/pjproject-2.17/pjmedia/lib -L/home/inrack/src/pjsip-build/pjproject-2.17/pjsip/lib -L/home/inrack/src/pjsip-build/pjproject-2.17/third_party/lib               
make[2]: Leaving directory '/home/inrack/src/pjsip-build/pjproject-2.17/pjnath/build'
if test ! -d ../bin; then mkdir -p ../bin; fi
g++ -o ../bin/pjturn-srv-x86_64-pc-linux-gnu \
     output/pjturn-srv-x86_64-pc-linux-gnu/allocation.o  output/pjturn-srv-x86_64-pc-linux-gnu/auth.o  output/pjturn-srv-x86_64-pc-linux-gnu/listener_udp.o  output/pjturn-srv-x86_64-pc-linux-gnu/listener_tcp.o  output/pjturn-srv-x86_64-pc-linux-gnu/server.o  output/pjturn-srv-x86_64-pc-linux-gnu/main.o -lpjnath-x86_64-pc-linux-gnu -lpjlib-util-x86_64-pc-linux-gnu -lpj-x86_64-pc-linux-gnu  -lssl -lcrypto -luuid -lm -lrt -lpthread      -L/home/inrack/src/pjsip-build/pjproject-2.17/pjlib/lib -L/home/inrack/src/pjsip-build/pjproject-2.17/pjlib-util/lib -L/home/inrack/src/pjsip-build/pjproject-2.17/pjnath/lib -L/home/inrack/src/pjsip-build/pjproject-2.17/pjmedia/lib -L/home/inrack/src/pjsip-build/pjproject-2.17/pjsip/lib -L/home/inrack/src/pjsip-build/pjproject-2.17/third_party/lib               
make[2]: Leaving directory '/home/inrack/src/pjsip-build/pjproject-2.17/pjnath/build'
make[2]: Leaving directory '/home/inrack/src/pjsip-build/pjproject-2.17/pjnath/build'
make[1]: Leaving directory '/home/inrack/src/pjsip-build/pjproject-2.17/pjnath/build'
make[1]: Entering directory '/home/inrack/src/pjsip-build/pjproject-2.17/third_party/build'
for dir in gsm ilbc speex g7221 srtp resample yuv webrtc; do \
	if make  -C $dir all; then \
	    true; \
	else \
	    exit 1; \
	fi; \
done
make[2]: Entering directory '/home/inrack/src/pjsip-build/pjproject-2.17/third_party/build/gsm'
make -f /home/inrack/src/pjsip-build/pjproject-2.17/build/rules.mak APP=GSM_CODEC app=libgsmcodec ../../lib/libgsmcodec-x86_64-pc-linux-gnu.a
make[3]: Entering directory '/home/inrack/src/pjsip-build/pjproject-2.17/third_party/build/gsm'
mkdir -p output/libgsmcodec-x86_64-pc-linux-gnu/
gcc -DSASR -DWAV49 -DNeedFunctionPrototypes=1 -Wall -DPJ_AUTOCONF=1 -fPIC -DPJ_IS_BIG_ENDIAN=0 -DPJ_IS_LITTLE_ENDIAN=1    -I. -I../../gsm/inc -I../../../pjlib/include \
	-c -o output/libgsmcodec-x86_64-pc-linux-gnu/add.o \
	../../gsm/src/add.c 
gcc -DSASR -DWAV49 -DNeedFunctionPrototypes=1 -Wall -DPJ_AUTOCONF=1 -fPIC -DPJ_IS_BIG_ENDIAN=0 -DPJ_IS_LITTLE_ENDIAN=1    -I. -I../../gsm/inc -I../../../pjlib/include \
	-c -o output/libgsmcodec-x86_64-pc-linux-gnu/code.o \
	../../gsm/src/code.c 
gcc -DSASR -DWAV49 -DNeedFunctionPrototypes=1 -Wall -DPJ_AUTOCONF=1 -fPIC -DPJ_IS_BIG_ENDIAN=0 -DPJ_IS_LITTLE_ENDIAN=1    -I. -I../../gsm/inc -I../../../pjlib/include \
	-c -o output/libgsmcodec-x86_64-pc-linux-gnu/decode.o \
	../../gsm/src/decode.c 
gcc -DSASR -DWAV49 -DNeedFunctionPrototypes=1 -Wall -DPJ_AUTOCONF=1 -fPIC -DPJ_IS_BIG_ENDIAN=0 -DPJ_IS_LITTLE_ENDIAN=1    -I. -I../../gsm/inc -I../../../pjlib/include \
	-c -o output/libgsmcodec-x86_64-pc-linux-gnu/gsm_create.o \
	../../gsm/src/gsm_create.c 
gcc -DSASR -DWAV49 -DNeedFunctionPrototypes=1 -Wall -DPJ_AUTOCONF=1 -fPIC -DPJ_IS_BIG_ENDIAN=0 -DPJ_IS_LITTLE_ENDIAN=1    -I. -I../../gsm/inc -I../../../pjlib/include \
	-c -o output/libgsmcodec-x86_64-pc-linux-gnu/gsm_decode.o \
	../../gsm/src/gsm_decode.c 
gcc -DSASR -DWAV49 -DNeedFunctionPrototypes=1 -Wall -DPJ_AUTOCONF=1 -fPIC -DPJ_IS_BIG_ENDIAN=0 -DPJ_IS_LITTLE_ENDIAN=1    -I. -I../../gsm/inc -I../../../pjlib/include \
	-c -o output/libgsmcodec-x86_64-pc-linux-gnu/gsm_destroy.o \
	../../gsm/src/gsm_destroy.c 
gcc -DSASR -DWAV49 -DNeedFunctionPrototypes=1 -Wall -DPJ_AUTOCONF=1 -fPIC -DPJ_IS_BIG_ENDIAN=0 -DPJ_IS_LITTLE_ENDIAN=1    -I. -I../../gsm/inc -I../../../pjlib/include \
	-c -o output/libgsmcodec-x86_64-pc-linux-gnu/gsm_encode.o \
	../../gsm/src/gsm_encode.c 
gcc -DSASR -DWAV49 -DNeedFunctionPrototypes=1 -Wall -DPJ_AUTOCONF=1 -fPIC -DPJ_IS_BIG_ENDIAN=0 -DPJ_IS_LITTLE_ENDIAN=1    -I. -I../../gsm/inc -I../../../pjlib/include \
	-c -o output/libgsmcodec-x86_64-pc-linux-gnu/gsm_explode.o \
	../../gsm/src/gsm_explode.c 
gcc -DSASR -DWAV49 -DNeedFunctionPrototypes=1 -Wall -DPJ_AUTOCONF=1 -fPIC -DPJ_IS_BIG_ENDIAN=0 -DPJ_IS_LITTLE_ENDIAN=1    -I. -I../../gsm/inc -I../../../pjlib/include \
	-c -o output/libgsmcodec-x86_64-pc-linux-gnu/gsm_implode.o \
	../../gsm/src/gsm_implode.c 
gcc -DSASR -DWAV49 -DNeedFunctionPrototypes=1 -Wall -DPJ_AUTOCONF=1 -fPIC -DPJ_IS_BIG_ENDIAN=0 -DPJ_IS_LITTLE_ENDIAN=1    -I. -I../../gsm/inc -I../../../pjlib/include \
	-c -o output/libgsmcodec-x86_64-pc-linux-gnu/gsm_option.o \
	../../gsm/src/gsm_option.c 
gcc -DSASR -DWAV49 -DNeedFunctionPrototypes=1 -Wall -DPJ_AUTOCONF=1 -fPIC -DPJ_IS_BIG_ENDIAN=0 -DPJ_IS_LITTLE_ENDIAN=1    -I. -I../../gsm/inc -I../../../pjlib/include \
	-c -o output/libgsmcodec-x86_64-pc-linux-gnu/long_term.o \
	../../gsm/src/long_term.c 
gcc -DSASR -DWAV49 -DNeedFunctionPrototypes=1 -Wall -DPJ_AUTOCONF=1 -fPIC -DPJ_IS_BIG_ENDIAN=0 -DPJ_IS_LITTLE_ENDIAN=1    -I. -I../../gsm/inc -I../../../pjlib/include \
	-c -o output/libgsmcodec-x86_64-pc-linux-gnu/lpc.o \
	../../gsm/src/lpc.c 
gcc -DSASR -DWAV49 -DNeedFunctionPrototypes=1 -Wall -DPJ_AUTOCONF=1 -fPIC -DPJ_IS_BIG_ENDIAN=0 -DPJ_IS_LITTLE_ENDIAN=1    -I. -I../../gsm/inc -I../../../pjlib/include \
	-c -o output/libgsmcodec-x86_64-pc-linux-gnu/preprocess.o \
	../../gsm/src/preprocess.c 
gcc -DSASR -DWAV49 -DNeedFunctionPrototypes=1 -Wall -DPJ_AUTOCONF=1 -fPIC -DPJ_IS_BIG_ENDIAN=0 -DPJ_IS_LITTLE_ENDIAN=1    -I. -I../../gsm/inc -I../../../pjlib/include \
	-c -o output/libgsmcodec-x86_64-pc-linux-gnu/rpe.o \
	../../gsm/src/rpe.c 
gcc -DSASR -DWAV49 -DNeedFunctionPrototypes=1 -Wall -DPJ_AUTOCONF=1 -fPIC -DPJ_IS_BIG_ENDIAN=0 -DPJ_IS_LITTLE_ENDIAN=1    -I. -I../../gsm/inc -I../../../pjlib/include \
	-c -o output/libgsmcodec-x86_64-pc-linux-gnu/short_term.o \
	../../gsm/src/short_term.c 
gcc -DSASR -DWAV49 -DNeedFunctionPrototypes=1 -Wall -DPJ_AUTOCONF=1 -fPIC -DPJ_IS_BIG_ENDIAN=0 -DPJ_IS_LITTLE_ENDIAN=1    -I. -I../../gsm/inc -I../../../pjlib/include \
	-c -o output/libgsmcodec-x86_64-pc-linux-gnu/table.o \
	../../gsm/src/table.c 
if test ! -d ../../lib; then mkdir -p ../../lib; fi
ar rv ../../lib/libgsmcodec-x86_64-pc-linux-gnu.a  output/libgsmcodec-x86_64-pc-linux-gnu/add.o  output/libgsmcodec-x86_64-pc-linux-gnu/code.o  output/libgsmcodec-x86_64-pc-linux-gnu/decode.o  output/libgsmcodec-x86_64-pc-linux-gnu/gsm_create.o  output/libgsmcodec-x86_64-pc-linux-gnu/gsm_decode.o  output/libgsmcodec-x86_64-pc-linux-gnu/gsm_destroy.o  output/libgsmcodec-x86_64-pc-linux-gnu/gsm_encode.o  output/libgsmcodec-x86_64-pc-linux-gnu/gsm_explode.o  output/libgsmcodec-x86_64-pc-linux-gnu/gsm_implode.o  output/libgsmcodec-x86_64-pc-linux-gnu/gsm_option.o  output/libgsmcodec-x86_64-pc-linux-gnu/long_term.o  output/libgsmcodec-x86_64-pc-linux-gnu/lpc.o  output/libgsmcodec-x86_64-pc-linux-gnu/preprocess.o  output/libgsmcodec-x86_64-pc-linux-gnu/rpe.o  output/libgsmcodec-x86_64-pc-linux-gnu/short_term.o  output/libgsmcodec-x86_64-pc-linux-gnu/table.o
ar: creating ../../lib/libgsmcodec-x86_64-pc-linux-gnu.a
a - output/libgsmcodec-x86_64-pc-linux-gnu/add.o
a - output/libgsmcodec-x86_64-pc-linux-gnu/code.o
a - output/libgsmcodec-x86_64-pc-linux-gnu/decode.o
a - output/libgsmcodec-x86_64-pc-linux-gnu/gsm_create.o
a - output/libgsmcodec-x86_64-pc-linux-gnu/gsm_decode.o
a - output/libgsmcodec-x86_64-pc-linux-gnu/gsm_destroy.o
a - output/libgsmcodec-x86_64-pc-linux-gnu/gsm_encode.o
a - output/libgsmcodec-x86_64-pc-linux-gnu/gsm_explode.o
a - output/libgsmcodec-x86_64-pc-linux-gnu/gsm_implode.o
a - output/libgsmcodec-x86_64-pc-linux-gnu/gsm_option.o
a - output/libgsmcodec-x86_64-pc-linux-gnu/long_term.o
a - output/libgsmcodec-x86_64-pc-linux-gnu/lpc.o
a - output/libgsmcodec-x86_64-pc-linux-gnu/preprocess.o
a - output/libgsmcodec-x86_64-pc-linux-gnu/rpe.o
a - output/libgsmcodec-x86_64-pc-linux-gnu/short_term.o
a - output/libgsmcodec-x86_64-pc-linux-gnu/table.o
ranlib ../../lib/libgsmcodec-x86_64-pc-linux-gnu.a
make[3]: Leaving directory '/home/inrack/src/pjsip-build/pjproject-2.17/third_party/build/gsm'
make[2]: Leaving directory '/home/inrack/src/pjsip-build/pjproject-2.17/third_party/build/gsm'
make[2]: Entering directory '/home/inrack/src/pjsip-build/pjproject-2.17/third_party/build/ilbc'
make -f /home/inrack/src/pjsip-build/pjproject-2.17/build/rules.mak APP=ILBC app=libilbccodec ../../lib/libilbccodec-x86_64-pc-linux-gnu.a
make[3]: Entering directory '/home/inrack/src/pjsip-build/pjproject-2.17/third_party/build/ilbc'
mkdir -p output/libilbccodec-x86_64-pc-linux-gnu/
gcc -Wall -DPJ_AUTOCONF=1 -fPIC -DPJ_IS_BIG_ENDIAN=0 -DPJ_IS_LITTLE_ENDIAN=1    -I. -I../../ilbc -I../../../pjlib/include \
	-c -o output/libilbccodec-x86_64-pc-linux-gnu/FrameClassify.o \
	../../ilbc/FrameClassify.c 
gcc -Wall -DPJ_AUTOCONF=1 -fPIC -DPJ_IS_BIG_ENDIAN=0 -DPJ_IS_LITTLE_ENDIAN=1    -I. -I../../ilbc -I../../../pjlib/include \
	-c -o output/libilbccodec-x86_64-pc-linux-gnu/LPCdecode.o \
	../../ilbc/LPCdecode.c 
gcc -Wall -DPJ_AUTOCONF=1 -fPIC -DPJ_IS_BIG_ENDIAN=0 -DPJ_IS_LITTLE_ENDIAN=1    -I. -I../../ilbc -I../../../pjlib/include \
	-c -o output/libilbccodec-x86_64-pc-linux-gnu/LPCencode.o \
	../../ilbc/LPCencode.c 
gcc -Wall -DPJ_AUTOCONF=1 -fPIC -DPJ_IS_BIG_ENDIAN=0 -DPJ_IS_LITTLE_ENDIAN=1    -I. -I../../ilbc -I../../../pjlib/include \
	-c -o output/libilbccodec-x86_64-pc-linux-gnu/StateConstructW.o \
	../../ilbc/StateConstructW.c 
gcc -Wall -DPJ_AUTOCONF=1 -fPIC -DPJ_IS_BIG_ENDIAN=0 -DPJ_IS_LITTLE_ENDIAN=1    -I. -I../../ilbc -I../../../pjlib/include \
	-c -o output/libilbccodec-x86_64-pc-linux-gnu/StateSearchW.o \
	../../ilbc/StateSearchW.c 
gcc -Wall -DPJ_AUTOCONF=1 -fPIC -DPJ_IS_BIG_ENDIAN=0 -DPJ_IS_LITTLE_ENDIAN=1    -I. -I../../ilbc -I../../../pjlib/include \
	-c -o output/libilbccodec-x86_64-pc-linux-gnu/anaFilter.o \
	../../ilbc/anaFilter.c 
gcc -Wall -DPJ_AUTOCONF=1 -fPIC -DPJ_IS_BIG_ENDIAN=0 -DPJ_IS_LITTLE_ENDIAN=1    -I. -I../../ilbc -I../../../pjlib/include \
	-c -o output/libilbccodec-x86_64-pc-linux-gnu/constants.o \
	../../ilbc/constants.c 
gcc -Wall -DPJ_AUTOCONF=1 -fPIC -DPJ_IS_BIG_ENDIAN=0 -DPJ_IS_LITTLE_ENDIAN=1    -I. -I../../ilbc -I../../../pjlib/include \
	-c -o output/libilbccodec-x86_64-pc-linux-gnu/createCB.o \
	../../ilbc/createCB.c 
gcc -Wall -DPJ_AUTOCONF=1 -fPIC -DPJ_IS_BIG_ENDIAN=0 -DPJ_IS_LITTLE_ENDIAN=1    -I. -I../../ilbc -I../../../pjlib/include \
	-c -o output/libilbccodec-x86_64-pc-linux-gnu/doCPLC.o \
	../../ilbc/doCPLC.c 
gcc -Wall -DPJ_AUTOCONF=1 -fPIC -DPJ_IS_BIG_ENDIAN=0 -DPJ_IS_LITTLE_ENDIAN=1    -I. -I../../ilbc -I../../../pjlib/include \
	-c -o output/libilbccodec-x86_64-pc-linux-gnu/enhancer.o \
	../../ilbc/enhancer.c 
gcc -Wall -DPJ_AUTOCONF=1 -fPIC -DPJ_IS_BIG_ENDIAN=0 -DPJ_IS_LITTLE_ENDIAN=1    -I. -I../../ilbc -I../../../pjlib/include \
	-c -o output/libilbccodec-x86_64-pc-linux-gnu/filter.o \
	../../ilbc/filter.c 
gcc -Wall -DPJ_AUTOCONF=1 -fPIC -DPJ_IS_BIG_ENDIAN=0 -DPJ_IS_LITTLE_ENDIAN=1    -I. -I../../ilbc -I../../../pjlib/include \
	-c -o output/libilbccodec-x86_64-pc-linux-gnu/gainquant.o \
	../../ilbc/gainquant.c 
gcc -Wall -DPJ_AUTOCONF=1 -fPIC -DPJ_IS_BIG_ENDIAN=0 -DPJ_IS_LITTLE_ENDIAN=1    -I. -I../../ilbc -I../../../pjlib/include \
	-c -o output/libilbccodec-x86_64-pc-linux-gnu/getCBvec.o \
	../../ilbc/getCBvec.c 
gcc -Wall -DPJ_AUTOCONF=1 -fPIC -DPJ_IS_BIG_ENDIAN=0 -DPJ_IS_LITTLE_ENDIAN=1    -I. -I../../ilbc -I../../../pjlib/include \
	-c -o output/libilbccodec-x86_64-pc-linux-gnu/helpfun.o \
	../../ilbc/helpfun.c 
gcc -Wall -DPJ_AUTOCONF=1 -fPIC -DPJ_IS_BIG_ENDIAN=0 -DPJ_IS_LITTLE_ENDIAN=1    -I. -I../../ilbc -I../../../pjlib/include \
	-c -o output/libilbccodec-x86_64-pc-linux-gnu/hpInput.o \
	../../ilbc/hpInput.c 
gcc -Wall -DPJ_AUTOCONF=1 -fPIC -DPJ_IS_BIG_ENDIAN=0 -DPJ_IS_LITTLE_ENDIAN=1    -I. -I../../ilbc -I../../../pjlib/include \
	-c -o output/libilbccodec-x86_64-pc-linux-gnu/hpOutput.o \
	../../ilbc/hpOutput.c 
gcc -Wall -DPJ_AUTOCONF=1 -fPIC -DPJ_IS_BIG_ENDIAN=0 -DPJ_IS_LITTLE_ENDIAN=1    -I. -I../../ilbc -I../../../pjlib/include \
	-c -o output/libilbccodec-x86_64-pc-linux-gnu/iCBConstruct.o \
	../../ilbc/iCBConstruct.c 
gcc -Wall -DPJ_AUTOCONF=1 -fPIC -DPJ_IS_BIG_ENDIAN=0 -DPJ_IS_LITTLE_ENDIAN=1    -I. -I../../ilbc -I../../../pjlib/include \
	-c -o output/libilbccodec-x86_64-pc-linux-gnu/iCBSearch.o \
	../../ilbc/iCBSearch.c 
gcc -Wall -DPJ_AUTOCONF=1 -fPIC -DPJ_IS_BIG_ENDIAN=0 -DPJ_IS_LITTLE_ENDIAN=1    -I. -I../../ilbc -I../../../pjlib/include \
	-c -o output/libilbccodec-x86_64-pc-linux-gnu/iLBC_decode.o \
	../../ilbc/iLBC_decode.c 
gcc -Wall -DPJ_AUTOCONF=1 -fPIC -DPJ_IS_BIG_ENDIAN=0 -DPJ_IS_LITTLE_ENDIAN=1    -I. -I../../ilbc -I../../../pjlib/include \
	-c -o output/libilbccodec-x86_64-pc-linux-gnu/iLBC_encode.o \
	../../ilbc/iLBC_encode.c 
gcc -Wall -DPJ_AUTOCONF=1 -fPIC -DPJ_IS_BIG_ENDIAN=0 -DPJ_IS_LITTLE_ENDIAN=1    -I. -I../../ilbc -I../../../pjlib/include \
	-c -o output/libilbccodec-x86_64-pc-linux-gnu/lsf.o \
	../../ilbc/lsf.c 
gcc -Wall -DPJ_AUTOCONF=1 -fPIC -DPJ_IS_BIG_ENDIAN=0 -DPJ_IS_LITTLE_ENDIAN=1    -I. -I../../ilbc -I../../../pjlib/include \
	-c -o output/libilbccodec-x86_64-pc-linux-gnu/packing.o \
	../../ilbc/packing.c 
gcc -Wall -DPJ_AUTOCONF=1 -fPIC -DPJ_IS_BIG_ENDIAN=0 -DPJ_IS_LITTLE_ENDIAN=1    -I. -I../../ilbc -I../../../pjlib/include \
	-c -o output/libilbccodec-x86_64-pc-linux-gnu/syntFilter.o \
	../../ilbc/syntFilter.c 
if test ! -d ../../lib; then mkdir -p ../../lib; fi
ar rv ../../lib/libilbccodec-x86_64-pc-linux-gnu.a  output/libilbccodec-x86_64-pc-linux-gnu/FrameClassify.o  output/libilbccodec-x86_64-pc-linux-gnu/LPCdecode.o  output/libilbccodec-x86_64-pc-linux-gnu/LPCencode.o  output/libilbccodec-x86_64-pc-linux-gnu/StateConstructW.o  output/libilbccodec-x86_64-pc-linux-gnu/StateSearchW.o  output/libilbccodec-x86_64-pc-linux-gnu/anaFilter.o  output/libilbccodec-x86_64-pc-linux-gnu/constants.o  output/libilbccodec-x86_64-pc-linux-gnu/createCB.o  output/libilbccodec-x86_64-pc-linux-gnu/doCPLC.o  output/libilbccodec-x86_64-pc-linux-gnu/enhancer.o  output/libilbccodec-x86_64-pc-linux-gnu/filter.o  output/libilbccodec-x86_64-pc-linux-gnu/gainquant.o  output/libilbccodec-x86_64-pc-linux-gnu/getCBvec.o  output/libilbccodec-x86_64-pc-linux-gnu/helpfun.o  output/libilbccodec-x86_64-pc-linux-gnu/hpInput.o  output/libilbccodec-x86_64-pc-linux-gnu/hpOutput.o  output/libilbccodec-x86_64-pc-linux-gnu/iCBConstruct.o  output/libilbccodec-x86_64-pc-linux-gnu/iCBSearch.o  output/libilbccodec-x86_64-pc-linux-gnu/iLBC_decode.o  output/libilbccodec-x86_64-pc-linux-gnu/iLBC_encode.o  output/libilbccodec-x86_64-pc-linux-gnu/lsf.o  output/libilbccodec-x86_64-pc-linux-gnu/packing.o  output/libilbccodec-x86_64-pc-linux-gnu/syntFilter.o
ar: creating ../../lib/libilbccodec-x86_64-pc-linux-gnu.a
a - output/libilbccodec-x86_64-pc-linux-gnu/FrameClassify.o
a - output/libilbccodec-x86_64-pc-linux-gnu/LPCdecode.o
a - output/libilbccodec-x86_64-pc-linux-gnu/LPCencode.o
a - output/libilbccodec-x86_64-pc-linux-gnu/StateConstructW.o
a - output/libilbccodec-x86_64-pc-linux-gnu/StateSearchW.o
a - output/libilbccodec-x86_64-pc-linux-gnu/anaFilter.o
a - output/libilbccodec-x86_64-pc-linux-gnu/constants.o
a - output/libilbccodec-x86_64-pc-linux-gnu/createCB.o
a - output/libilbccodec-x86_64-pc-linux-gnu/doCPLC.o
a - output/libilbccodec-x86_64-pc-linux-gnu/enhancer.o
a - output/libilbccodec-x86_64-pc-linux-gnu/filter.o
a - output/libilbccodec-x86_64-pc-linux-gnu/gainquant.o
a - output/libilbccodec-x86_64-pc-linux-gnu/getCBvec.o
a - output/libilbccodec-x86_64-pc-linux-gnu/helpfun.o
a - output/libilbccodec-x86_64-pc-linux-gnu/hpInput.o
a - output/libilbccodec-x86_64-pc-linux-gnu/hpOutput.o
a - output/libilbccodec-x86_64-pc-linux-gnu/iCBConstruct.o
a - output/libilbccodec-x86_64-pc-linux-gnu/iCBSearch.o
a - output/libilbccodec-x86_64-pc-linux-gnu/iLBC_decode.o
a - output/libilbccodec-x86_64-pc-linux-gnu/iLBC_encode.o
a - output/libilbccodec-x86_64-pc-linux-gnu/lsf.o
a - output/libilbccodec-x86_64-pc-linux-gnu/packing.o
a - output/libilbccodec-x86_64-pc-linux-gnu/syntFilter.o
ranlib ../../lib/libilbccodec-x86_64-pc-linux-gnu.a
make[3]: Leaving directory '/home/inrack/src/pjsip-build/pjproject-2.17/third_party/build/ilbc'
make[2]: Leaving directory '/home/inrack/src/pjsip-build/pjproject-2.17/third_party/build/ilbc'
make[2]: Entering directory '/home/inrack/src/pjsip-build/pjproject-2.17/third_party/build/speex'
make -f /home/inrack/src/pjsip-build/pjproject-2.17/build/rules.mak APP=SPEEX app=libspeex ../../lib/libspeex-x86_64-pc-linux-gnu.a
make[3]: Entering directory '/home/inrack/src/pjsip-build/pjproject-2.17/third_party/build/speex'
mkdir -p output/libspeex-x86_64-pc-linux-gnu/
gcc -DHAVE_CONFIG_H -Wall -DPJ_AUTOCONF=1 -fPIC -DPJ_IS_BIG_ENDIAN=0 -DPJ_IS_LITTLE_ENDIAN=1    -I. -I../../speex/include -I../../speex/libspeex -I../../../pjlib/include \
	-c -o output/libspeex-x86_64-pc-linux-gnu/bits.o \
	../../speex/libspeex/bits.c 
gcc -DHAVE_CONFIG_H -Wall -DPJ_AUTOCONF=1 -fPIC -DPJ_IS_BIG_ENDIAN=0 -DPJ_IS_LITTLE_ENDIAN=1    -I. -I../../speex/include -I../../speex/libspeex -I../../../pjlib/include \
	-c -o output/libspeex-x86_64-pc-linux-gnu/cb_search.o \
	../../speex/libspeex/cb_search.c 
gcc -DHAVE_CONFIG_H -Wall -DPJ_AUTOCONF=1 -fPIC -DPJ_IS_BIG_ENDIAN=0 -DPJ_IS_LITTLE_ENDIAN=1    -I. -I../../speex/include -I../../speex/libspeex -I../../../pjlib/include \
	-c -o output/libspeex-x86_64-pc-linux-gnu/exc_10_16_table.o \
	../../speex/libspeex/exc_10_16_table.c 
gcc -DHAVE_CONFIG_H -Wall -DPJ_AUTOCONF=1 -fPIC -DPJ_IS_BIG_ENDIAN=0 -DPJ_IS_LITTLE_ENDIAN=1    -I. -I../../speex/include -I../../speex/libspeex -I../../../pjlib/include \
	-c -o output/libspeex-x86_64-pc-linux-gnu/exc_10_32_table.o \
	../../speex/libspeex/exc_10_32_table.c 
gcc -DHAVE_CONFIG_H -Wall -DPJ_AUTOCONF=1 -fPIC -DPJ_IS_BIG_ENDIAN=0 -DPJ_IS_LITTLE_ENDIAN=1    -I. -I../../speex/include -I../../speex/libspeex -I../../../pjlib/include \
	-c -o output/libspeex-x86_64-pc-linux-gnu/exc_20_32_table.o \
	../../speex/libspeex/exc_20_32_table.c 
gcc -DHAVE_CONFIG_H -Wall -DPJ_AUTOCONF=1 -fPIC -DPJ_IS_BIG_ENDIAN=0 -DPJ_IS_LITTLE_ENDIAN=1    -I. -I../../speex/include -I../../speex/libspeex -I../../../pjlib/include \
	-c -o output/libspeex-x86_64-pc-linux-gnu/exc_5_256_table.o \
	../../speex/libspeex/exc_5_256_table.c 
gcc -DHAVE_CONFIG_H -Wall -DPJ_AUTOCONF=1 -fPIC -DPJ_IS_BIG_ENDIAN=0 -DPJ_IS_LITTLE_ENDIAN=1    -I. -I../../speex/include -I../../speex/libspeex -I../../../pjlib/include \
	-c -o output/libspeex-x86_64-pc-linux-gnu/exc_5_64_table.o \
	../../speex/libspeex/exc_5_64_table.c 
gcc -DHAVE_CONFIG_H -Wall -DPJ_AUTOCONF=1 -fPIC -DPJ_IS_BIG_ENDIAN=0 -DPJ_IS_LITTLE_ENDIAN=1    -I. -I../../speex/include -I../../speex/libspeex -I../../../pjlib/include \
	-c -o output/libspeex-x86_64-pc-linux-gnu/exc_8_128_table.o \
	../../speex/libspeex/exc_8_128_table.c 
gcc -DHAVE_CONFIG_H -Wall -DPJ_AUTOCONF=1 -fPIC -DPJ_IS_BIG_ENDIAN=0 -DPJ_IS_LITTLE_ENDIAN=1    -I. -I../../speex/include -I../../speex/libspeex -I../../../pjlib/include \
	-c -o output/libspeex-x86_64-pc-linux-gnu/fftwrap.o \
	../../speex/libspeex/fftwrap.c 
gcc -DHAVE_CONFIG_H -Wall -DPJ_AUTOCONF=1 -fPIC -DPJ_IS_BIG_ENDIAN=0 -DPJ_IS_LITTLE_ENDIAN=1    -I. -I../../speex/include -I../../speex/libspeex -I../../../pjlib/include \
	-c -o output/libspeex-x86_64-pc-linux-gnu/filterbank.o \
	../../speex/libspeex/filterbank.c 
gcc -DHAVE_CONFIG_H -Wall -DPJ_AUTOCONF=1 -fPIC -DPJ_IS_BIG_ENDIAN=0 -DPJ_IS_LITTLE_ENDIAN=1    -I. -I../../speex/include -I../../speex/libspeex -I../../../pjlib/include \
	-c -o output/libspeex-x86_64-pc-linux-gnu/filters.o \
	../../speex/libspeex/filters.c 
gcc -DHAVE_CONFIG_H -Wall -DPJ_AUTOCONF=1 -fPIC -DPJ_IS_BIG_ENDIAN=0 -DPJ_IS_LITTLE_ENDIAN=1    -I. -I../../speex/include -I../../speex/libspeex -I../../../pjlib/include \
	-c -o output/libspeex-x86_64-pc-linux-gnu/gain_table.o \
	../../speex/libspeex/gain_table.c 
gcc -DHAVE_CONFIG_H -Wall -DPJ_AUTOCONF=1 -fPIC -DPJ_IS_BIG_ENDIAN=0 -DPJ_IS_LITTLE_ENDIAN=1    -I. -I../../speex/include -I../../speex/libspeex -I../../../pjlib/include \
	-c -o output/libspeex-x86_64-pc-linux-gnu/gain_table_lbr.o \
	../../speex/libspeex/gain_table_lbr.c 
gcc -DHAVE_CONFIG_H -Wall -DPJ_AUTOCONF=1 -fPIC -DPJ_IS_BIG_ENDIAN=0 -DPJ_IS_LITTLE_ENDIAN=1    -I. -I../../speex/include -I../../speex/libspeex -I../../../pjlib/include \
	-c -o output/libspeex-x86_64-pc-linux-gnu/hexc_10_32_table.o \
	../../speex/libspeex/hexc_10_32_table.c 
gcc -DHAVE_CONFIG_H -Wall -DPJ_AUTOCONF=1 -fPIC -DPJ_IS_BIG_ENDIAN=0 -DPJ_IS_LITTLE_ENDIAN=1    -I. -I../../speex/include -I../../speex/libspeex -I../../../pjlib/include \
	-c -o output/libspeex-x86_64-pc-linux-gnu/hexc_table.o \
	../../speex/libspeex/hexc_table.c 
gcc -DHAVE_CONFIG_H -Wall -DPJ_AUTOCONF=1 -fPIC -DPJ_IS_BIG_ENDIAN=0 -DPJ_IS_LITTLE_ENDIAN=1    -I. -I../../speex/include -I../../speex/libspeex -I../../../pjlib/include \
	-c -o output/libspeex-x86_64-pc-linux-gnu/high_lsp_tables.o \
	../../speex/libspeex/high_lsp_tables.c 
gcc -DHAVE_CONFIG_H -Wall -DPJ_AUTOCONF=1 -fPIC -DPJ_IS_BIG_ENDIAN=0 -DPJ_IS_LITTLE_ENDIAN=1    -I. -I../../speex/include -I../../speex/libspeex -I../../../pjlib/include \
	-c -o output/libspeex-x86_64-pc-linux-gnu/kiss_fft.o \
	../../speex/libspeex/kiss_fft.c 
gcc -DHAVE_CONFIG_H -Wall -DPJ_AUTOCONF=1 -fPIC -DPJ_IS_BIG_ENDIAN=0 -DPJ_IS_LITTLE_ENDIAN=1    -I. -I../../speex/include -I../../speex/libspeex -I../../../pjlib/include \
	-c -o output/libspeex-x86_64-pc-linux-gnu/kiss_fftr.o \
	../../speex/libspeex/kiss_fftr.c 
gcc -DHAVE_CONFIG_H -Wall -DPJ_AUTOCONF=1 -fPIC -DPJ_IS_BIG_ENDIAN=0 -DPJ_IS_LITTLE_ENDIAN=1    -I. -I../../speex/include -I../../speex/libspeex -I../../../pjlib/include \
	-c -o output/libspeex-x86_64-pc-linux-gnu/lpc.o \
	../../speex/libspeex/lpc.c 
gcc -DHAVE_CONFIG_H -Wall -DPJ_AUTOCONF=1 -fPIC -DPJ_IS_BIG_ENDIAN=0 -DPJ_IS_LITTLE_ENDIAN=1    -I. -I../../speex/include -I../../speex/libspeex -I../../../pjlib/include \
	-c -o output/libspeex-x86_64-pc-linux-gnu/lsp.o \
	../../speex/libspeex/lsp.c 
gcc -DHAVE_CONFIG_H -Wall -DPJ_AUTOCONF=1 -fPIC -DPJ_IS_BIG_ENDIAN=0 -DPJ_IS_LITTLE_ENDIAN=1    -I. -I../../speex/include -I../../speex/libspeex -I../../../pjlib/include \
	-c -o output/libspeex-x86_64-pc-linux-gnu/lsp_tables_nb.o \
	../../speex/libspeex/lsp_tables_nb.c 
gcc -DHAVE_CONFIG_H -Wall -DPJ_AUTOCONF=1 -fPIC -DPJ_IS_BIG_ENDIAN=0 -DPJ_IS_LITTLE_ENDIAN=1    -I. -I../../speex/include -I../../speex/libspeex -I../../../pjlib/include \
	-c -o output/libspeex-x86_64-pc-linux-gnu/ltp.o \
	../../speex/libspeex/ltp.c 
gcc -DHAVE_CONFIG_H -Wall -DPJ_AUTOCONF=1 -fPIC -DPJ_IS_BIG_ENDIAN=0 -DPJ_IS_LITTLE_ENDIAN=1    -I. -I../../speex/include -I../../speex/libspeex -I../../../pjlib/include \
	-c -o output/libspeex-x86_64-pc-linux-gnu/mdf.o \
	../../speex/libspeex/mdf.c 
gcc -DHAVE_CONFIG_H -Wall -DPJ_AUTOCONF=1 -fPIC -DPJ_IS_BIG_ENDIAN=0 -DPJ_IS_LITTLE_ENDIAN=1    -I. -I../../speex/include -I../../speex/libspeex -I../../../pjlib/include \
	-c -o output/libspeex-x86_64-pc-linux-gnu/modes.o \
	../../speex/libspeex/modes.c 
gcc -DHAVE_CONFIG_H -Wall -DPJ_AUTOCONF=1 -fPIC -DPJ_IS_BIG_ENDIAN=0 -DPJ_IS_LITTLE_ENDIAN=1    -I. -I../../speex/include -I../../speex/libspeex -I../../../pjlib/include \
	-c -o output/libspeex-x86_64-pc-linux-gnu/modes_wb.o \
	../../speex/libspeex/modes_wb.c 
gcc -DHAVE_CONFIG_H -Wall -DPJ_AUTOCONF=1 -fPIC -DPJ_IS_BIG_ENDIAN=0 -DPJ_IS_LITTLE_ENDIAN=1    -I. -I../../speex/include -I../../speex/libspeex -I../../../pjlib/include \
	-c -o output/libspeex-x86_64-pc-linux-gnu/nb_celp.o \
	../../speex/libspeex/nb_celp.c 
gcc -DHAVE_CONFIG_H -Wall -DPJ_AUTOCONF=1 -fPIC -DPJ_IS_BIG_ENDIAN=0 -DPJ_IS_LITTLE_ENDIAN=1    -I. -I../../speex/include -I../../speex/libspeex -I../../../pjlib/include \
	-c -o output/libspeex-x86_64-pc-linux-gnu/preprocess.o \
	../../speex/libspeex/preprocess.c 
gcc -DHAVE_CONFIG_H -Wall -DPJ_AUTOCONF=1 -fPIC -DPJ_IS_BIG_ENDIAN=0 -DPJ_IS_LITTLE_ENDIAN=1    -I. -I../../speex/include -I../../speex/libspeex -I../../../pjlib/include \
	-c -o output/libspeex-x86_64-pc-linux-gnu/quant_lsp.o \
	../../speex/libspeex/quant_lsp.c 
gcc -DHAVE_CONFIG_H -Wall -DPJ_AUTOCONF=1 -fPIC -DPJ_IS_BIG_ENDIAN=0 -DPJ_IS_LITTLE_ENDIAN=1    -I. -I../../speex/include -I../../speex/libspeex -I../../../pjlib/include \
	-c -o output/libspeex-x86_64-pc-linux-gnu/resample.o \
	../../speex/libspeex/resample.c 
gcc -DHAVE_CONFIG_H -Wall -DPJ_AUTOCONF=1 -fPIC -DPJ_IS_BIG_ENDIAN=0 -DPJ_IS_LITTLE_ENDIAN=1    -I. -I../../speex/include -I../../speex/libspeex -I../../../pjlib/include \
	-c -o output/libspeex-x86_64-pc-linux-gnu/sb_celp.o \
	../../speex/libspeex/sb_celp.c 
gcc -DHAVE_CONFIG_H -Wall -DPJ_AUTOCONF=1 -fPIC -DPJ_IS_BIG_ENDIAN=0 -DPJ_IS_LITTLE_ENDIAN=1    -I. -I../../speex/include -I../../speex/libspeex -I../../../pjlib/include \
	-c -o output/libspeex-x86_64-pc-linux-gnu/smallft.o \
	../../speex/libspeex/smallft.c 
gcc -DHAVE_CONFIG_H -Wall -DPJ_AUTOCONF=1 -fPIC -DPJ_IS_BIG_ENDIAN=0 -DPJ_IS_LITTLE_ENDIAN=1    -I. -I../../speex/include -I../../speex/libspeex -I../../../pjlib/include \
	-c -o output/libspeex-x86_64-pc-linux-gnu/speex.o \
	../../speex/libspeex/speex.c 
gcc -DHAVE_CONFIG_H -Wall -DPJ_AUTOCONF=1 -fPIC -DPJ_IS_BIG_ENDIAN=0 -DPJ_IS_LITTLE_ENDIAN=1    -I. -I../../speex/include -I../../speex/libspeex -I../../../pjlib/include \
	-c -o output/libspeex-x86_64-pc-linux-gnu/speex_callbacks.o \
	../../speex/libspeex/speex_callbacks.c 
gcc -DHAVE_CONFIG_H -Wall -DPJ_AUTOCONF=1 -fPIC -DPJ_IS_BIG_ENDIAN=0 -DPJ_IS_LITTLE_ENDIAN=1    -I. -I../../speex/include -I../../speex/libspeex -I../../../pjlib/include \
	-c -o output/libspeex-x86_64-pc-linux-gnu/speex_header.o \
	../../speex/libspeex/speex_header.c 
gcc -DHAVE_CONFIG_H -Wall -DPJ_AUTOCONF=1 -fPIC -DPJ_IS_BIG_ENDIAN=0 -DPJ_IS_LITTLE_ENDIAN=1    -I. -I../../speex/include -I../../speex/libspeex -I../../../pjlib/include \
	-c -o output/libspeex-x86_64-pc-linux-gnu/scal.o \
	../../speex/libspeex/scal.c 
gcc -DHAVE_CONFIG_H -Wall -DPJ_AUTOCONF=1 -fPIC -DPJ_IS_BIG_ENDIAN=0 -DPJ_IS_LITTLE_ENDIAN=1    -I. -I../../speex/include -I../../speex/libspeex -I../../../pjlib/include \
	-c -o output/libspeex-x86_64-pc-linux-gnu/stereo.o \
	../../speex/libspeex/stereo.c 
gcc -DHAVE_CONFIG_H -Wall -DPJ_AUTOCONF=1 -fPIC -DPJ_IS_BIG_ENDIAN=0 -DPJ_IS_LITTLE_ENDIAN=1    -I. -I../../speex/include -I../../speex/libspeex -I../../../pjlib/include \
	-c -o output/libspeex-x86_64-pc-linux-gnu/vbr.o \
	../../speex/libspeex/vbr.c 
gcc -DHAVE_CONFIG_H -Wall -DPJ_AUTOCONF=1 -fPIC -DPJ_IS_BIG_ENDIAN=0 -DPJ_IS_LITTLE_ENDIAN=1    -I. -I../../speex/include -I../../speex/libspeex -I../../../pjlib/include \
	-c -o output/libspeex-x86_64-pc-linux-gnu/vq.o \
	../../speex/libspeex/vq.c 
gcc -DHAVE_CONFIG_H -Wall -DPJ_AUTOCONF=1 -fPIC -DPJ_IS_BIG_ENDIAN=0 -DPJ_IS_LITTLE_ENDIAN=1    -I. -I../../speex/include -I../../speex/libspeex -I../../../pjlib/include \
	-c -o output/libspeex-x86_64-pc-linux-gnu/window.o \
	../../speex/libspeex/window.c 
if test ! -d ../../lib; then mkdir -p ../../lib; fi
ar rv ../../lib/libspeex-x86_64-pc-linux-gnu.a  output/libspeex-x86_64-pc-linux-gnu/bits.o  output/libspeex-x86_64-pc-linux-gnu/cb_search.o  output/libspeex-x86_64-pc-linux-gnu/exc_10_16_table.o  output/libspeex-x86_64-pc-linux-gnu/exc_10_32_table.o  output/libspeex-x86_64-pc-linux-gnu/exc_20_32_table.o  output/libspeex-x86_64-pc-linux-gnu/exc_5_256_table.o  output/libspeex-x86_64-pc-linux-gnu/exc_5_64_table.o  output/libspeex-x86_64-pc-linux-gnu/exc_8_128_table.o  output/libspeex-x86_64-pc-linux-gnu/fftwrap.o  output/libspeex-x86_64-pc-linux-gnu/filterbank.o  output/libspeex-x86_64-pc-linux-gnu/filters.o  output/libspeex-x86_64-pc-linux-gnu/gain_table.o  output/libspeex-x86_64-pc-linux-gnu/gain_table_lbr.o  output/libspeex-x86_64-pc-linux-gnu/hexc_10_32_table.o  output/libspeex-x86_64-pc-linux-gnu/hexc_table.o  output/libspeex-x86_64-pc-linux-gnu/high_lsp_tables.o  output/libspeex-x86_64-pc-linux-gnu/kiss_fft.o  output/libspeex-x86_64-pc-linux-gnu/kiss_fftr.o  output/libspeex-x86_64-pc-linux-gnu/lpc.o  output/libspeex-x86_64-pc-linux-gnu/lsp.o  output/libspeex-x86_64-pc-linux-gnu/lsp_tables_nb.o  output/libspeex-x86_64-pc-linux-gnu/ltp.o  output/libspeex-x86_64-pc-linux-gnu/mdf.o  output/libspeex-x86_64-pc-linux-gnu/modes.o  output/libspeex-x86_64-pc-linux-gnu/modes_wb.o  output/libspeex-x86_64-pc-linux-gnu/nb_celp.o  output/libspeex-x86_64-pc-linux-gnu/preprocess.o  output/libspeex-x86_64-pc-linux-gnu/quant_lsp.o  output/libspeex-x86_64-pc-linux-gnu/resample.o  output/libspeex-x86_64-pc-linux-gnu/sb_celp.o  output/libspeex-x86_64-pc-linux-gnu/smallft.o  output/libspeex-x86_64-pc-linux-gnu/speex.o  output/libspeex-x86_64-pc-linux-gnu/speex_callbacks.o  output/libspeex-x86_64-pc-linux-gnu/speex_header.o  output/libspeex-x86_64-pc-linux-gnu/scal.o  output/libspeex-x86_64-pc-linux-gnu/stereo.o  output/libspeex-x86_64-pc-linux-gnu/vbr.o  output/libspeex-x86_64-pc-linux-gnu/vq.o  output/libspeex-x86_64-pc-linux-gnu/window.o
ar: creating ../../lib/libspeex-x86_64-pc-linux-gnu.a
a - output/libspeex-x86_64-pc-linux-gnu/bits.o
a - output/libspeex-x86_64-pc-linux-gnu/cb_search.o
a - output/libspeex-x86_64-pc-linux-gnu/exc_10_16_table.o
a - output/libspeex-x86_64-pc-linux-gnu/exc_10_32_table.o
a - output/libspeex-x86_64-pc-linux-gnu/exc_20_32_table.o
a - output/libspeex-x86_64-pc-linux-gnu/exc_5_256_table.o
a - output/libspeex-x86_64-pc-linux-gnu/exc_5_64_table.o
a - output/libspeex-x86_64-pc-linux-gnu/exc_8_128_table.o
a - output/libspeex-x86_64-pc-linux-gnu/fftwrap.o
a - output/libspeex-x86_64-pc-linux-gnu/filterbank.o
a - output/libspeex-x86_64-pc-linux-gnu/filters.o
a - output/libspeex-x86_64-pc-linux-gnu/gain_table.o
a - output/libspeex-x86_64-pc-linux-gnu/gain_table_lbr.o
a - output/libspeex-x86_64-pc-linux-gnu/hexc_10_32_table.o
a - output/libspeex-x86_64-pc-linux-gnu/hexc_table.o
a - output/libspeex-x86_64-pc-linux-gnu/high_lsp_tables.o
a - output/libspeex-x86_64-pc-linux-gnu/kiss_fft.o
a - output/libspeex-x86_64-pc-linux-gnu/kiss_fftr.o
a - output/libspeex-x86_64-pc-linux-gnu/lpc.o
a - output/libspeex-x86_64-pc-linux-gnu/lsp.o
a - output/libspeex-x86_64-pc-linux-gnu/lsp_tables_nb.o
a - output/libspeex-x86_64-pc-linux-gnu/ltp.o
a - output/libspeex-x86_64-pc-linux-gnu/mdf.o
a - output/libspeex-x86_64-pc-linux-gnu/modes.o
a - output/libspeex-x86_64-pc-linux-gnu/modes_wb.o
a - output/libspeex-x86_64-pc-linux-gnu/nb_celp.o
a - output/libspeex-x86_64-pc-linux-gnu/preprocess.o
a - output/libspeex-x86_64-pc-linux-gnu/quant_lsp.o
a - output/libspeex-x86_64-pc-linux-gnu/resample.o
a - output/libspeex-x86_64-pc-linux-gnu/sb_celp.o
a - output/libspeex-x86_64-pc-linux-gnu/smallft.o
a - output/libspeex-x86_64-pc-linux-gnu/speex.o
a - output/libspeex-x86_64-pc-linux-gnu/speex_callbacks.o
a - output/libspeex-x86_64-pc-linux-gnu/speex_header.o
a - output/libspeex-x86_64-pc-linux-gnu/scal.o
a - output/libspeex-x86_64-pc-linux-gnu/stereo.o
a - output/libspeex-x86_64-pc-linux-gnu/vbr.o
a - output/libspeex-x86_64-pc-linux-gnu/vq.o
a - output/libspeex-x86_64-pc-linux-gnu/window.o
ranlib ../../lib/libspeex-x86_64-pc-linux-gnu.a
make[3]: Leaving directory '/home/inrack/src/pjsip-build/pjproject-2.17/third_party/build/speex'
make[2]: Leaving directory '/home/inrack/src/pjsip-build/pjproject-2.17/third_party/build/speex'
make[2]: Entering directory '/home/inrack/src/pjsip-build/pjproject-2.17/third_party/build/g7221'
make -f /home/inrack/src/pjsip-build/pjproject-2.17/build/rules.mak APP=G7221_CODEC app=libg7221codec ../../lib/libg7221codec-x86_64-pc-linux-gnu.a
make[3]: Entering directory '/home/inrack/src/pjsip-build/pjproject-2.17/third_party/build/g7221'
mkdir -p output/libg7221codec-x86_64-pc-linux-gnu/common/
mkdir -p output/libg7221codec-x86_64-pc-linux-gnu/decode/
mkdir -p output/libg7221codec-x86_64-pc-linux-gnu/encode/
gcc -Wall -DPJ_AUTOCONF=1 -fPIC -DPJ_IS_BIG_ENDIAN=0 -DPJ_IS_LITTLE_ENDIAN=1    -I../.. -I../../g7221/common -I../../g7221/common/stl-files -I../../../pjlib/include \
	-c -o output/libg7221codec-x86_64-pc-linux-gnu/common/common.o \
	../../g7221/common/common.c 
gcc -Wall -DPJ_AUTOCONF=1 -fPIC -DPJ_IS_BIG_ENDIAN=0 -DPJ_IS_LITTLE_ENDIAN=1    -I../.. -I../../g7221/common -I../../g7221/common/stl-files -I../../../pjlib/include \
	-c -o output/libg7221codec-x86_64-pc-linux-gnu/common/huff_tab.o \
	../../g7221/common/huff_tab.c 
gcc -Wall -DPJ_AUTOCONF=1 -fPIC -DPJ_IS_BIG_ENDIAN=0 -DPJ_IS_LITTLE_ENDIAN=1    -I../.. -I../../g7221/common -I../../g7221/common/stl-files -I../../../pjlib/include \
	-c -o output/libg7221codec-x86_64-pc-linux-gnu/common/tables.o \
	../../g7221/common/tables.c 
gcc -Wall -DPJ_AUTOCONF=1 -fPIC -DPJ_IS_BIG_ENDIAN=0 -DPJ_IS_LITTLE_ENDIAN=1    -I../.. -I../../g7221/common -I../../g7221/common/stl-files -I../../../pjlib/include \
	-c -o output/libg7221codec-x86_64-pc-linux-gnu/common/basic_op.o \
	../../g7221/common/basic_op.c 
gcc -Wall -DPJ_AUTOCONF=1 -fPIC -DPJ_IS_BIG_ENDIAN=0 -DPJ_IS_LITTLE_ENDIAN=1    -I../.. -I../../g7221/common -I../../g7221/common/stl-files -I../../../pjlib/include \
	-c -o output/libg7221codec-x86_64-pc-linux-gnu/decode/coef2sam.o \
	../../g7221/decode/coef2sam.c 
gcc -Wall -DPJ_AUTOCONF=1 -fPIC -DPJ_IS_BIG_ENDIAN=0 -DPJ_IS_LITTLE_ENDIAN=1    -I../.. -I../../g7221/common -I../../g7221/common/stl-files -I../../../pjlib/include \
	-c -o output/libg7221codec-x86_64-pc-linux-gnu/decode/dct4_s.o \
	../../g7221/decode/dct4_s.c 
gcc -Wall -DPJ_AUTOCONF=1 -fPIC -DPJ_IS_BIG_ENDIAN=0 -DPJ_IS_LITTLE_ENDIAN=1    -I../.. -I../../g7221/common -I../../g7221/common/stl-files -I../../../pjlib/include \
	-c -o output/libg7221codec-x86_64-pc-linux-gnu/decode/decoder.o \
	../../g7221/decode/decoder.c 
gcc -Wall -DPJ_AUTOCONF=1 -fPIC -DPJ_IS_BIG_ENDIAN=0 -DPJ_IS_LITTLE_ENDIAN=1    -I../.. -I../../g7221/common -I../../g7221/common/stl-files -I../../../pjlib/include \
	-c -o output/libg7221codec-x86_64-pc-linux-gnu/encode/dct4_a.o \
	../../g7221/encode/dct4_a.c 
gcc -Wall -DPJ_AUTOCONF=1 -fPIC -DPJ_IS_BIG_ENDIAN=0 -DPJ_IS_LITTLE_ENDIAN=1    -I../.. -I../../g7221/common -I../../g7221/common/stl-files -I../../../pjlib/include \
	-c -o output/libg7221codec-x86_64-pc-linux-gnu/encode/sam2coef.o \
	../../g7221/encode/sam2coef.c 
gcc -Wall -DPJ_AUTOCONF=1 -fPIC -DPJ_IS_BIG_ENDIAN=0 -DPJ_IS_LITTLE_ENDIAN=1    -I../.. -I../../g7221/common -I../../g7221/common/stl-files -I../../../pjlib/include \
	-c -o output/libg7221codec-x86_64-pc-linux-gnu/encode/encoder.o \
	../../g7221/encode/encoder.c 
if test ! -d ../../lib; then mkdir -p ../../lib; fi
ar rv ../../lib/libg7221codec-x86_64-pc-linux-gnu.a  output/libg7221codec-x86_64-pc-linux-gnu/common/common.o  output/libg7221codec-x86_64-pc-linux-gnu/common/huff_tab.o  output/libg7221codec-x86_64-pc-linux-gnu/common/tables.o  output/libg7221codec-x86_64-pc-linux-gnu/common/basic_op.o  output/libg7221codec-x86_64-pc-linux-gnu/decode/coef2sam.o  output/libg7221codec-x86_64-pc-linux-gnu/decode/dct4_s.o  output/libg7221codec-x86_64-pc-linux-gnu/decode/decoder.o  output/libg7221codec-x86_64-pc-linux-gnu/encode/dct4_a.o  output/libg7221codec-x86_64-pc-linux-gnu/encode/sam2coef.o  output/libg7221codec-x86_64-pc-linux-gnu/encode/encoder.o
ar: creating ../../lib/libg7221codec-x86_64-pc-linux-gnu.a
a - output/libg7221codec-x86_64-pc-linux-gnu/common/common.o
a - output/libg7221codec-x86_64-pc-linux-gnu/common/huff_tab.o
a - output/libg7221codec-x86_64-pc-linux-gnu/common/tables.o
a - output/libg7221codec-x86_64-pc-linux-gnu/common/basic_op.o
a - output/libg7221codec-x86_64-pc-linux-gnu/decode/coef2sam.o
a - output/libg7221codec-x86_64-pc-linux-gnu/decode/dct4_s.o
a - output/libg7221codec-x86_64-pc-linux-gnu/decode/decoder.o
a - output/libg7221codec-x86_64-pc-linux-gnu/encode/dct4_a.o
a - output/libg7221codec-x86_64-pc-linux-gnu/encode/sam2coef.o
a - output/libg7221codec-x86_64-pc-linux-gnu/encode/encoder.o
ranlib ../../lib/libg7221codec-x86_64-pc-linux-gnu.a
make[3]: Leaving directory '/home/inrack/src/pjsip-build/pjproject-2.17/third_party/build/g7221'
make[2]: Leaving directory '/home/inrack/src/pjsip-build/pjproject-2.17/third_party/build/g7221'
make[2]: Entering directory '/home/inrack/src/pjsip-build/pjproject-2.17/third_party/build/srtp'
make -f /home/inrack/src/pjsip-build/pjproject-2.17/build/rules.mak APP=SRTP app=libsrtp ../../lib/libsrtp-x86_64-pc-linux-gnu.a
make[3]: Entering directory '/home/inrack/src/pjsip-build/pjproject-2.17/third_party/build/srtp'
mkdir -p output/libsrtp-x86_64-pc-linux-gnu/crypto/cipher/
mkdir -p output/libsrtp-x86_64-pc-linux-gnu/crypto/hash/
mkdir -p output/libsrtp-x86_64-pc-linux-gnu/crypto/kernel/
mkdir -p output/libsrtp-x86_64-pc-linux-gnu/crypto/math/
mkdir -p output/libsrtp-x86_64-pc-linux-gnu/crypto/replay/
mkdir -p output/libsrtp-x86_64-pc-linux-gnu/pjlib/
mkdir -p output/libsrtp-x86_64-pc-linux-gnu/srtp/
gcc -DHAVE_CONFIG_H -I. -I../../srtp/crypto/include -I../../srtp/include -I../../../pjlib/include -Wall -DPJ_AUTOCONF=1 -fPIC -DPJ_IS_BIG_ENDIAN=0 -DPJ_IS_LITTLE_ENDIAN=1     -DOPENSSL -DGCM \
	-c -o output/libsrtp-x86_64-pc-linux-gnu/crypto/cipher/cipher.o \
	../../srtp/crypto/cipher/cipher.c 
gcc -DHAVE_CONFIG_H -I. -I../../srtp/crypto/include -I../../srtp/include -I../../../pjlib/include -Wall -DPJ_AUTOCONF=1 -fPIC -DPJ_IS_BIG_ENDIAN=0 -DPJ_IS_LITTLE_ENDIAN=1     -DOPENSSL -DGCM \
	-c -o output/libsrtp-x86_64-pc-linux-gnu/crypto/cipher/null_cipher.o \
	../../srtp/crypto/cipher/null_cipher.c 
gcc -DHAVE_CONFIG_H -I. -I../../srtp/crypto/include -I../../srtp/include -I../../../pjlib/include -Wall -DPJ_AUTOCONF=1 -fPIC -DPJ_IS_BIG_ENDIAN=0 -DPJ_IS_LITTLE_ENDIAN=1     -DOPENSSL -DGCM \
	-c -o output/libsrtp-x86_64-pc-linux-gnu/crypto/cipher/cipher_test_cases.o \
	../../srtp/crypto/cipher/cipher_test_cases.c 
gcc -DHAVE_CONFIG_H -I. -I../../srtp/crypto/include -I../../srtp/include -I../../../pjlib/include -Wall -DPJ_AUTOCONF=1 -fPIC -DPJ_IS_BIG_ENDIAN=0 -DPJ_IS_LITTLE_ENDIAN=1     -DOPENSSL -DGCM \
	-c -o output/libsrtp-x86_64-pc-linux-gnu/crypto/cipher/aes_icm_ossl.o \
	../../srtp/crypto/cipher/aes_icm_ossl.c 
gcc -DHAVE_CONFIG_H -I. -I../../srtp/crypto/include -I../../srtp/include -I../../../pjlib/include -Wall -DPJ_AUTOCONF=1 -fPIC -DPJ_IS_BIG_ENDIAN=0 -DPJ_IS_LITTLE_ENDIAN=1     -DOPENSSL -DGCM \
	-c -o output/libsrtp-x86_64-pc-linux-gnu/crypto/cipher/aes_gcm_ossl.o \
	../../srtp/crypto/cipher/aes_gcm_ossl.c 
gcc -DHAVE_CONFIG_H -I. -I../../srtp/crypto/include -I../../srtp/include -I../../../pjlib/include -Wall -DPJ_AUTOCONF=1 -fPIC -DPJ_IS_BIG_ENDIAN=0 -DPJ_IS_LITTLE_ENDIAN=1     -DOPENSSL -DGCM \
	-c -o output/libsrtp-x86_64-pc-linux-gnu/crypto/hash/null_auth.o \
	../../srtp/crypto/hash/null_auth.c 
gcc -DHAVE_CONFIG_H -I. -I../../srtp/crypto/include -I../../srtp/include -I../../../pjlib/include -Wall -DPJ_AUTOCONF=1 -fPIC -DPJ_IS_BIG_ENDIAN=0 -DPJ_IS_LITTLE_ENDIAN=1     -DOPENSSL -DGCM \
	-c -o output/libsrtp-x86_64-pc-linux-gnu/crypto/hash/auth.o \
	../../srtp/crypto/hash/auth.c 
gcc -DHAVE_CONFIG_H -I. -I../../srtp/crypto/include -I../../srtp/include -I../../../pjlib/include -Wall -DPJ_AUTOCONF=1 -fPIC -DPJ_IS_BIG_ENDIAN=0 -DPJ_IS_LITTLE_ENDIAN=1     -DOPENSSL -DGCM \
	-c -o output/libsrtp-x86_64-pc-linux-gnu/crypto/hash/auth_test_cases.o \
	../../srtp/crypto/hash/auth_test_cases.c 
gcc -DHAVE_CONFIG_H -I. -I../../srtp/crypto/include -I../../srtp/include -I../../../pjlib/include -Wall -DPJ_AUTOCONF=1 -fPIC -DPJ_IS_BIG_ENDIAN=0 -DPJ_IS_LITTLE_ENDIAN=1     -DOPENSSL -DGCM \
	-c -o output/libsrtp-x86_64-pc-linux-gnu/crypto/hash/hmac_ossl.o \
	../../srtp/crypto/hash/hmac_ossl.c 
gcc -DHAVE_CONFIG_H -I. -I../../srtp/crypto/include -I../../srtp/include -I../../../pjlib/include -Wall -DPJ_AUTOCONF=1 -fPIC -DPJ_IS_BIG_ENDIAN=0 -DPJ_IS_LITTLE_ENDIAN=1     -DOPENSSL -DGCM \
	-c -o output/libsrtp-x86_64-pc-linux-gnu/crypto/math/datatypes.o \
	../../srtp/crypto/math/datatypes.c 
gcc -DHAVE_CONFIG_H -I. -I../../srtp/crypto/include -I../../srtp/include -I../../../pjlib/include -Wall -DPJ_AUTOCONF=1 -fPIC -DPJ_IS_BIG_ENDIAN=0 -DPJ_IS_LITTLE_ENDIAN=1     -DOPENSSL -DGCM \
	-c -o output/libsrtp-x86_64-pc-linux-gnu/crypto/kernel/crypto_kernel.o \
	../../srtp/crypto/kernel/crypto_kernel.c 
gcc -DHAVE_CONFIG_H -I. -I../../srtp/crypto/include -I../../srtp/include -I../../../pjlib/include -Wall -DPJ_AUTOCONF=1 -fPIC -DPJ_IS_BIG_ENDIAN=0 -DPJ_IS_LITTLE_ENDIAN=1     -DOPENSSL -DGCM \
	-c -o output/libsrtp-x86_64-pc-linux-gnu/crypto/kernel/alloc.o \
	../../srtp/crypto/kernel/alloc.c 
gcc -DHAVE_CONFIG_H -I. -I../../srtp/crypto/include -I../../srtp/include -I../../../pjlib/include -Wall -DPJ_AUTOCONF=1 -fPIC -DPJ_IS_BIG_ENDIAN=0 -DPJ_IS_LITTLE_ENDIAN=1     -DOPENSSL -DGCM \
	-c -o output/libsrtp-x86_64-pc-linux-gnu/crypto/kernel/key.o \
	../../srtp/crypto/kernel/key.c 
gcc -DHAVE_CONFIG_H -I. -I../../srtp/crypto/include -I../../srtp/include -I../../../pjlib/include -Wall -DPJ_AUTOCONF=1 -fPIC -DPJ_IS_BIG_ENDIAN=0 -DPJ_IS_LITTLE_ENDIAN=1     -DOPENSSL -DGCM \
	-c -o output/libsrtp-x86_64-pc-linux-gnu/pjlib/srtp_err.o \
	../../srtp/pjlib/srtp_err.c 
gcc -DHAVE_CONFIG_H -I. -I../../srtp/crypto/include -I../../srtp/include -I../../../pjlib/include -Wall -DPJ_AUTOCONF=1 -fPIC -DPJ_IS_BIG_ENDIAN=0 -DPJ_IS_LITTLE_ENDIAN=1     -DOPENSSL -DGCM \
	-c -o output/libsrtp-x86_64-pc-linux-gnu/crypto/replay/rdb.o \
	../../srtp/crypto/replay/rdb.c 
gcc -DHAVE_CONFIG_H -I. -I../../srtp/crypto/include -I../../srtp/include -I../../../pjlib/include -Wall -DPJ_AUTOCONF=1 -fPIC -DPJ_IS_BIG_ENDIAN=0 -DPJ_IS_LITTLE_ENDIAN=1     -DOPENSSL -DGCM \
	-c -o output/libsrtp-x86_64-pc-linux-gnu/crypto/replay/rdbx.o \
	../../srtp/crypto/replay/rdbx.c 
gcc -DHAVE_CONFIG_H -I. -I../../srtp/crypto/include -I../../srtp/include -I../../../pjlib/include -Wall -DPJ_AUTOCONF=1 -fPIC -DPJ_IS_BIG_ENDIAN=0 -DPJ_IS_LITTLE_ENDIAN=1     -DOPENSSL -DGCM \
	-c -o output/libsrtp-x86_64-pc-linux-gnu/srtp/srtp.o \
	../../srtp/srtp/srtp.c 
if test ! -d ../../lib; then mkdir -p ../../lib; fi
ar rv ../../lib/libsrtp-x86_64-pc-linux-gnu.a  output/libsrtp-x86_64-pc-linux-gnu/crypto/cipher/cipher.o  output/libsrtp-x86_64-pc-linux-gnu/crypto/cipher/null_cipher.o  output/libsrtp-x86_64-pc-linux-gnu/crypto/cipher/cipher_test_cases.o  output/libsrtp-x86_64-pc-linux-gnu/crypto/cipher/aes_icm_ossl.o  output/libsrtp-x86_64-pc-linux-gnu/crypto/cipher/aes_gcm_ossl.o  output/libsrtp-x86_64-pc-linux-gnu/crypto/hash/null_auth.o  output/libsrtp-x86_64-pc-linux-gnu/crypto/hash/auth.o  output/libsrtp-x86_64-pc-linux-gnu/crypto/hash/auth_test_cases.o  output/libsrtp-x86_64-pc-linux-gnu/crypto/hash/hmac_ossl.o  output/libsrtp-x86_64-pc-linux-gnu/crypto/math/datatypes.o  output/libsrtp-x86_64-pc-linux-gnu/crypto/kernel/crypto_kernel.o  output/libsrtp-x86_64-pc-linux-gnu/crypto/kernel/alloc.o  output/libsrtp-x86_64-pc-linux-gnu/crypto/kernel/key.o  output/libsrtp-x86_64-pc-linux-gnu/pjlib/srtp_err.o  output/libsrtp-x86_64-pc-linux-gnu/crypto/replay/rdb.o  output/libsrtp-x86_64-pc-linux-gnu/crypto/replay/rdbx.o  output/libsrtp-x86_64-pc-linux-gnu/srtp/srtp.o
ar: creating ../../lib/libsrtp-x86_64-pc-linux-gnu.a
a - output/libsrtp-x86_64-pc-linux-gnu/crypto/cipher/cipher.o
a - output/libsrtp-x86_64-pc-linux-gnu/crypto/cipher/null_cipher.o
a - output/libsrtp-x86_64-pc-linux-gnu/crypto/cipher/cipher_test_cases.o
a - output/libsrtp-x86_64-pc-linux-gnu/crypto/cipher/aes_icm_ossl.o
a - output/libsrtp-x86_64-pc-linux-gnu/crypto/cipher/aes_gcm_ossl.o
a - output/libsrtp-x86_64-pc-linux-gnu/crypto/hash/null_auth.o
a - output/libsrtp-x86_64-pc-linux-gnu/crypto/hash/auth.o
a - output/libsrtp-x86_64-pc-linux-gnu/crypto/hash/auth_test_cases.o
a - output/libsrtp-x86_64-pc-linux-gnu/crypto/hash/hmac_ossl.o
a - output/libsrtp-x86_64-pc-linux-gnu/crypto/math/datatypes.o
a - output/libsrtp-x86_64-pc-linux-gnu/crypto/kernel/crypto_kernel.o
a - output/libsrtp-x86_64-pc-linux-gnu/crypto/kernel/alloc.o
a - output/libsrtp-x86_64-pc-linux-gnu/crypto/kernel/key.o
a - output/libsrtp-x86_64-pc-linux-gnu/pjlib/srtp_err.o
a - output/libsrtp-x86_64-pc-linux-gnu/crypto/replay/rdb.o
a - output/libsrtp-x86_64-pc-linux-gnu/crypto/replay/rdbx.o
a - output/libsrtp-x86_64-pc-linux-gnu/srtp/srtp.o
ranlib ../../lib/libsrtp-x86_64-pc-linux-gnu.a
make[3]: Leaving directory '/home/inrack/src/pjsip-build/pjproject-2.17/third_party/build/srtp'
make[2]: Leaving directory '/home/inrack/src/pjsip-build/pjproject-2.17/third_party/build/srtp'
make[2]: Entering directory '/home/inrack/src/pjsip-build/pjproject-2.17/third_party/build/resample'
make -f /home/inrack/src/pjsip-build/pjproject-2.17/build/rules.mak APP=RESAMPLE app=libresample ../../lib/libresample-x86_64-pc-linux-gnu.a
make[3]: Entering directory '/home/inrack/src/pjsip-build/pjproject-2.17/third_party/build/resample'
mkdir -p output/libresample-x86_64-pc-linux-gnu/
gcc -Wall -DPJ_AUTOCONF=1 -fPIC -DPJ_IS_BIG_ENDIAN=0 -DPJ_IS_LITTLE_ENDIAN=1    -I. -I../../resample/include -I../../../pjlib/include \
	-c -o output/libresample-x86_64-pc-linux-gnu/resamplesubs.o \
	../../resample/src/resamplesubs.c 
if test ! -d ../../lib; then mkdir -p ../../lib; fi
ar rv ../../lib/libresample-x86_64-pc-linux-gnu.a  output/libresample-x86_64-pc-linux-gnu/resamplesubs.o
ar: creating ../../lib/libresample-x86_64-pc-linux-gnu.a
a - output/libresample-x86_64-pc-linux-gnu/resamplesubs.o
ranlib ../../lib/libresample-x86_64-pc-linux-gnu.a
make[3]: Leaving directory '/home/inrack/src/pjsip-build/pjproject-2.17/third_party/build/resample'
make[2]: Leaving directory '/home/inrack/src/pjsip-build/pjproject-2.17/third_party/build/resample'
make[2]: Entering directory '/home/inrack/src/pjsip-build/pjproject-2.17/third_party/build/yuv'
make -f /home/inrack/src/pjsip-build/pjproject-2.17/build/rules.mak APP=YUV app=libyuv ../../lib/libyuv-x86_64-pc-linux-gnu.a
make[3]: Entering directory '/home/inrack/src/pjsip-build/pjproject-2.17/third_party/build/yuv'
mkdir -p output/libyuv-x86_64-pc-linux-gnu/
g++ -fomit-frame-pointer -fno-strict-aliasing -Wno-memset-elt-size -Wno-unknown-warning-option -Wno-pragmas  -DPJ_AUTOCONF=1 -fPIC    -Wall -DPJ_AUTOCONF=1 -fPIC -DPJ_IS_BIG_ENDIAN=0 -DPJ_IS_LITTLE_ENDIAN=1    -I. -I../../yuv/include -I../../../pjlib/include \
	-c -o output/libyuv-x86_64-pc-linux-gnu/compare.o \
	../../yuv/source/compare.cc
g++ -fomit-frame-pointer -fno-strict-aliasing -Wno-memset-elt-size -Wno-unknown-warning-option -Wno-pragmas  -DPJ_AUTOCONF=1 -fPIC    -Wall -DPJ_AUTOCONF=1 -fPIC -DPJ_IS_BIG_ENDIAN=0 -DPJ_IS_LITTLE_ENDIAN=1    -I. -I../../yuv/include -I../../../pjlib/include \
	-c -o output/libyuv-x86_64-pc-linux-gnu/compare_common.o \
	../../yuv/source/compare_common.cc
g++ -fomit-frame-pointer -fno-strict-aliasing -Wno-memset-elt-size -Wno-unknown-warning-option -Wno-pragmas  -DPJ_AUTOCONF=1 -fPIC    -Wall -DPJ_AUTOCONF=1 -fPIC -DPJ_IS_BIG_ENDIAN=0 -DPJ_IS_LITTLE_ENDIAN=1    -I. -I../../yuv/include -I../../../pjlib/include \
	-c -o output/libyuv-x86_64-pc-linux-gnu/compare_gcc.o \
	../../yuv/source/compare_gcc.cc
g++ -fomit-frame-pointer -fno-strict-aliasing -Wno-memset-elt-size -Wno-unknown-warning-option -Wno-pragmas  -DPJ_AUTOCONF=1 -fPIC    -Wall -DPJ_AUTOCONF=1 -fPIC -DPJ_IS_BIG_ENDIAN=0 -DPJ_IS_LITTLE_ENDIAN=1    -I. -I../../yuv/include -I../../../pjlib/include \
	-c -o output/libyuv-x86_64-pc-linux-gnu/compare_neon64.o \
	../../yuv/source/compare_neon64.cc
g++ -fomit-frame-pointer -fno-strict-aliasing -Wno-memset-elt-size -Wno-unknown-warning-option -Wno-pragmas  -DPJ_AUTOCONF=1 -fPIC    -Wall -DPJ_AUTOCONF=1 -fPIC -DPJ_IS_BIG_ENDIAN=0 -DPJ_IS_LITTLE_ENDIAN=1    -I. -I../../yuv/include -I../../../pjlib/include \
	-c -o output/libyuv-x86_64-pc-linux-gnu/compare_neon.o \
	../../yuv/source/compare_neon.cc
g++ -fomit-frame-pointer -fno-strict-aliasing -Wno-memset-elt-size -Wno-unknown-warning-option -Wno-pragmas  -DPJ_AUTOCONF=1 -fPIC    -Wall -DPJ_AUTOCONF=1 -fPIC -DPJ_IS_BIG_ENDIAN=0 -DPJ_IS_LITTLE_ENDIAN=1    -I. -I../../yuv/include -I../../../pjlib/include \
	-c -o output/libyuv-x86_64-pc-linux-gnu/compare_win.o \
	../../yuv/source/compare_win.cc
g++ -fomit-frame-pointer -fno-strict-aliasing -Wno-memset-elt-size -Wno-unknown-warning-option -Wno-pragmas  -DPJ_AUTOCONF=1 -fPIC    -Wall -DPJ_AUTOCONF=1 -fPIC -DPJ_IS_BIG_ENDIAN=0 -DPJ_IS_LITTLE_ENDIAN=1    -I. -I../../yuv/include -I../../../pjlib/include \
	-c -o output/libyuv-x86_64-pc-linux-gnu/convert_argb.o \
	../../yuv/source/convert_argb.cc
g++ -fomit-frame-pointer -fno-strict-aliasing -Wno-memset-elt-size -Wno-unknown-warning-option -Wno-pragmas  -DPJ_AUTOCONF=1 -fPIC    -Wall -DPJ_AUTOCONF=1 -fPIC -DPJ_IS_BIG_ENDIAN=0 -DPJ_IS_LITTLE_ENDIAN=1    -I. -I../../yuv/include -I../../../pjlib/include \
	-c -o output/libyuv-x86_64-pc-linux-gnu/convert.o \
	../../yuv/source/convert.cc
g++ -fomit-frame-pointer -fno-strict-aliasing -Wno-memset-elt-size -Wno-unknown-warning-option -Wno-pragmas  -DPJ_AUTOCONF=1 -fPIC    -Wall -DPJ_AUTOCONF=1 -fPIC -DPJ_IS_BIG_ENDIAN=0 -DPJ_IS_LITTLE_ENDIAN=1    -I. -I../../yuv/include -I../../../pjlib/include \
	-c -o output/libyuv-x86_64-pc-linux-gnu/convert_from_argb.o \
	../../yuv/source/convert_from_argb.cc
g++ -fomit-frame-pointer -fno-strict-aliasing -Wno-memset-elt-size -Wno-unknown-warning-option -Wno-pragmas  -DPJ_AUTOCONF=1 -fPIC    -Wall -DPJ_AUTOCONF=1 -fPIC -DPJ_IS_BIG_ENDIAN=0 -DPJ_IS_LITTLE_ENDIAN=1    -I. -I../../yuv/include -I../../../pjlib/include \
	-c -o output/libyuv-x86_64-pc-linux-gnu/convert_from.o \
	../../yuv/source/convert_from.cc
g++ -fomit-frame-pointer -fno-strict-aliasing -Wno-memset-elt-size -Wno-unknown-warning-option -Wno-pragmas  -DPJ_AUTOCONF=1 -fPIC    -Wall -DPJ_AUTOCONF=1 -fPIC -DPJ_IS_BIG_ENDIAN=0 -DPJ_IS_LITTLE_ENDIAN=1    -I. -I../../yuv/include -I../../../pjlib/include \
	-c -o output/libyuv-x86_64-pc-linux-gnu/convert_jpeg.o \
	../../yuv/source/convert_jpeg.cc
g++ -fomit-frame-pointer -fno-strict-aliasing -Wno-memset-elt-size -Wno-unknown-warning-option -Wno-pragmas  -DPJ_AUTOCONF=1 -fPIC    -Wall -DPJ_AUTOCONF=1 -fPIC -DPJ_IS_BIG_ENDIAN=0 -DPJ_IS_LITTLE_ENDIAN=1    -I. -I../../yuv/include -I../../../pjlib/include \
	-c -o output/libyuv-x86_64-pc-linux-gnu/convert_to_argb.o \
	../../yuv/source/convert_to_argb.cc
g++ -fomit-frame-pointer -fno-strict-aliasing -Wno-memset-elt-size -Wno-unknown-warning-option -Wno-pragmas  -DPJ_AUTOCONF=1 -fPIC    -Wall -DPJ_AUTOCONF=1 -fPIC -DPJ_IS_BIG_ENDIAN=0 -DPJ_IS_LITTLE_ENDIAN=1    -I. -I../../yuv/include -I../../../pjlib/include \
	-c -o output/libyuv-x86_64-pc-linux-gnu/convert_to_i420.o \
	../../yuv/source/convert_to_i420.cc
g++ -fomit-frame-pointer -fno-strict-aliasing -Wno-memset-elt-size -Wno-unknown-warning-option -Wno-pragmas  -DPJ_AUTOCONF=1 -fPIC    -Wall -DPJ_AUTOCONF=1 -fPIC -DPJ_IS_BIG_ENDIAN=0 -DPJ_IS_LITTLE_ENDIAN=1    -I. -I../../yuv/include -I../../../pjlib/include \
	-c -o output/libyuv-x86_64-pc-linux-gnu/cpu_id.o \
	../../yuv/source/cpu_id.cc
g++ -fomit-frame-pointer -fno-strict-aliasing -Wno-memset-elt-size -Wno-unknown-warning-option -Wno-pragmas  -DPJ_AUTOCONF=1 -fPIC    -Wall -DPJ_AUTOCONF=1 -fPIC -DPJ_IS_BIG_ENDIAN=0 -DPJ_IS_LITTLE_ENDIAN=1    -I. -I../../yuv/include -I../../../pjlib/include \
	-c -o output/libyuv-x86_64-pc-linux-gnu/mjpeg_decoder.o \
	../../yuv/source/mjpeg_decoder.cc
g++ -fomit-frame-pointer -fno-strict-aliasing -Wno-memset-elt-size -Wno-unknown-warning-option -Wno-pragmas  -DPJ_AUTOCONF=1 -fPIC    -Wall -DPJ_AUTOCONF=1 -fPIC -DPJ_IS_BIG_ENDIAN=0 -DPJ_IS_LITTLE_ENDIAN=1    -I. -I../../yuv/include -I../../../pjlib/include \
	-c -o output/libyuv-x86_64-pc-linux-gnu/mjpeg_validate.o \
	../../yuv/source/mjpeg_validate.cc
g++ -fomit-frame-pointer -fno-strict-aliasing -Wno-memset-elt-size -Wno-unknown-warning-option -Wno-pragmas  -DPJ_AUTOCONF=1 -fPIC    -Wall -DPJ_AUTOCONF=1 -fPIC -DPJ_IS_BIG_ENDIAN=0 -DPJ_IS_LITTLE_ENDIAN=1    -I. -I../../yuv/include -I../../../pjlib/include \
	-c -o output/libyuv-x86_64-pc-linux-gnu/planar_functions.o \
	../../yuv/source/planar_functions.cc
g++ -fomit-frame-pointer -fno-strict-aliasing -Wno-memset-elt-size -Wno-unknown-warning-option -Wno-pragmas  -DPJ_AUTOCONF=1 -fPIC    -Wall -DPJ_AUTOCONF=1 -fPIC -DPJ_IS_BIG_ENDIAN=0 -DPJ_IS_LITTLE_ENDIAN=1    -I. -I../../yuv/include -I../../../pjlib/include \
	-c -o output/libyuv-x86_64-pc-linux-gnu/rotate_any.o \
	../../yuv/source/rotate_any.cc
g++ -fomit-frame-pointer -fno-strict-aliasing -Wno-memset-elt-size -Wno-unknown-warning-option -Wno-pragmas  -DPJ_AUTOCONF=1 -fPIC    -Wall -DPJ_AUTOCONF=1 -fPIC -DPJ_IS_BIG_ENDIAN=0 -DPJ_IS_LITTLE_ENDIAN=1    -I. -I../../yuv/include -I../../../pjlib/include \
	-c -o output/libyuv-x86_64-pc-linux-gnu/rotate_argb.o \
	../../yuv/source/rotate_argb.cc
g++ -fomit-frame-pointer -fno-strict-aliasing -Wno-memset-elt-size -Wno-unknown-warning-option -Wno-pragmas  -DPJ_AUTOCONF=1 -fPIC    -Wall -DPJ_AUTOCONF=1 -fPIC -DPJ_IS_BIG_ENDIAN=0 -DPJ_IS_LITTLE_ENDIAN=1    -I. -I../../yuv/include -I../../../pjlib/include \
	-c -o output/libyuv-x86_64-pc-linux-gnu/rotate.o \
	../../yuv/source/rotate.cc
g++ -fomit-frame-pointer -fno-strict-aliasing -Wno-memset-elt-size -Wno-unknown-warning-option -Wno-pragmas  -DPJ_AUTOCONF=1 -fPIC    -Wall -DPJ_AUTOCONF=1 -fPIC -DPJ_IS_BIG_ENDIAN=0 -DPJ_IS_LITTLE_ENDIAN=1    -I. -I../../yuv/include -I../../../pjlib/include \
	-c -o output/libyuv-x86_64-pc-linux-gnu/rotate_common.o \
	../../yuv/source/rotate_common.cc
g++ -fomit-frame-pointer -fno-strict-aliasing -Wno-memset-elt-size -Wno-unknown-warning-option -Wno-pragmas  -DPJ_AUTOCONF=1 -fPIC    -Wall -DPJ_AUTOCONF=1 -fPIC -DPJ_IS_BIG_ENDIAN=0 -DPJ_IS_LITTLE_ENDIAN=1    -I. -I../../yuv/include -I../../../pjlib/include \
	-c -o output/libyuv-x86_64-pc-linux-gnu/rotate_gcc.o \
	../../yuv/source/rotate_gcc.cc
g++ -fomit-frame-pointer -fno-strict-aliasing -Wno-memset-elt-size -Wno-unknown-warning-option -Wno-pragmas  -DPJ_AUTOCONF=1 -fPIC    -Wall -DPJ_AUTOCONF=1 -fPIC -DPJ_IS_BIG_ENDIAN=0 -DPJ_IS_LITTLE_ENDIAN=1    -I. -I../../yuv/include -I../../../pjlib/include \
	-c -o output/libyuv-x86_64-pc-linux-gnu/rotate_dspr2.o \
	../../yuv/source/rotate_dspr2.cc
g++ -fomit-frame-pointer -fno-strict-aliasing -Wno-memset-elt-size -Wno-unknown-warning-option -Wno-pragmas  -DPJ_AUTOCONF=1 -fPIC    -Wall -DPJ_AUTOCONF=1 -fPIC -DPJ_IS_BIG_ENDIAN=0 -DPJ_IS_LITTLE_ENDIAN=1    -I. -I../../yuv/include -I../../../pjlib/include \
	-c -o output/libyuv-x86_64-pc-linux-gnu/rotate_neon64.o \
	../../yuv/source/rotate_neon64.cc
g++ -fomit-frame-pointer -fno-strict-aliasing -Wno-memset-elt-size -Wno-unknown-warning-option -Wno-pragmas  -DPJ_AUTOCONF=1 -fPIC    -Wall -DPJ_AUTOCONF=1 -fPIC -DPJ_IS_BIG_ENDIAN=0 -DPJ_IS_LITTLE_ENDIAN=1    -I. -I../../yuv/include -I../../../pjlib/include \
	-c -o output/libyuv-x86_64-pc-linux-gnu/rotate_neon.o \
	../../yuv/source/rotate_neon.cc
g++ -fomit-frame-pointer -fno-strict-aliasing -Wno-memset-elt-size -Wno-unknown-warning-option -Wno-pragmas  -DPJ_AUTOCONF=1 -fPIC    -Wall -DPJ_AUTOCONF=1 -fPIC -DPJ_IS_BIG_ENDIAN=0 -DPJ_IS_LITTLE_ENDIAN=1    -I. -I../../yuv/include -I../../../pjlib/include \
	-c -o output/libyuv-x86_64-pc-linux-gnu/rotate_win.o \
	../../yuv/source/rotate_win.cc
g++ -fomit-frame-pointer -fno-strict-aliasing -Wno-memset-elt-size -Wno-unknown-warning-option -Wno-pragmas  -DPJ_AUTOCONF=1 -fPIC    -Wall -DPJ_AUTOCONF=1 -fPIC -DPJ_IS_BIG_ENDIAN=0 -DPJ_IS_LITTLE_ENDIAN=1    -I. -I../../yuv/include -I../../../pjlib/include \
	-c -o output/libyuv-x86_64-pc-linux-gnu/row_any.o \
	../../yuv/source/row_any.cc
g++ -fomit-frame-pointer -fno-strict-aliasing -Wno-memset-elt-size -Wno-unknown-warning-option -Wno-pragmas  -DPJ_AUTOCONF=1 -fPIC    -Wall -DPJ_AUTOCONF=1 -fPIC -DPJ_IS_BIG_ENDIAN=0 -DPJ_IS_LITTLE_ENDIAN=1    -I. -I../../yuv/include -I../../../pjlib/include \
	-c -o output/libyuv-x86_64-pc-linux-gnu/row_common.o \
	../../yuv/source/row_common.cc
g++ -fomit-frame-pointer -fno-strict-aliasing -Wno-memset-elt-size -Wno-unknown-warning-option -Wno-pragmas  -DPJ_AUTOCONF=1 -fPIC    -Wall -DPJ_AUTOCONF=1 -fPIC -DPJ_IS_BIG_ENDIAN=0 -DPJ_IS_LITTLE_ENDIAN=1    -I. -I../../yuv/include -I../../../pjlib/include \
	-c -o output/libyuv-x86_64-pc-linux-gnu/row_gcc.o \
	../../yuv/source/row_gcc.cc
g++ -fomit-frame-pointer -fno-strict-aliasing -Wno-memset-elt-size -Wno-unknown-warning-option -Wno-pragmas  -DPJ_AUTOCONF=1 -fPIC    -Wall -DPJ_AUTOCONF=1 -fPIC -DPJ_IS_BIG_ENDIAN=0 -DPJ_IS_LITTLE_ENDIAN=1    -I. -I../../yuv/include -I../../../pjlib/include \
	-c -o output/libyuv-x86_64-pc-linux-gnu/row_dspr2.o \
	../../yuv/source/row_dspr2.cc
g++ -fomit-frame-pointer -fno-strict-aliasing -Wno-memset-elt-size -Wno-unknown-warning-option -Wno-pragmas  -DPJ_AUTOCONF=1 -fPIC    -Wall -DPJ_AUTOCONF=1 -fPIC -DPJ_IS_BIG_ENDIAN=0 -DPJ_IS_LITTLE_ENDIAN=1    -I. -I../../yuv/include -I../../../pjlib/include \
	-c -o output/libyuv-x86_64-pc-linux-gnu/row_neon64.o \
	../../yuv/source/row_neon64.cc
g++ -fomit-frame-pointer -fno-strict-aliasing -Wno-memset-elt-size -Wno-unknown-warning-option -Wno-pragmas  -DPJ_AUTOCONF=1 -fPIC    -Wall -DPJ_AUTOCONF=1 -fPIC -DPJ_IS_BIG_ENDIAN=0 -DPJ_IS_LITTLE_ENDIAN=1    -I. -I../../yuv/include -I../../../pjlib/include \
	-c -o output/libyuv-x86_64-pc-linux-gnu/row_neon.o \
	../../yuv/source/row_neon.cc
g++ -fomit-frame-pointer -fno-strict-aliasing -Wno-memset-elt-size -Wno-unknown-warning-option -Wno-pragmas  -DPJ_AUTOCONF=1 -fPIC    -Wall -DPJ_AUTOCONF=1 -fPIC -DPJ_IS_BIG_ENDIAN=0 -DPJ_IS_LITTLE_ENDIAN=1    -I. -I../../yuv/include -I../../../pjlib/include \
	-c -o output/libyuv-x86_64-pc-linux-gnu/row_win.o \
	../../yuv/source/row_win.cc
g++ -fomit-frame-pointer -fno-strict-aliasing -Wno-memset-elt-size -Wno-unknown-warning-option -Wno-pragmas  -DPJ_AUTOCONF=1 -fPIC    -Wall -DPJ_AUTOCONF=1 -fPIC -DPJ_IS_BIG_ENDIAN=0 -DPJ_IS_LITTLE_ENDIAN=1    -I. -I../../yuv/include -I../../../pjlib/include \
	-c -o output/libyuv-x86_64-pc-linux-gnu/scale_any.o \
	../../yuv/source/scale_any.cc
g++ -fomit-frame-pointer -fno-strict-aliasing -Wno-memset-elt-size -Wno-unknown-warning-option -Wno-pragmas  -DPJ_AUTOCONF=1 -fPIC    -Wall -DPJ_AUTOCONF=1 -fPIC -DPJ_IS_BIG_ENDIAN=0 -DPJ_IS_LITTLE_ENDIAN=1    -I. -I../../yuv/include -I../../../pjlib/include \
	-c -o output/libyuv-x86_64-pc-linux-gnu/scale_argb.o \
	../../yuv/source/scale_argb.cc
g++ -fomit-frame-pointer -fno-strict-aliasing -Wno-memset-elt-size -Wno-unknown-warning-option -Wno-pragmas  -DPJ_AUTOCONF=1 -fPIC    -Wall -DPJ_AUTOCONF=1 -fPIC -DPJ_IS_BIG_ENDIAN=0 -DPJ_IS_LITTLE_ENDIAN=1    -I. -I../../yuv/include -I../../../pjlib/include \
	-c -o output/libyuv-x86_64-pc-linux-gnu/scale.o \
	../../yuv/source/scale.cc
g++ -fomit-frame-pointer -fno-strict-aliasing -Wno-memset-elt-size -Wno-unknown-warning-option -Wno-pragmas  -DPJ_AUTOCONF=1 -fPIC    -Wall -DPJ_AUTOCONF=1 -fPIC -DPJ_IS_BIG_ENDIAN=0 -DPJ_IS_LITTLE_ENDIAN=1    -I. -I../../yuv/include -I../../../pjlib/include \
	-c -o output/libyuv-x86_64-pc-linux-gnu/scale_common.o \
	../../yuv/source/scale_common.cc
g++ -fomit-frame-pointer -fno-strict-aliasing -Wno-memset-elt-size -Wno-unknown-warning-option -Wno-pragmas  -DPJ_AUTOCONF=1 -fPIC    -Wall -DPJ_AUTOCONF=1 -fPIC -DPJ_IS_BIG_ENDIAN=0 -DPJ_IS_LITTLE_ENDIAN=1    -I. -I../../yuv/include -I../../../pjlib/include \
	-c -o output/libyuv-x86_64-pc-linux-gnu/scale_gcc.o \
	../../yuv/source/scale_gcc.cc
g++ -fomit-frame-pointer -fno-strict-aliasing -Wno-memset-elt-size -Wno-unknown-warning-option -Wno-pragmas  -DPJ_AUTOCONF=1 -fPIC    -Wall -DPJ_AUTOCONF=1 -fPIC -DPJ_IS_BIG_ENDIAN=0 -DPJ_IS_LITTLE_ENDIAN=1    -I. -I../../yuv/include -I../../../pjlib/include \
	-c -o output/libyuv-x86_64-pc-linux-gnu/scale_dspr2.o \
	../../yuv/source/scale_dspr2.cc
g++ -fomit-frame-pointer -fno-strict-aliasing -Wno-memset-elt-size -Wno-unknown-warning-option -Wno-pragmas  -DPJ_AUTOCONF=1 -fPIC    -Wall -DPJ_AUTOCONF=1 -fPIC -DPJ_IS_BIG_ENDIAN=0 -DPJ_IS_LITTLE_ENDIAN=1    -I. -I../../yuv/include -I../../../pjlib/include \
	-c -o output/libyuv-x86_64-pc-linux-gnu/scale_neon64.o \
	../../yuv/source/scale_neon64.cc
g++ -fomit-frame-pointer -fno-strict-aliasing -Wno-memset-elt-size -Wno-unknown-warning-option -Wno-pragmas  -DPJ_AUTOCONF=1 -fPIC    -Wall -DPJ_AUTOCONF=1 -fPIC -DPJ_IS_BIG_ENDIAN=0 -DPJ_IS_LITTLE_ENDIAN=1    -I. -I../../yuv/include -I../../../pjlib/include \
	-c -o output/libyuv-x86_64-pc-linux-gnu/scale_neon.o \
	../../yuv/source/scale_neon.cc
g++ -fomit-frame-pointer -fno-strict-aliasing -Wno-memset-elt-size -Wno-unknown-warning-option -Wno-pragmas  -DPJ_AUTOCONF=1 -fPIC    -Wall -DPJ_AUTOCONF=1 -fPIC -DPJ_IS_BIG_ENDIAN=0 -DPJ_IS_LITTLE_ENDIAN=1    -I. -I../../yuv/include -I../../../pjlib/include \
	-c -o output/libyuv-x86_64-pc-linux-gnu/scale_win.o \
	../../yuv/source/scale_win.cc
g++ -fomit-frame-pointer -fno-strict-aliasing -Wno-memset-elt-size -Wno-unknown-warning-option -Wno-pragmas  -DPJ_AUTOCONF=1 -fPIC    -Wall -DPJ_AUTOCONF=1 -fPIC -DPJ_IS_BIG_ENDIAN=0 -DPJ_IS_LITTLE_ENDIAN=1    -I. -I../../yuv/include -I../../../pjlib/include \
	-c -o output/libyuv-x86_64-pc-linux-gnu/video_common.o \
	../../yuv/source/video_common.cc
if test ! -d ../../lib; then mkdir -p ../../lib; fi
ar rv ../../lib/libyuv-x86_64-pc-linux-gnu.a  output/libyuv-x86_64-pc-linux-gnu/compare.o  output/libyuv-x86_64-pc-linux-gnu/compare_common.o  output/libyuv-x86_64-pc-linux-gnu/compare_gcc.o  output/libyuv-x86_64-pc-linux-gnu/compare_neon64.o  output/libyuv-x86_64-pc-linux-gnu/compare_neon.o  output/libyuv-x86_64-pc-linux-gnu/compare_win.o  output/libyuv-x86_64-pc-linux-gnu/convert_argb.o  output/libyuv-x86_64-pc-linux-gnu/convert.o  output/libyuv-x86_64-pc-linux-gnu/convert_from_argb.o  output/libyuv-x86_64-pc-linux-gnu/convert_from.o  output/libyuv-x86_64-pc-linux-gnu/convert_jpeg.o  output/libyuv-x86_64-pc-linux-gnu/convert_to_argb.o  output/libyuv-x86_64-pc-linux-gnu/convert_to_i420.o  output/libyuv-x86_64-pc-linux-gnu/cpu_id.o  output/libyuv-x86_64-pc-linux-gnu/mjpeg_decoder.o  output/libyuv-x86_64-pc-linux-gnu/mjpeg_validate.o  output/libyuv-x86_64-pc-linux-gnu/planar_functions.o  output/libyuv-x86_64-pc-linux-gnu/rotate_any.o  output/libyuv-x86_64-pc-linux-gnu/rotate_argb.o  output/libyuv-x86_64-pc-linux-gnu/rotate.o  output/libyuv-x86_64-pc-linux-gnu/rotate_common.o  output/libyuv-x86_64-pc-linux-gnu/rotate_gcc.o  output/libyuv-x86_64-pc-linux-gnu/rotate_dspr2.o  output/libyuv-x86_64-pc-linux-gnu/rotate_neon64.o  output/libyuv-x86_64-pc-linux-gnu/rotate_neon.o  output/libyuv-x86_64-pc-linux-gnu/rotate_win.o  output/libyuv-x86_64-pc-linux-gnu/row_any.o  output/libyuv-x86_64-pc-linux-gnu/row_common.o  output/libyuv-x86_64-pc-linux-gnu/row_gcc.o  output/libyuv-x86_64-pc-linux-gnu/row_dspr2.o  output/libyuv-x86_64-pc-linux-gnu/row_neon64.o  output/libyuv-x86_64-pc-linux-gnu/row_neon.o  output/libyuv-x86_64-pc-linux-gnu/row_win.o  output/libyuv-x86_64-pc-linux-gnu/scale_any.o  output/libyuv-x86_64-pc-linux-gnu/scale_argb.o  output/libyuv-x86_64-pc-linux-gnu/scale.o  output/libyuv-x86_64-pc-linux-gnu/scale_common.o  output/libyuv-x86_64-pc-linux-gnu/scale_gcc.o  output/libyuv-x86_64-pc-linux-gnu/scale_dspr2.o  output/libyuv-x86_64-pc-linux-gnu/scale_neon64.o  output/libyuv-x86_64-pc-linux-gnu/scale_neon.o  output/libyuv-x86_64-pc-linux-gnu/scale_win.o  output/libyuv-x86_64-pc-linux-gnu/video_common.o
ar: creating ../../lib/libyuv-x86_64-pc-linux-gnu.a
a - output/libyuv-x86_64-pc-linux-gnu/compare.o
a - output/libyuv-x86_64-pc-linux-gnu/compare_common.o
a - output/libyuv-x86_64-pc-linux-gnu/compare_gcc.o
a - output/libyuv-x86_64-pc-linux-gnu/compare_neon64.o
a - output/libyuv-x86_64-pc-linux-gnu/compare_neon.o
a - output/libyuv-x86_64-pc-linux-gnu/compare_win.o
a - output/libyuv-x86_64-pc-linux-gnu/convert_argb.o
a - output/libyuv-x86_64-pc-linux-gnu/convert.o
a - output/libyuv-x86_64-pc-linux-gnu/convert_from_argb.o
a - output/libyuv-x86_64-pc-linux-gnu/convert_from.o
a - output/libyuv-x86_64-pc-linux-gnu/convert_jpeg.o
a - output/libyuv-x86_64-pc-linux-gnu/convert_to_argb.o
a - output/libyuv-x86_64-pc-linux-gnu/convert_to_i420.o
a - output/libyuv-x86_64-pc-linux-gnu/cpu_id.o
a - output/libyuv-x86_64-pc-linux-gnu/mjpeg_decoder.o
a - output/libyuv-x86_64-pc-linux-gnu/mjpeg_validate.o
a - output/libyuv-x86_64-pc-linux-gnu/planar_functions.o
a - output/libyuv-x86_64-pc-linux-gnu/rotate_any.o
a - output/libyuv-x86_64-pc-linux-gnu/rotate_argb.o
a - output/libyuv-x86_64-pc-linux-gnu/rotate.o
a - output/libyuv-x86_64-pc-linux-gnu/rotate_common.o
a - output/libyuv-x86_64-pc-linux-gnu/rotate_gcc.o
a - output/libyuv-x86_64-pc-linux-gnu/rotate_dspr2.o
a - output/libyuv-x86_64-pc-linux-gnu/rotate_neon64.o
a - output/libyuv-x86_64-pc-linux-gnu/rotate_neon.o
a - output/libyuv-x86_64-pc-linux-gnu/rotate_win.o
a - output/libyuv-x86_64-pc-linux-gnu/row_any.o
a - output/libyuv-x86_64-pc-linux-gnu/row_common.o
a - output/libyuv-x86_64-pc-linux-gnu/row_gcc.o
a - output/libyuv-x86_64-pc-linux-gnu/row_dspr2.o
a - output/libyuv-x86_64-pc-linux-gnu/row_neon64.o
a - output/libyuv-x86_64-pc-linux-gnu/row_neon.o
a - output/libyuv-x86_64-pc-linux-gnu/row_win.o
a - output/libyuv-x86_64-pc-linux-gnu/scale_any.o
a - output/libyuv-x86_64-pc-linux-gnu/scale_argb.o
a - output/libyuv-x86_64-pc-linux-gnu/scale.o
a - output/libyuv-x86_64-pc-linux-gnu/scale_common.o
a - output/libyuv-x86_64-pc-linux-gnu/scale_gcc.o
a - output/libyuv-x86_64-pc-linux-gnu/scale_dspr2.o
a - output/libyuv-x86_64-pc-linux-gnu/scale_neon64.o
a - output/libyuv-x86_64-pc-linux-gnu/scale_neon.o
a - output/libyuv-x86_64-pc-linux-gnu/scale_win.o
a - output/libyuv-x86_64-pc-linux-gnu/video_common.o
ranlib ../../lib/libyuv-x86_64-pc-linux-gnu.a
make[3]: Leaving directory '/home/inrack/src/pjsip-build/pjproject-2.17/third_party/build/yuv'
make[2]: Leaving directory '/home/inrack/src/pjsip-build/pjproject-2.17/third_party/build/yuv'
make[2]: Entering directory '/home/inrack/src/pjsip-build/pjproject-2.17/third_party/build/webrtc'
make -f /home/inrack/src/pjsip-build/pjproject-2.17/build/rules.mak APP=WEBRTC app=libwebrtc ../../lib/libwebrtc-x86_64-pc-linux-gnu.a
make[3]: Entering directory '/home/inrack/src/pjsip-build/pjproject-2.17/third_party/build/webrtc'
mkdir -p output/libwebrtc-x86_64-pc-linux-gnu/common_audio/
mkdir -p output/libwebrtc-x86_64-pc-linux-gnu/common_audio/signal_processing/
mkdir -p output/libwebrtc-x86_64-pc-linux-gnu/modules/audio_processing/aec/
mkdir -p output/libwebrtc-x86_64-pc-linux-gnu/modules/audio_processing/aecm/
mkdir -p output/libwebrtc-x86_64-pc-linux-gnu/modules/audio_processing/ns/
mkdir -p output/libwebrtc-x86_64-pc-linux-gnu/modules/audio_processing/utility/
mkdir -p output/libwebrtc-x86_64-pc-linux-gnu/system_wrappers/source/
gcc -Wall -DPJ_AUTOCONF=1 -fPIC -DPJ_IS_BIG_ENDIAN=0 -DPJ_IS_LITTLE_ENDIAN=1    -I. -I../../webrtc/src -I../../../pjlib/include -fexceptions -DWEBRTC_POSIX=1  \
	-c -o output/libwebrtc-x86_64-pc-linux-gnu/modules/audio_processing/aec/aec_core.o \
	../../webrtc/src/webrtc//modules/audio_processing/aec/aec_core.c 
gcc -Wall -DPJ_AUTOCONF=1 -fPIC -DPJ_IS_BIG_ENDIAN=0 -DPJ_IS_LITTLE_ENDIAN=1    -I. -I../../webrtc/src -I../../../pjlib/include -fexceptions -DWEBRTC_POSIX=1  \
	-c -o output/libwebrtc-x86_64-pc-linux-gnu/modules/audio_processing/aec/aec_rdft.o \
	../../webrtc/src/webrtc//modules/audio_processing/aec/aec_rdft.c 
gcc -Wall -DPJ_AUTOCONF=1 -fPIC -DPJ_IS_BIG_ENDIAN=0 -DPJ_IS_LITTLE_ENDIAN=1    -I. -I../../webrtc/src -I../../../pjlib/include -fexceptions -DWEBRTC_POSIX=1  \
	-c -o output/libwebrtc-x86_64-pc-linux-gnu/modules/audio_processing/aec/aec_resampler.o \
	../../webrtc/src/webrtc//modules/audio_processing/aec/aec_resampler.c 
gcc -Wall -DPJ_AUTOCONF=1 -fPIC -DPJ_IS_BIG_ENDIAN=0 -DPJ_IS_LITTLE_ENDIAN=1    -I. -I../../webrtc/src -I../../../pjlib/include -fexceptions -DWEBRTC_POSIX=1  \
	-c -o output/libwebrtc-x86_64-pc-linux-gnu/modules/audio_processing/aec/echo_cancellation.o \
	../../webrtc/src/webrtc//modules/audio_processing/aec/echo_cancellation.c 
gcc -Wall -DPJ_AUTOCONF=1 -fPIC -DPJ_IS_BIG_ENDIAN=0 -DPJ_IS_LITTLE_ENDIAN=1    -I. -I../../webrtc/src -I../../../pjlib/include -fexceptions -DWEBRTC_POSIX=1  \
	-c -o output/libwebrtc-x86_64-pc-linux-gnu/modules/audio_processing/aecm/aecm_core.o \
	../../webrtc/src/webrtc//modules/audio_processing/aecm/aecm_core.c 
gcc -Wall -DPJ_AUTOCONF=1 -fPIC -DPJ_IS_BIG_ENDIAN=0 -DPJ_IS_LITTLE_ENDIAN=1    -I. -I../../webrtc/src -I../../../pjlib/include -fexceptions -DWEBRTC_POSIX=1  \
	-c -o output/libwebrtc-x86_64-pc-linux-gnu/modules/audio_processing/aecm/echo_control_mobile.o \
	../../webrtc/src/webrtc//modules/audio_processing/aecm/echo_control_mobile.c 
gcc -Wall -DPJ_AUTOCONF=1 -fPIC -DPJ_IS_BIG_ENDIAN=0 -DPJ_IS_LITTLE_ENDIAN=1    -I. -I../../webrtc/src -I../../../pjlib/include -fexceptions -DWEBRTC_POSIX=1  \
	-c -o output/libwebrtc-x86_64-pc-linux-gnu/modules/audio_processing/ns/noise_suppression.o \
	../../webrtc/src/webrtc//modules/audio_processing/ns/noise_suppression.c 
gcc -Wall -DPJ_AUTOCONF=1 -fPIC -DPJ_IS_BIG_ENDIAN=0 -DPJ_IS_LITTLE_ENDIAN=1    -I. -I../../webrtc/src -I../../../pjlib/include -fexceptions -DWEBRTC_POSIX=1  \
	-c -o output/libwebrtc-x86_64-pc-linux-gnu/modules/audio_processing/ns/noise_suppression_x.o \
	../../webrtc/src/webrtc//modules/audio_processing/ns/noise_suppression_x.c 
gcc -Wall -DPJ_AUTOCONF=1 -fPIC -DPJ_IS_BIG_ENDIAN=0 -DPJ_IS_LITTLE_ENDIAN=1    -I. -I../../webrtc/src -I../../../pjlib/include -fexceptions -DWEBRTC_POSIX=1  \
	-c -o output/libwebrtc-x86_64-pc-linux-gnu/modules/audio_processing/ns/ns_core.o \
	../../webrtc/src/webrtc//modules/audio_processing/ns/ns_core.c 
gcc -Wall -DPJ_AUTOCONF=1 -fPIC -DPJ_IS_BIG_ENDIAN=0 -DPJ_IS_LITTLE_ENDIAN=1    -I. -I../../webrtc/src -I../../../pjlib/include -fexceptions -DWEBRTC_POSIX=1  \
	-c -o output/libwebrtc-x86_64-pc-linux-gnu/modules/audio_processing/ns/nsx_core.o \
	../../webrtc/src/webrtc//modules/audio_processing/ns/nsx_core.c 
gcc -Wall -DPJ_AUTOCONF=1 -fPIC -DPJ_IS_BIG_ENDIAN=0 -DPJ_IS_LITTLE_ENDIAN=1    -I. -I../../webrtc/src -I../../../pjlib/include -fexceptions -DWEBRTC_POSIX=1  \
	-c -o output/libwebrtc-x86_64-pc-linux-gnu/modules/audio_processing/utility/delay_estimator_wrapper.o \
	../../webrtc/src/webrtc//modules/audio_processing/utility/delay_estimator_wrapper.c 
gcc -Wall -DPJ_AUTOCONF=1 -fPIC -DPJ_IS_BIG_ENDIAN=0 -DPJ_IS_LITTLE_ENDIAN=1    -I. -I../../webrtc/src -I../../../pjlib/include -fexceptions -DWEBRTC_POSIX=1  \
	-c -o output/libwebrtc-x86_64-pc-linux-gnu/modules/audio_processing/utility/delay_estimator.o \
	../../webrtc/src/webrtc//modules/audio_processing/utility/delay_estimator.c 
gcc -Wall -DPJ_AUTOCONF=1 -fPIC -DPJ_IS_BIG_ENDIAN=0 -DPJ_IS_LITTLE_ENDIAN=1    -I. -I../../webrtc/src -I../../../pjlib/include -fexceptions -DWEBRTC_POSIX=1  \
	-c -o output/libwebrtc-x86_64-pc-linux-gnu/common_audio/fft4g.o \
	../../webrtc/src/webrtc//common_audio/fft4g.c 
gcc -Wall -DPJ_AUTOCONF=1 -fPIC -DPJ_IS_BIG_ENDIAN=0 -DPJ_IS_LITTLE_ENDIAN=1    -I. -I../../webrtc/src -I../../../pjlib/include -fexceptions -DWEBRTC_POSIX=1  \
	-c -o output/libwebrtc-x86_64-pc-linux-gnu/common_audio/ring_buffer.o \
	../../webrtc/src/webrtc//common_audio/ring_buffer.c 
gcc -Wall -DPJ_AUTOCONF=1 -fPIC -DPJ_IS_BIG_ENDIAN=0 -DPJ_IS_LITTLE_ENDIAN=1    -I. -I../../webrtc/src -I../../../pjlib/include -fexceptions -DWEBRTC_POSIX=1  \
	-c -o output/libwebrtc-x86_64-pc-linux-gnu/common_audio/signal_processing/complex_bit_reverse.o \
	../../webrtc/src/webrtc//common_audio/signal_processing/complex_bit_reverse.c 
gcc -Wall -DPJ_AUTOCONF=1 -fPIC -DPJ_IS_BIG_ENDIAN=0 -DPJ_IS_LITTLE_ENDIAN=1    -I. -I../../webrtc/src -I../../../pjlib/include -fexceptions -DWEBRTC_POSIX=1  \
	-c -o output/libwebrtc-x86_64-pc-linux-gnu/common_audio/signal_processing/complex_fft.o \
	../../webrtc/src/webrtc//common_audio/signal_processing/complex_fft.c 
gcc -Wall -DPJ_AUTOCONF=1 -fPIC -DPJ_IS_BIG_ENDIAN=0 -DPJ_IS_LITTLE_ENDIAN=1    -I. -I../../webrtc/src -I../../../pjlib/include -fexceptions -DWEBRTC_POSIX=1  \
	-c -o output/libwebrtc-x86_64-pc-linux-gnu/common_audio/signal_processing/copy_set_operations.o \
	../../webrtc/src/webrtc//common_audio/signal_processing/copy_set_operations.c 
gcc -Wall -DPJ_AUTOCONF=1 -fPIC -DPJ_IS_BIG_ENDIAN=0 -DPJ_IS_LITTLE_ENDIAN=1    -I. -I../../webrtc/src -I../../../pjlib/include -fexceptions -DWEBRTC_POSIX=1  \
	-c -o output/libwebrtc-x86_64-pc-linux-gnu/common_audio/signal_processing/cross_correlation.o \
	../../webrtc/src/webrtc//common_audio/signal_processing/cross_correlation.c 
gcc -Wall -DPJ_AUTOCONF=1 -fPIC -DPJ_IS_BIG_ENDIAN=0 -DPJ_IS_LITTLE_ENDIAN=1    -I. -I../../webrtc/src -I../../../pjlib/include -fexceptions -DWEBRTC_POSIX=1  \
	-c -o output/libwebrtc-x86_64-pc-linux-gnu/common_audio/signal_processing/division_operations.o \
	../../webrtc/src/webrtc//common_audio/signal_processing/division_operations.c 
gcc -Wall -DPJ_AUTOCONF=1 -fPIC -DPJ_IS_BIG_ENDIAN=0 -DPJ_IS_LITTLE_ENDIAN=1    -I. -I../../webrtc/src -I../../../pjlib/include -fexceptions -DWEBRTC_POSIX=1  \
	-c -o output/libwebrtc-x86_64-pc-linux-gnu/common_audio/signal_processing/downsample_fast.o \
	../../webrtc/src/webrtc//common_audio/signal_processing/downsample_fast.c 
gcc -Wall -DPJ_AUTOCONF=1 -fPIC -DPJ_IS_BIG_ENDIAN=0 -DPJ_IS_LITTLE_ENDIAN=1    -I. -I../../webrtc/src -I../../../pjlib/include -fexceptions -DWEBRTC_POSIX=1  \
	-c -o output/libwebrtc-x86_64-pc-linux-gnu/common_audio/signal_processing/energy.o \
	../../webrtc/src/webrtc//common_audio/signal_processing/energy.c 
gcc -Wall -DPJ_AUTOCONF=1 -fPIC -DPJ_IS_BIG_ENDIAN=0 -DPJ_IS_LITTLE_ENDIAN=1    -I. -I../../webrtc/src -I../../../pjlib/include -fexceptions -DWEBRTC_POSIX=1  \
	-c -o output/libwebrtc-x86_64-pc-linux-gnu/common_audio/signal_processing/get_scaling_square.o \
	../../webrtc/src/webrtc//common_audio/signal_processing/get_scaling_square.c 
gcc -Wall -DPJ_AUTOCONF=1 -fPIC -DPJ_IS_BIG_ENDIAN=0 -DPJ_IS_LITTLE_ENDIAN=1    -I. -I../../webrtc/src -I../../../pjlib/include -fexceptions -DWEBRTC_POSIX=1  \
	-c -o output/libwebrtc-x86_64-pc-linux-gnu/common_audio/signal_processing/min_max_operations.o \
	../../webrtc/src/webrtc//common_audio/signal_processing/min_max_operations.c 
gcc -Wall -DPJ_AUTOCONF=1 -fPIC -DPJ_IS_BIG_ENDIAN=0 -DPJ_IS_LITTLE_ENDIAN=1    -I. -I../../webrtc/src -I../../../pjlib/include -fexceptions -DWEBRTC_POSIX=1  \
	-c -o output/libwebrtc-x86_64-pc-linux-gnu/common_audio/signal_processing/randomization_functions.o \
	../../webrtc/src/webrtc//common_audio/signal_processing/randomization_functions.c 
gcc -Wall -DPJ_AUTOCONF=1 -fPIC -DPJ_IS_BIG_ENDIAN=0 -DPJ_IS_LITTLE_ENDIAN=1    -I. -I../../webrtc/src -I../../../pjlib/include -fexceptions -DWEBRTC_POSIX=1  \
	-c -o output/libwebrtc-x86_64-pc-linux-gnu/common_audio/signal_processing/real_fft.o \
	../../webrtc/src/webrtc//common_audio/signal_processing/real_fft.c 
gcc -Wall -DPJ_AUTOCONF=1 -fPIC -DPJ_IS_BIG_ENDIAN=0 -DPJ_IS_LITTLE_ENDIAN=1    -I. -I../../webrtc/src -I../../../pjlib/include -fexceptions -DWEBRTC_POSIX=1  \
	-c -o output/libwebrtc-x86_64-pc-linux-gnu/common_audio/signal_processing/spl_init.o \
	../../webrtc/src/webrtc//common_audio/signal_processing/spl_init.c 
gcc -Wall -DPJ_AUTOCONF=1 -fPIC -DPJ_IS_BIG_ENDIAN=0 -DPJ_IS_LITTLE_ENDIAN=1    -I. -I../../webrtc/src -I../../../pjlib/include -fexceptions -DWEBRTC_POSIX=1  \
	-c -o output/libwebrtc-x86_64-pc-linux-gnu/common_audio/signal_processing/spl_sqrt.o \
	../../webrtc/src/webrtc//common_audio/signal_processing/spl_sqrt.c 
gcc -Wall -DPJ_AUTOCONF=1 -fPIC -DPJ_IS_BIG_ENDIAN=0 -DPJ_IS_LITTLE_ENDIAN=1    -I. -I../../webrtc/src -I../../../pjlib/include -fexceptions -DWEBRTC_POSIX=1  \
	-c -o output/libwebrtc-x86_64-pc-linux-gnu/common_audio/signal_processing/spl_sqrt_floor.o \
	../../webrtc/src/webrtc//common_audio/signal_processing/spl_sqrt_floor.c 
gcc -Wall -DPJ_AUTOCONF=1 -fPIC -DPJ_IS_BIG_ENDIAN=0 -DPJ_IS_LITTLE_ENDIAN=1    -I. -I../../webrtc/src -I../../../pjlib/include -fexceptions -DWEBRTC_POSIX=1  \
	-c -o output/libwebrtc-x86_64-pc-linux-gnu/common_audio/signal_processing/vector_scaling_operations.o \
	../../webrtc/src/webrtc//common_audio/signal_processing/vector_scaling_operations.c 
gcc -Wall -DPJ_AUTOCONF=1 -fPIC -DPJ_IS_BIG_ENDIAN=0 -DPJ_IS_LITTLE_ENDIAN=1    -I. -I../../webrtc/src -I../../../pjlib/include -fexceptions -DWEBRTC_POSIX=1  \
	-c -o output/libwebrtc-x86_64-pc-linux-gnu/modules/audio_processing/aec/aec_core_sse2.o \
	../../webrtc/src/webrtc//modules/audio_processing/aec/aec_core_sse2.c 
gcc -Wall -DPJ_AUTOCONF=1 -fPIC -DPJ_IS_BIG_ENDIAN=0 -DPJ_IS_LITTLE_ENDIAN=1    -I. -I../../webrtc/src -I../../../pjlib/include -fexceptions -DWEBRTC_POSIX=1  \
	-c -o output/libwebrtc-x86_64-pc-linux-gnu/modules/audio_processing/aec/aec_rdft_sse2.o \
	../../webrtc/src/webrtc//modules/audio_processing/aec/aec_rdft_sse2.c 
gcc -Wall -DPJ_AUTOCONF=1 -fPIC -DPJ_IS_BIG_ENDIAN=0 -DPJ_IS_LITTLE_ENDIAN=1    -I. -I../../webrtc/src -I../../../pjlib/include -fexceptions -DWEBRTC_POSIX=1  \
	-c -o output/libwebrtc-x86_64-pc-linux-gnu/modules/audio_processing/aecm/aecm_core_c.o \
	../../webrtc/src/webrtc//modules/audio_processing/aecm/aecm_core_c.c 
gcc -Wall -DPJ_AUTOCONF=1 -fPIC -DPJ_IS_BIG_ENDIAN=0 -DPJ_IS_LITTLE_ENDIAN=1    -I. -I../../webrtc/src -I../../../pjlib/include -fexceptions -DWEBRTC_POSIX=1  \
	-c -o output/libwebrtc-x86_64-pc-linux-gnu/modules/audio_processing/ns/nsx_core_c.o \
	../../webrtc/src/webrtc//modules/audio_processing/ns/nsx_core_c.c 
g++ -Wall -DPJ_AUTOCONF=1 -fPIC -DPJ_IS_BIG_ENDIAN=0 -DPJ_IS_LITTLE_ENDIAN=1    -I. -I../../webrtc/src -I../../../pjlib/include -fexceptions -DWEBRTC_POSIX=1  \
	-c -o output/libwebrtc-x86_64-pc-linux-gnu/system_wrappers/source/cpu_features.o \
	../../webrtc/src/webrtc//system_wrappers/source/cpu_features.cc
if test ! -d ../../lib; then mkdir -p ../../lib; fi
ar rv ../../lib/libwebrtc-x86_64-pc-linux-gnu.a  output/libwebrtc-x86_64-pc-linux-gnu/modules/audio_processing/aec/aec_core.o  output/libwebrtc-x86_64-pc-linux-gnu/modules/audio_processing/aec/aec_rdft.o  output/libwebrtc-x86_64-pc-linux-gnu/modules/audio_processing/aec/aec_resampler.o  output/libwebrtc-x86_64-pc-linux-gnu/modules/audio_processing/aec/echo_cancellation.o  output/libwebrtc-x86_64-pc-linux-gnu/modules/audio_processing/aecm/aecm_core.o  output/libwebrtc-x86_64-pc-linux-gnu/modules/audio_processing/aecm/echo_control_mobile.o  output/libwebrtc-x86_64-pc-linux-gnu/modules/audio_processing/ns/noise_suppression.o  output/libwebrtc-x86_64-pc-linux-gnu/modules/audio_processing/ns/noise_suppression_x.o  output/libwebrtc-x86_64-pc-linux-gnu/modules/audio_processing/ns/ns_core.o  output/libwebrtc-x86_64-pc-linux-gnu/modules/audio_processing/ns/nsx_core.o  output/libwebrtc-x86_64-pc-linux-gnu/modules/audio_processing/utility/delay_estimator_wrapper.o  output/libwebrtc-x86_64-pc-linux-gnu/modules/audio_processing/utility/delay_estimator.o  output/libwebrtc-x86_64-pc-linux-gnu/common_audio/fft4g.o  output/libwebrtc-x86_64-pc-linux-gnu/common_audio/ring_buffer.o  output/libwebrtc-x86_64-pc-linux-gnu/common_audio/signal_processing/complex_bit_reverse.o  output/libwebrtc-x86_64-pc-linux-gnu/common_audio/signal_processing/complex_fft.o  output/libwebrtc-x86_64-pc-linux-gnu/common_audio/signal_processing/copy_set_operations.o  output/libwebrtc-x86_64-pc-linux-gnu/common_audio/signal_processing/cross_correlation.o  output/libwebrtc-x86_64-pc-linux-gnu/common_audio/signal_processing/division_operations.o  output/libwebrtc-x86_64-pc-linux-gnu/common_audio/signal_processing/downsample_fast.o  output/libwebrtc-x86_64-pc-linux-gnu/common_audio/signal_processing/energy.o  output/libwebrtc-x86_64-pc-linux-gnu/common_audio/signal_processing/get_scaling_square.o  output/libwebrtc-x86_64-pc-linux-gnu/common_audio/signal_processing/min_max_operations.o  output/libwebrtc-x86_64-pc-linux-gnu/common_audio/signal_processing/randomization_functions.o  output/libwebrtc-x86_64-pc-linux-gnu/common_audio/signal_processing/real_fft.o  output/libwebrtc-x86_64-pc-linux-gnu/common_audio/signal_processing/spl_init.o  output/libwebrtc-x86_64-pc-linux-gnu/common_audio/signal_processing/spl_sqrt.o  output/libwebrtc-x86_64-pc-linux-gnu/common_audio/signal_processing/spl_sqrt_floor.o  output/libwebrtc-x86_64-pc-linux-gnu/common_audio/signal_processing/vector_scaling_operations.o  output/libwebrtc-x86_64-pc-linux-gnu/modules/audio_processing/aec/aec_core_sse2.o  output/libwebrtc-x86_64-pc-linux-gnu/modules/audio_processing/aec/aec_rdft_sse2.o  output/libwebrtc-x86_64-pc-linux-gnu/modules/audio_processing/aecm/aecm_core_c.o  output/libwebrtc-x86_64-pc-linux-gnu/modules/audio_processing/ns/nsx_core_c.o  output/libwebrtc-x86_64-pc-linux-gnu/system_wrappers/source/cpu_features.o
ar: creating ../../lib/libwebrtc-x86_64-pc-linux-gnu.a
a - output/libwebrtc-x86_64-pc-linux-gnu/modules/audio_processing/aec/aec_core.o
a - output/libwebrtc-x86_64-pc-linux-gnu/modules/audio_processing/aec/aec_rdft.o
a - output/libwebrtc-x86_64-pc-linux-gnu/modules/audio_processing/aec/aec_resampler.o
a - output/libwebrtc-x86_64-pc-linux-gnu/modules/audio_processing/aec/echo_cancellation.o
a - output/libwebrtc-x86_64-pc-linux-gnu/modules/audio_processing/aecm/aecm_core.o
a - output/libwebrtc-x86_64-pc-linux-gnu/modules/audio_processing/aecm/echo_control_mobile.o
a - output/libwebrtc-x86_64-pc-linux-gnu/modules/audio_processing/ns/noise_suppression.o
a - output/libwebrtc-x86_64-pc-linux-gnu/modules/audio_processing/ns/noise_suppression_x.o
a - output/libwebrtc-x86_64-pc-linux-gnu/modules/audio_processing/ns/ns_core.o
a - output/libwebrtc-x86_64-pc-linux-gnu/modules/audio_processing/ns/nsx_core.o
a - output/libwebrtc-x86_64-pc-linux-gnu/modules/audio_processing/utility/delay_estimator_wrapper.o
a - output/libwebrtc-x86_64-pc-linux-gnu/modules/audio_processing/utility/delay_estimator.o
a - output/libwebrtc-x86_64-pc-linux-gnu/common_audio/fft4g.o
a - output/libwebrtc-x86_64-pc-linux-gnu/common_audio/ring_buffer.o
a - output/libwebrtc-x86_64-pc-linux-gnu/common_audio/signal_processing/complex_bit_reverse.o
a - output/libwebrtc-x86_64-pc-linux-gnu/common_audio/signal_processing/complex_fft.o
a - output/libwebrtc-x86_64-pc-linux-gnu/common_audio/signal_processing/copy_set_operations.o
a - output/libwebrtc-x86_64-pc-linux-gnu/common_audio/signal_processing/cross_correlation.o
a - output/libwebrtc-x86_64-pc-linux-gnu/common_audio/signal_processing/division_operations.o
a - output/libwebrtc-x86_64-pc-linux-gnu/common_audio/signal_processing/downsample_fast.o
a - output/libwebrtc-x86_64-pc-linux-gnu/common_audio/signal_processing/energy.o
a - output/libwebrtc-x86_64-pc-linux-gnu/common_audio/signal_processing/get_scaling_square.o
a - output/libwebrtc-x86_64-pc-linux-gnu/common_audio/signal_processing/min_max_operations.o
a - output/libwebrtc-x86_64-pc-linux-gnu/common_audio/signal_processing/randomization_functions.o
a - output/libwebrtc-x86_64-pc-linux-gnu/common_audio/signal_processing/real_fft.o
a - output/libwebrtc-x86_64-pc-linux-gnu/common_audio/signal_processing/spl_init.o
a - output/libwebrtc-x86_64-pc-linux-gnu/common_audio/signal_processing/spl_sqrt.o
a - output/libwebrtc-x86_64-pc-linux-gnu/common_audio/signal_processing/spl_sqrt_floor.o
a - output/libwebrtc-x86_64-pc-linux-gnu/common_audio/signal_processing/vector_scaling_operations.o
a - output/libwebrtc-x86_64-pc-linux-gnu/modules/audio_processing/aec/aec_core_sse2.o
a - output/libwebrtc-x86_64-pc-linux-gnu/modules/audio_processing/aec/aec_rdft_sse2.o
a - output/libwebrtc-x86_64-pc-linux-gnu/modules/audio_processing/aecm/aecm_core_c.o
a - output/libwebrtc-x86_64-pc-linux-gnu/modules/audio_processing/ns/nsx_core_c.o
a - output/libwebrtc-x86_64-pc-linux-gnu/system_wrappers/source/cpu_features.o
ranlib ../../lib/libwebrtc-x86_64-pc-linux-gnu.a
make[3]: Leaving directory '/home/inrack/src/pjsip-build/pjproject-2.17/third_party/build/webrtc'
make[2]: Leaving directory '/home/inrack/src/pjsip-build/pjproject-2.17/third_party/build/webrtc'
make[1]: Leaving directory '/home/inrack/src/pjsip-build/pjproject-2.17/third_party/build'
make[1]: Entering directory '/home/inrack/src/pjsip-build/pjproject-2.17/pjmedia/build'
make -f /home/inrack/src/pjsip-build/pjproject-2.17/build/rules.mak APP=PJMEDIA app=pjmedia ../lib/libpjmedia-x86_64-pc-linux-gnu.a
make[2]: Entering directory '/home/inrack/src/pjsip-build/pjproject-2.17/pjmedia/build'
mkdir -p output/pjmedia-x86_64-pc-linux-gnu/
gcc -Wall -DPJ_AUTOCONF=1 -fPIC -DPJ_IS_BIG_ENDIAN=0 -DPJ_IS_LITTLE_ENDIAN=1    -DPJMEDIA_USE_OLD_FFMPEG=1           -I/home/inrack/src/pjsip-build/pjproject-2.17/third_party/build/speex -I/home/inrack/src/pjsip-build/pjproject-2.17/third_party/speex/include -DPJMEDIA_HAS_OPENCORE_AMRNB_CODEC=0 -DPJMEDIA_HAS_OPENCORE_AMRWB_CODEC=0 -DPJMEDIA_HAS_ANDROID_MEDIACODEC=0 -DPJMEDIA_HAS_LYRA_CODEC=0 -I/home/inrack/src/pjsip-build/pjproject-2.17/third_party/build/srtp -I/home/inrack/src/pjsip-build/pjproject-2.17/third_party/srtp/crypto/include -I/home/inrack/src/pjsip-build/pjproject-2.17/third_party/srtp/include -DPJMEDIA_RESAMPLE_IMP=PJMEDIA_RESAMPLE_LIBRESAMPLE -DPJMEDIA_HAS_LIBYUV=1 -I/home/inrack/src/pjsip-build/pjproject-2.17/third_party/yuv/include -DPJMEDIA_HAS_WEBRTC_AEC=1 -I/home/inrack/src/pjsip-build/pjproject-2.17/third_party/webrtc/src -DPJMEDIA_HAS_WEBRTC_AEC3=0 -DPJMEDIA_AUDIO_DEV_HAS_WMME=0 -DPJMEDIA_AUDIO_DEV_HAS_PORTAUDIO=0 -DPJMEDIA_AUDIO_DEV_HAS_WMME=0 -I../include -I../../pjlib/include -I../../pjlib-util/include -I../../pjmedia/include -I../../pjnath/include -I../.. \
	-c -o output/pjmedia-x86_64-pc-linux-gnu/echo_speex.o \
	../src/pjmedia/echo_speex.c 
gcc -Wall -DPJ_AUTOCONF=1 -fPIC -DPJ_IS_BIG_ENDIAN=0 -DPJ_IS_LITTLE_ENDIAN=1    -DPJMEDIA_USE_OLD_FFMPEG=1           -I/home/inrack/src/pjsip-build/pjproject-2.17/third_party/build/speex -I/home/inrack/src/pjsip-build/pjproject-2.17/third_party/speex/include -DPJMEDIA_HAS_OPENCORE_AMRNB_CODEC=0 -DPJMEDIA_HAS_OPENCORE_AMRWB_CODEC=0 -DPJMEDIA_HAS_ANDROID_MEDIACODEC=0 -DPJMEDIA_HAS_LYRA_CODEC=0 -I/home/inrack/src/pjsip-build/pjproject-2.17/third_party/build/srtp -I/home/inrack/src/pjsip-build/pjproject-2.17/third_party/srtp/crypto/include -I/home/inrack/src/pjsip-build/pjproject-2.17/third_party/srtp/include -DPJMEDIA_RESAMPLE_IMP=PJMEDIA_RESAMPLE_LIBRESAMPLE -DPJMEDIA_HAS_LIBYUV=1 -I/home/inrack/src/pjsip-build/pjproject-2.17/third_party/yuv/include -DPJMEDIA_HAS_WEBRTC_AEC=1 -I/home/inrack/src/pjsip-build/pjproject-2.17/third_party/webrtc/src -DPJMEDIA_HAS_WEBRTC_AEC3=0 -DPJMEDIA_AUDIO_DEV_HAS_WMME=0 -DPJMEDIA_AUDIO_DEV_HAS_PORTAUDIO=0 -DPJMEDIA_AUDIO_DEV_HAS_WMME=0 -I../include -I../../pjlib/include -I../../pjlib-util/include -I../../pjmedia/include -I../../pjnath/include -I../.. \
	-c -o output/pjmedia-x86_64-pc-linux-gnu/ai_port.o \
	../src/pjmedia/ai_port.c 
gcc -Wall -DPJ_AUTOCONF=1 -fPIC -DPJ_IS_BIG_ENDIAN=0 -DPJ_IS_LITTLE_ENDIAN=1    -DPJMEDIA_USE_OLD_FFMPEG=1           -I/home/inrack/src/pjsip-build/pjproject-2.17/third_party/build/speex -I/home/inrack/src/pjsip-build/pjproject-2.17/third_party/speex/include -DPJMEDIA_HAS_OPENCORE_AMRNB_CODEC=0 -DPJMEDIA_HAS_OPENCORE_AMRWB_CODEC=0 -DPJMEDIA_HAS_ANDROID_MEDIACODEC=0 -DPJMEDIA_HAS_LYRA_CODEC=0 -I/home/inrack/src/pjsip-build/pjproject-2.17/third_party/build/srtp -I/home/inrack/src/pjsip-build/pjproject-2.17/third_party/srtp/crypto/include -I/home/inrack/src/pjsip-build/pjproject-2.17/third_party/srtp/include -DPJMEDIA_RESAMPLE_IMP=PJMEDIA_RESAMPLE_LIBRESAMPLE -DPJMEDIA_HAS_LIBYUV=1 -I/home/inrack/src/pjsip-build/pjproject-2.17/third_party/yuv/include -DPJMEDIA_HAS_WEBRTC_AEC=1 -I/home/inrack/src/pjsip-build/pjproject-2.17/third_party/webrtc/src -DPJMEDIA_HAS_WEBRTC_AEC3=0 -DPJMEDIA_AUDIO_DEV_HAS_WMME=0 -DPJMEDIA_AUDIO_DEV_HAS_PORTAUDIO=0 -DPJMEDIA_AUDIO_DEV_HAS_WMME=0 -I../include -I../../pjlib/include -I../../pjlib-util/include -I../../pjmedia/include -I../../pjnath/include -I../.. \
	-c -o output/pjmedia-x86_64-pc-linux-gnu/ai_port_openai.o \
	../src/pjmedia/ai_port_openai.c 
gcc -Wall -DPJ_AUTOCONF=1 -fPIC -DPJ_IS_BIG_ENDIAN=0 -DPJ_IS_LITTLE_ENDIAN=1    -DPJMEDIA_USE_OLD_FFMPEG=1           -I/home/inrack/src/pjsip-build/pjproject-2.17/third_party/build/speex -I/home/inrack/src/pjsip-build/pjproject-2.17/third_party/speex/include -DPJMEDIA_HAS_OPENCORE_AMRNB_CODEC=0 -DPJMEDIA_HAS_OPENCORE_AMRWB_CODEC=0 -DPJMEDIA_HAS_ANDROID_MEDIACODEC=0 -DPJMEDIA_HAS_LYRA_CODEC=0 -I/home/inrack/src/pjsip-build/pjproject-2.17/third_party/build/srtp -I/home/inrack/src/pjsip-build/pjproject-2.17/third_party/srtp/crypto/include -I/home/inrack/src/pjsip-build/pjproject-2.17/third_party/srtp/include -DPJMEDIA_RESAMPLE_IMP=PJMEDIA_RESAMPLE_LIBRESAMPLE -DPJMEDIA_HAS_LIBYUV=1 -I/home/inrack/src/pjsip-build/pjproject-2.17/third_party/yuv/include -DPJMEDIA_HAS_WEBRTC_AEC=1 -I/home/inrack/src/pjsip-build/pjproject-2.17/third_party/webrtc/src -DPJMEDIA_HAS_WEBRTC_AEC3=0 -DPJMEDIA_AUDIO_DEV_HAS_WMME=0 -DPJMEDIA_AUDIO_DEV_HAS_PORTAUDIO=0 -DPJMEDIA_AUDIO_DEV_HAS_WMME=0 -I../include -I../../pjlib/include -I../../pjlib-util/include -I../../pjmedia/include -I../../pjnath/include -I../.. \
	-c -o output/pjmedia-x86_64-pc-linux-gnu/alaw_ulaw.o \
	../src/pjmedia/alaw_ulaw.c 
gcc -Wall -DPJ_AUTOCONF=1 -fPIC -DPJ_IS_BIG_ENDIAN=0 -DPJ_IS_LITTLE_ENDIAN=1    -DPJMEDIA_USE_OLD_FFMPEG=1           -I/home/inrack/src/pjsip-build/pjproject-2.17/third_party/build/speex -I/home/inrack/src/pjsip-build/pjproject-2.17/third_party/speex/include -DPJMEDIA_HAS_OPENCORE_AMRNB_CODEC=0 -DPJMEDIA_HAS_OPENCORE_AMRWB_CODEC=0 -DPJMEDIA_HAS_ANDROID_MEDIACODEC=0 -DPJMEDIA_HAS_LYRA_CODEC=0 -I/home/inrack/src/pjsip-build/pjproject-2.17/third_party/build/srtp -I/home/inrack/src/pjsip-build/pjproject-2.17/third_party/srtp/crypto/include -I/home/inrack/src/pjsip-build/pjproject-2.17/third_party/srtp/include -DPJMEDIA_RESAMPLE_IMP=PJMEDIA_RESAMPLE_LIBRESAMPLE -DPJMEDIA_HAS_LIBYUV=1 -I/home/inrack/src/pjsip-build/pjproject-2.17/third_party/yuv/include -DPJMEDIA_HAS_WEBRTC_AEC=1 -I/home/inrack/src/pjsip-build/pjproject-2.17/third_party/webrtc/src -DPJMEDIA_HAS_WEBRTC_AEC3=0 -DPJMEDIA_AUDIO_DEV_HAS_WMME=0 -DPJMEDIA_AUDIO_DEV_HAS_PORTAUDIO=0 -DPJMEDIA_AUDIO_DEV_HAS_WMME=0 -I../include -I../../pjlib/include -I../../pjlib-util/include -I../../pjmedia/include -I../../pjnath/include -I../.. \
	-c -o output/pjmedia-x86_64-pc-linux-gnu/alaw_ulaw_table.o \
	../src/pjmedia/alaw_ulaw_table.c 
gcc -Wall -DPJ_AUTOCONF=1 -fPIC -DPJ_IS_BIG_ENDIAN=0 -DPJ_IS_LITTLE_ENDIAN=1    -DPJMEDIA_USE_OLD_FFMPEG=1           -I/home/inrack/src/pjsip-build/pjproject-2.17/third_party/build/speex -I/home/inrack/src/pjsip-build/pjproject-2.17/third_party/speex/include -DPJMEDIA_HAS_OPENCORE_AMRNB_CODEC=0 -DPJMEDIA_HAS_OPENCORE_AMRWB_CODEC=0 -DPJMEDIA_HAS_ANDROID_MEDIACODEC=0 -DPJMEDIA_HAS_LYRA_CODEC=0 -I/home/inrack/src/pjsip-build/pjproject-2.17/third_party/build/srtp -I/home/inrack/src/pjsip-build/pjproject-2.17/third_party/srtp/crypto/include -I/home/inrack/src/pjsip-build/pjproject-2.17/third_party/srtp/include -DPJMEDIA_RESAMPLE_IMP=PJMEDIA_RESAMPLE_LIBRESAMPLE -DPJMEDIA_HAS_LIBYUV=1 -I/home/inrack/src/pjsip-build/pjproject-2.17/third_party/yuv/include -DPJMEDIA_HAS_WEBRTC_AEC=1 -I/home/inrack/src/pjsip-build/pjproject-2.17/third_party/webrtc/src -DPJMEDIA_HAS_WEBRTC_AEC3=0 -DPJMEDIA_AUDIO_DEV_HAS_WMME=0 -DPJMEDIA_AUDIO_DEV_HAS_PORTAUDIO=0 -DPJMEDIA_AUDIO_DEV_HAS_WMME=0 -I../include -I../../pjlib/include -I../../pjlib-util/include -I../../pjmedia/include -I../../pjnath/include -I../.. \
	-c -o output/pjmedia-x86_64-pc-linux-gnu/avi_player.o \
	../src/pjmedia/avi_player.c 
gcc -Wall -DPJ_AUTOCONF=1 -fPIC -DPJ_IS_BIG_ENDIAN=0 -DPJ_IS_LITTLE_ENDIAN=1    -DPJMEDIA_USE_OLD_FFMPEG=1           -I/home/inrack/src/pjsip-build/pjproject-2.17/third_party/build/speex -I/home/inrack/src/pjsip-build/pjproject-2.17/third_party/speex/include -DPJMEDIA_HAS_OPENCORE_AMRNB_CODEC=0 -DPJMEDIA_HAS_OPENCORE_AMRWB_CODEC=0 -DPJMEDIA_HAS_ANDROID_MEDIACODEC=0 -DPJMEDIA_HAS_LYRA_CODEC=0 -I/home/inrack/src/pjsip-build/pjproject-2.17/third_party/build/srtp -I/home/inrack/src/pjsip-build/pjproject-2.17/third_party/srtp/crypto/include -I/home/inrack/src/pjsip-build/pjproject-2.17/third_party/srtp/include -DPJMEDIA_RESAMPLE_IMP=PJMEDIA_RESAMPLE_LIBRESAMPLE -DPJMEDIA_HAS_LIBYUV=1 -I/home/inrack/src/pjsip-build/pjproject-2.17/third_party/yuv/include -DPJMEDIA_HAS_WEBRTC_AEC=1 -I/home/inrack/src/pjsip-build/pjproject-2.17/third_party/webrtc/src -DPJMEDIA_HAS_WEBRTC_AEC3=0 -DPJMEDIA_AUDIO_DEV_HAS_WMME=0 -DPJMEDIA_AUDIO_DEV_HAS_PORTAUDIO=0 -DPJMEDIA_AUDIO_DEV_HAS_WMME=0 -I../include -I../../pjlib/include -I../../pjlib-util/include -I../../pjmedia/include -I../../pjnath/include -I../.. \
	-c -o output/pjmedia-x86_64-pc-linux-gnu/avi_writer.o \
	../src/pjmedia/avi_writer.c 
gcc -Wall -DPJ_AUTOCONF=1 -fPIC -DPJ_IS_BIG_ENDIAN=0 -DPJ_IS_LITTLE_ENDIAN=1    -DPJMEDIA_USE_OLD_FFMPEG=1           -I/home/inrack/src/pjsip-build/pjproject-2.17/third_party/build/speex -I/home/inrack/src/pjsip-build/pjproject-2.17/third_party/speex/include -DPJMEDIA_HAS_OPENCORE_AMRNB_CODEC=0 -DPJMEDIA_HAS_OPENCORE_AMRWB_CODEC=0 -DPJMEDIA_HAS_ANDROID_MEDIACODEC=0 -DPJMEDIA_HAS_LYRA_CODEC=0 -I/home/inrack/src/pjsip-build/pjproject-2.17/third_party/build/srtp -I/home/inrack/src/pjsip-build/pjproject-2.17/third_party/srtp/crypto/include -I/home/inrack/src/pjsip-build/pjproject-2.17/third_party/srtp/include -DPJMEDIA_RESAMPLE_IMP=PJMEDIA_RESAMPLE_LIBRESAMPLE -DPJMEDIA_HAS_LIBYUV=1 -I/home/inrack/src/pjsip-build/pjproject-2.17/third_party/yuv/include -DPJMEDIA_HAS_WEBRTC_AEC=1 -I/home/inrack/src/pjsip-build/pjproject-2.17/third_party/webrtc/src -DPJMEDIA_HAS_WEBRTC_AEC3=0 -DPJMEDIA_AUDIO_DEV_HAS_WMME=0 -DPJMEDIA_AUDIO_DEV_HAS_PORTAUDIO=0 -DPJMEDIA_AUDIO_DEV_HAS_WMME=0 -I../include -I../../pjlib/include -I../../pjlib-util/include -I../../pjmedia/include -I../../pjnath/include -I../.. \
	-c -o output/pjmedia-x86_64-pc-linux-gnu/av_sync.o \
	../src/pjmedia/av_sync.c 
gcc -Wall -DPJ_AUTOCONF=1 -fPIC -DPJ_IS_BIG_ENDIAN=0 -DPJ_IS_LITTLE_ENDIAN=1    -DPJMEDIA_USE_OLD_FFMPEG=1           -I/home/inrack/src/pjsip-build/pjproject-2.17/third_party/build/speex -I/home/inrack/src/pjsip-build/pjproject-2.17/third_party/speex/include -DPJMEDIA_HAS_OPENCORE_AMRNB_CODEC=0 -DPJMEDIA_HAS_OPENCORE_AMRWB_CODEC=0 -DPJMEDIA_HAS_ANDROID_MEDIACODEC=0 -DPJMEDIA_HAS_LYRA_CODEC=0 -I/home/inrack/src/pjsip-build/pjproject-2.17/third_party/build/srtp -I/home/inrack/src/pjsip-build/pjproject-2.17/third_party/srtp/crypto/include -I/home/inrack/src/pjsip-build/pjproject-2.17/third_party/srtp/include -DPJMEDIA_RESAMPLE_IMP=PJMEDIA_RESAMPLE_LIBRESAMPLE -DPJMEDIA_HAS_LIBYUV=1 -I/home/inrack/src/pjsip-build/pjproject-2.17/third_party/yuv/include -DPJMEDIA_HAS_WEBRTC_AEC=1 -I/home/inrack/src/pjsip-build/pjproject-2.17/third_party/webrtc/src -DPJMEDIA_HAS_WEBRTC_AEC3=0 -DPJMEDIA_AUDIO_DEV_HAS_WMME=0 -DPJMEDIA_AUDIO_DEV_HAS_PORTAUDIO=0 -DPJMEDIA_AUDIO_DEV_HAS_WMME=0 -I../include -I../../pjlib/include -I../../pjlib-util/include -I../../pjmedia/include -I../../pjnath/include -I../.. \
	-c -o output/pjmedia-x86_64-pc-linux-gnu/bidirectional.o \
	../src/pjmedia/bidirectional.c 
gcc -Wall -DPJ_AUTOCONF=1 -fPIC -DPJ_IS_BIG_ENDIAN=0 -DPJ_IS_LITTLE_ENDIAN=1    -DPJMEDIA_USE_OLD_FFMPEG=1           -I/home/inrack/src/pjsip-build/pjproject-2.17/third_party/build/speex -I/home/inrack/src/pjsip-build/pjproject-2.17/third_party/speex/include -DPJMEDIA_HAS_OPENCORE_AMRNB_CODEC=0 -DPJMEDIA_HAS_OPENCORE_AMRWB_CODEC=0 -DPJMEDIA_HAS_ANDROID_MEDIACODEC=0 -DPJMEDIA_HAS_LYRA_CODEC=0 -I/home/inrack/src/pjsip-build/pjproject-2.17/third_party/build/srtp -I/home/inrack/src/pjsip-build/pjproject-2.17/third_party/srtp/crypto/include -I/home/inrack/src/pjsip-build/pjproject-2.17/third_party/srtp/include -DPJMEDIA_RESAMPLE_IMP=PJMEDIA_RESAMPLE_LIBRESAMPLE -DPJMEDIA_HAS_LIBYUV=1 -I/home/inrack/src/pjsip-build/pjproject-2.17/third_party/yuv/include -DPJMEDIA_HAS_WEBRTC_AEC=1 -I/home/inrack/src/pjsip-build/pjproject-2.17/third_party/webrtc/src -DPJMEDIA_HAS_WEBRTC_AEC3=0 -DPJMEDIA_AUDIO_DEV_HAS_WMME=0 -DPJMEDIA_AUDIO_DEV_HAS_PORTAUDIO=0 -DPJMEDIA_AUDIO_DEV_HAS_WMME=0 -I../include -I../../pjlib/include -I../../pjlib-util/include -I../../pjmedia/include -I../../pjnath/include -I../.. \
	-c -o output/pjmedia-x86_64-pc-linux-gnu/clock_thread.o \
	../src/pjmedia/clock_thread.c 
gcc -Wall -DPJ_AUTOCONF=1 -fPIC -DPJ_IS_BIG_ENDIAN=0 -DPJ_IS_LITTLE_ENDIAN=1    -DPJMEDIA_USE_OLD_FFMPEG=1           -I/home/inrack/src/pjsip-build/pjproject-2.17/third_party/build/speex -I/home/inrack/src/pjsip-build/pjproject-2.17/third_party/speex/include -DPJMEDIA_HAS_OPENCORE_AMRNB_CODEC=0 -DPJMEDIA_HAS_OPENCORE_AMRWB_CODEC=0 -DPJMEDIA_HAS_ANDROID_MEDIACODEC=0 -DPJMEDIA_HAS_LYRA_CODEC=0 -I/home/inrack/src/pjsip-build/pjproject-2.17/third_party/build/srtp -I/home/inrack/src/pjsip-build/pjproject-2.17/third_party/srtp/crypto/include -I/home/inrack/src/pjsip-build/pjproject-2.17/third_party/srtp/include -DPJMEDIA_RESAMPLE_IMP=PJMEDIA_RESAMPLE_LIBRESAMPLE -DPJMEDIA_HAS_LIBYUV=1 -I/home/inrack/src/pjsip-build/pjproject-2.17/third_party/yuv/include -DPJMEDIA_HAS_WEBRTC_AEC=1 -I/home/inrack/src/pjsip-build/pjproject-2.17/third_party/webrtc/src -DPJMEDIA_HAS_WEBRTC_AEC3=0 -DPJMEDIA_AUDIO_DEV_HAS_WMME=0 -DPJMEDIA_AUDIO_DEV_HAS_PORTAUDIO=0 -DPJMEDIA_AUDIO_DEV_HAS_WMME=0 -I../include -I../../pjlib/include -I../../pjlib-util/include -I../../pjmedia/include -I../../pjnath/include -I../.. \
	-c -o output/pjmedia-x86_64-pc-linux-gnu/codec.o \
	../src/pjmedia/codec.c 
gcc -Wall -DPJ_AUTOCONF=1 -fPIC -DPJ_IS_BIG_ENDIAN=0 -DPJ_IS_LITTLE_ENDIAN=1    -DPJMEDIA_USE_OLD_FFMPEG=1           -I/home/inrack/src/pjsip-build/pjproject-2.17/third_party/build/speex -I/home/inrack/src/pjsip-build/pjproject-2.17/third_party/speex/include -DPJMEDIA_HAS_OPENCORE_AMRNB_CODEC=0 -DPJMEDIA_HAS_OPENCORE_AMRWB_CODEC=0 -DPJMEDIA_HAS_ANDROID_MEDIACODEC=0 -DPJMEDIA_HAS_LYRA_CODEC=0 -I/home/inrack/src/pjsip-build/pjproject-2.17/third_party/build/srtp -I/home/inrack/src/pjsip-build/pjproject-2.17/third_party/srtp/crypto/include -I/home/inrack/src/pjsip-build/pjproject-2.17/third_party/srtp/include -DPJMEDIA_RESAMPLE_IMP=PJMEDIA_RESAMPLE_LIBRESAMPLE -DPJMEDIA_HAS_LIBYUV=1 -I/home/inrack/src/pjsip-build/pjproject-2.17/third_party/yuv/include -DPJMEDIA_HAS_WEBRTC_AEC=1 -I/home/inrack/src/pjsip-build/pjproject-2.17/third_party/webrtc/src -DPJMEDIA_HAS_WEBRTC_AEC3=0 -DPJMEDIA_AUDIO_DEV_HAS_WMME=0 -DPJMEDIA_AUDIO_DEV_HAS_PORTAUDIO=0 -DPJMEDIA_AUDIO_DEV_HAS_WMME=0 -I../include -I../../pjlib/include -I../../pjlib-util/include -I../../pjmedia/include -I../../pjnath/include -I../.. \
	-c -o output/pjmedia-x86_64-pc-linux-gnu/conference.o \
	../src/pjmedia/conference.c 
gcc -Wall -DPJ_AUTOCONF=1 -fPIC -DPJ_IS_BIG_ENDIAN=0 -DPJ_IS_LITTLE_ENDIAN=1    -DPJMEDIA_USE_OLD_FFMPEG=1           -I/home/inrack/src/pjsip-build/pjproject-2.17/third_party/build/speex -I/home/inrack/src/pjsip-build/pjproject-2.17/third_party/speex/include -DPJMEDIA_HAS_OPENCORE_AMRNB_CODEC=0 -DPJMEDIA_HAS_OPENCORE_AMRWB_CODEC=0 -DPJMEDIA_HAS_ANDROID_MEDIACODEC=0 -DPJMEDIA_HAS_LYRA_CODEC=0 -I/home/inrack/src/pjsip-build/pjproject-2.17/third_party/build/srtp -I/home/inrack/src/pjsip-build/pjproject-2.17/third_party/srtp/crypto/include -I/home/inrack/src/pjsip-build/pjproject-2.17/third_party/srtp/include -DPJMEDIA_RESAMPLE_IMP=PJMEDIA_RESAMPLE_LIBRESAMPLE -DPJMEDIA_HAS_LIBYUV=1 -I/home/inrack/src/pjsip-build/pjproject-2.17/third_party/yuv/include -DPJMEDIA_HAS_WEBRTC_AEC=1 -I/home/inrack/src/pjsip-build/pjproject-2.17/third_party/webrtc/src -DPJMEDIA_HAS_WEBRTC_AEC3=0 -DPJMEDIA_AUDIO_DEV_HAS_WMME=0 -DPJMEDIA_AUDIO_DEV_HAS_PORTAUDIO=0 -DPJMEDIA_AUDIO_DEV_HAS_WMME=0 -I../include -I../../pjlib/include -I../../pjlib-util/include -I../../pjmedia/include -I../../pjnath/include -I../.. \
	-c -o output/pjmedia-x86_64-pc-linux-gnu/conf_thread.o \
	../src/pjmedia/conf_thread.c 
gcc -Wall -DPJ_AUTOCONF=1 -fPIC -DPJ_IS_BIG_ENDIAN=0 -DPJ_IS_LITTLE_ENDIAN=1    -DPJMEDIA_USE_OLD_FFMPEG=1           -I/home/inrack/src/pjsip-build/pjproject-2.17/third_party/build/speex -I/home/inrack/src/pjsip-build/pjproject-2.17/third_party/speex/include -DPJMEDIA_HAS_OPENCORE_AMRNB_CODEC=0 -DPJMEDIA_HAS_OPENCORE_AMRWB_CODEC=0 -DPJMEDIA_HAS_ANDROID_MEDIACODEC=0 -DPJMEDIA_HAS_LYRA_CODEC=0 -I/home/inrack/src/pjsip-build/pjproject-2.17/third_party/build/srtp -I/home/inrack/src/pjsip-build/pjproject-2.17/third_party/srtp/crypto/include -I/home/inrack/src/pjsip-build/pjproject-2.17/third_party/srtp/include -DPJMEDIA_RESAMPLE_IMP=PJMEDIA_RESAMPLE_LIBRESAMPLE -DPJMEDIA_HAS_LIBYUV=1 -I/home/inrack/src/pjsip-build/pjproject-2.17/third_party/yuv/include -DPJMEDIA_HAS_WEBRTC_AEC=1 -I/home/inrack/src/pjsip-build/pjproject-2.17/third_party/webrtc/src -DPJMEDIA_HAS_WEBRTC_AEC3=0 -DPJMEDIA_AUDIO_DEV_HAS_WMME=0 -DPJMEDIA_AUDIO_DEV_HAS_PORTAUDIO=0 -DPJMEDIA_AUDIO_DEV_HAS_WMME=0 -I../include -I../../pjlib/include -I../../pjlib-util/include -I../../pjmedia/include -I../../pjnath/include -I../.. \
	-c -o output/pjmedia-x86_64-pc-linux-gnu/conf_switch.o \
	../src/pjmedia/conf_switch.c 
gcc -Wall -DPJ_AUTOCONF=1 -fPIC -DPJ_IS_BIG_ENDIAN=0 -DPJ_IS_LITTLE_ENDIAN=1    -DPJMEDIA_USE_OLD_FFMPEG=1           -I/home/inrack/src/pjsip-build/pjproject-2.17/third_party/build/speex -I/home/inrack/src/pjsip-build/pjproject-2.17/third_party/speex/include -DPJMEDIA_HAS_OPENCORE_AMRNB_CODEC=0 -DPJMEDIA_HAS_OPENCORE_AMRWB_CODEC=0 -DPJMEDIA_HAS_ANDROID_MEDIACODEC=0 -DPJMEDIA_HAS_LYRA_CODEC=0 -I/home/inrack/src/pjsip-build/pjproject-2.17/third_party/build/srtp -I/home/inrack/src/pjsip-build/pjproject-2.17/third_party/srtp/crypto/include -I/home/inrack/src/pjsip-build/pjproject-2.17/third_party/srtp/include -DPJMEDIA_RESAMPLE_IMP=PJMEDIA_RESAMPLE_LIBRESAMPLE -DPJMEDIA_HAS_LIBYUV=1 -I/home/inrack/src/pjsip-build/pjproject-2.17/third_party/yuv/include -DPJMEDIA_HAS_WEBRTC_AEC=1 -I/home/inrack/src/pjsip-build/pjproject-2.17/third_party/webrtc/src -DPJMEDIA_HAS_WEBRTC_AEC3=0 -DPJMEDIA_AUDIO_DEV_HAS_WMME=0 -DPJMEDIA_AUDIO_DEV_HAS_PORTAUDIO=0 -DPJMEDIA_AUDIO_DEV_HAS_WMME=0 -I../include -I../../pjlib/include -I../../pjlib-util/include -I../../pjmedia/include -I../../pjnath/include -I../.. \
	-c -o output/pjmedia-x86_64-pc-linux-gnu/converter.o \
	../src/pjmedia/converter.c 
gcc -Wall -DPJ_AUTOCONF=1 -fPIC -DPJ_IS_BIG_ENDIAN=0 -DPJ_IS_LITTLE_ENDIAN=1    -DPJMEDIA_USE_OLD_FFMPEG=1           -I/home/inrack/src/pjsip-build/pjproject-2.17/third_party/build/speex -I/home/inrack/src/pjsip-build/pjproject-2.17/third_party/speex/include -DPJMEDIA_HAS_OPENCORE_AMRNB_CODEC=0 -DPJMEDIA_HAS_OPENCORE_AMRWB_CODEC=0 -DPJMEDIA_HAS_ANDROID_MEDIACODEC=0 -DPJMEDIA_HAS_LYRA_CODEC=0 -I/home/inrack/src/pjsip-build/pjproject-2.17/third_party/build/srtp -I/home/inrack/src/pjsip-build/pjproject-2.17/third_party/srtp/crypto/include -I/home/inrack/src/pjsip-build/pjproject-2.17/third_party/srtp/include -DPJMEDIA_RESAMPLE_IMP=PJMEDIA_RESAMPLE_LIBRESAMPLE -DPJMEDIA_HAS_LIBYUV=1 -I/home/inrack/src/pjsip-build/pjproject-2.17/third_party/yuv/include -DPJMEDIA_HAS_WEBRTC_AEC=1 -I/home/inrack/src/pjsip-build/pjproject-2.17/third_party/webrtc/src -DPJMEDIA_HAS_WEBRTC_AEC3=0 -DPJMEDIA_AUDIO_DEV_HAS_WMME=0 -DPJMEDIA_AUDIO_DEV_HAS_PORTAUDIO=0 -DPJMEDIA_AUDIO_DEV_HAS_WMME=0 -I../include -I../../pjlib/include -I../../pjlib-util/include -I../../pjmedia/include -I../../pjnath/include -I../.. \
	-c -o output/pjmedia-x86_64-pc-linux-gnu/converter_libswscale.o \
	../src/pjmedia/converter_libswscale.c 
gcc -Wall -DPJ_AUTOCONF=1 -fPIC -DPJ_IS_BIG_ENDIAN=0 -DPJ_IS_LITTLE_ENDIAN=1    -DPJMEDIA_USE_OLD_FFMPEG=1           -I/home/inrack/src/pjsip-build/pjproject-2.17/third_party/build/speex -I/home/inrack/src/pjsip-build/pjproject-2.17/third_party/speex/include -DPJMEDIA_HAS_OPENCORE_AMRNB_CODEC=0 -DPJMEDIA_HAS_OPENCORE_AMRWB_CODEC=0 -DPJMEDIA_HAS_ANDROID_MEDIACODEC=0 -DPJMEDIA_HAS_LYRA_CODEC=0 -I/home/inrack/src/pjsip-build/pjproject-2.17/third_party/build/srtp -I/home/inrack/src/pjsip-build/pjproject-2.17/third_party/srtp/crypto/include -I/home/inrack/src/pjsip-build/pjproject-2.17/third_party/srtp/include -DPJMEDIA_RESAMPLE_IMP=PJMEDIA_RESAMPLE_LIBRESAMPLE -DPJMEDIA_HAS_LIBYUV=1 -I/home/inrack/src/pjsip-build/pjproject-2.17/third_party/yuv/include -DPJMEDIA_HAS_WEBRTC_AEC=1 -I/home/inrack/src/pjsip-build/pjproject-2.17/third_party/webrtc/src -DPJMEDIA_HAS_WEBRTC_AEC3=0 -DPJMEDIA_AUDIO_DEV_HAS_WMME=0 -DPJMEDIA_AUDIO_DEV_HAS_PORTAUDIO=0 -DPJMEDIA_AUDIO_DEV_HAS_WMME=0 -I../include -I../../pjlib/include -I../../pjlib-util/include -I../../pjmedia/include -I../../pjnath/include -I../.. \
	-c -o output/pjmedia-x86_64-pc-linux-gnu/converter_libyuv.o \
	../src/pjmedia/converter_libyuv.c 
gcc -Wall -DPJ_AUTOCONF=1 -fPIC -DPJ_IS_BIG_ENDIAN=0 -DPJ_IS_LITTLE_ENDIAN=1    -DPJMEDIA_USE_OLD_FFMPEG=1           -I/home/inrack/src/pjsip-build/pjproject-2.17/third_party/build/speex -I/home/inrack/src/pjsip-build/pjproject-2.17/third_party/speex/include -DPJMEDIA_HAS_OPENCORE_AMRNB_CODEC=0 -DPJMEDIA_HAS_OPENCORE_AMRWB_CODEC=0 -DPJMEDIA_HAS_ANDROID_MEDIACODEC=0 -DPJMEDIA_HAS_LYRA_CODEC=0 -I/home/inrack/src/pjsip-build/pjproject-2.17/third_party/build/srtp -I/home/inrack/src/pjsip-build/pjproject-2.17/third_party/srtp/crypto/include -I/home/inrack/src/pjsip-build/pjproject-2.17/third_party/srtp/include -DPJMEDIA_RESAMPLE_IMP=PJMEDIA_RESAMPLE_LIBRESAMPLE -DPJMEDIA_HAS_LIBYUV=1 -I/home/inrack/src/pjsip-build/pjproject-2.17/third_party/yuv/include -DPJMEDIA_HAS_WEBRTC_AEC=1 -I/home/inrack/src/pjsip-build/pjproject-2.17/third_party/webrtc/src -DPJMEDIA_HAS_WEBRTC_AEC3=0 -DPJMEDIA_AUDIO_DEV_HAS_WMME=0 -DPJMEDIA_AUDIO_DEV_HAS_PORTAUDIO=0 -DPJMEDIA_AUDIO_DEV_HAS_WMME=0 -I../include -I../../pjlib/include -I../../pjlib-util/include -I../../pjmedia/include -I../../pjnath/include -I../.. \
	-c -o output/pjmedia-x86_64-pc-linux-gnu/delaybuf.o \
	../src/pjmedia/delaybuf.c 
gcc -Wall -DPJ_AUTOCONF=1 -fPIC -DPJ_IS_BIG_ENDIAN=0 -DPJ_IS_LITTLE_ENDIAN=1    -DPJMEDIA_USE_OLD_FFMPEG=1           -I/home/inrack/src/pjsip-build/pjproject-2.17/third_party/build/speex -I/home/inrack/src/pjsip-build/pjproject-2.17/third_party/speex/include -DPJMEDIA_HAS_OPENCORE_AMRNB_CODEC=0 -DPJMEDIA_HAS_OPENCORE_AMRWB_CODEC=0 -DPJMEDIA_HAS_ANDROID_MEDIACODEC=0 -DPJMEDIA_HAS_LYRA_CODEC=0 -I/home/inrack/src/pjsip-build/pjproject-2.17/third_party/build/srtp -I/home/inrack/src/pjsip-build/pjproject-2.17/third_party/srtp/crypto/include -I/home/inrack/src/pjsip-build/pjproject-2.17/third_party/srtp/include -DPJMEDIA_RESAMPLE_IMP=PJMEDIA_RESAMPLE_LIBRESAMPLE -DPJMEDIA_HAS_LIBYUV=1 -I/home/inrack/src/pjsip-build/pjproject-2.17/third_party/yuv/include -DPJMEDIA_HAS_WEBRTC_AEC=1 -I/home/inrack/src/pjsip-build/pjproject-2.17/third_party/webrtc/src -DPJMEDIA_HAS_WEBRTC_AEC3=0 -DPJMEDIA_AUDIO_DEV_HAS_WMME=0 -DPJMEDIA_AUDIO_DEV_HAS_PORTAUDIO=0 -DPJMEDIA_AUDIO_DEV_HAS_WMME=0 -I../include -I../../pjlib/include -I../../pjlib-util/include -I../../pjmedia/include -I../../pjnath/include -I../.. \
	-c -o output/pjmedia-x86_64-pc-linux-gnu/echo_common.o \
	../src/pjmedia/echo_common.c 
gcc -Wall -DPJ_AUTOCONF=1 -fPIC -DPJ_IS_BIG_ENDIAN=0 -DPJ_IS_LITTLE_ENDIAN=1    -DPJMEDIA_USE_OLD_FFMPEG=1           -I/home/inrack/src/pjsip-build/pjproject-2.17/third_party/build/speex -I/home/inrack/src/pjsip-build/pjproject-2.17/third_party/speex/include -DPJMEDIA_HAS_OPENCORE_AMRNB_CODEC=0 -DPJMEDIA_HAS_OPENCORE_AMRWB_CODEC=0 -DPJMEDIA_HAS_ANDROID_MEDIACODEC=0 -DPJMEDIA_HAS_LYRA_CODEC=0 -I/home/inrack/src/pjsip-build/pjproject-2.17/third_party/build/srtp -I/home/inrack/src/pjsip-build/pjproject-2.17/third_party/srtp/crypto/include -I/home/inrack/src/pjsip-build/pjproject-2.17/third_party/srtp/include -DPJMEDIA_RESAMPLE_IMP=PJMEDIA_RESAMPLE_LIBRESAMPLE -DPJMEDIA_HAS_LIBYUV=1 -I/home/inrack/src/pjsip-build/pjproject-2.17/third_party/yuv/include -DPJMEDIA_HAS_WEBRTC_AEC=1 -I/home/inrack/src/pjsip-build/pjproject-2.17/third_party/webrtc/src -DPJMEDIA_HAS_WEBRTC_AEC3=0 -DPJMEDIA_AUDIO_DEV_HAS_WMME=0 -DPJMEDIA_AUDIO_DEV_HAS_PORTAUDIO=0 -DPJMEDIA_AUDIO_DEV_HAS_WMME=0 -I../include -I../../pjlib/include -I../../pjlib-util/include -I../../pjmedia/include -I../../pjnath/include -I../.. \
	-c -o output/pjmedia-x86_64-pc-linux-gnu/echo_port.o \
	../src/pjmedia/echo_port.c 
gcc -Wall -DPJ_AUTOCONF=1 -fPIC -DPJ_IS_BIG_ENDIAN=0 -DPJ_IS_LITTLE_ENDIAN=1    -DPJMEDIA_USE_OLD_FFMPEG=1           -I/home/inrack/src/pjsip-build/pjproject-2.17/third_party/build/speex -I/home/inrack/src/pjsip-build/pjproject-2.17/third_party/speex/include -DPJMEDIA_HAS_OPENCORE_AMRNB_CODEC=0 -DPJMEDIA_HAS_OPENCORE_AMRWB_CODEC=0 -DPJMEDIA_HAS_ANDROID_MEDIACODEC=0 -DPJMEDIA_HAS_LYRA_CODEC=0 -I/home/inrack/src/pjsip-build/pjproject-2.17/third_party/build/srtp -I/home/inrack/src/pjsip-build/pjproject-2.17/third_party/srtp/crypto/include -I/home/inrack/src/pjsip-build/pjproject-2.17/third_party/srtp/include -DPJMEDIA_RESAMPLE_IMP=PJMEDIA_RESAMPLE_LIBRESAMPLE -DPJMEDIA_HAS_LIBYUV=1 -I/home/inrack/src/pjsip-build/pjproject-2.17/third_party/yuv/include -DPJMEDIA_HAS_WEBRTC_AEC=1 -I/home/inrack/src/pjsip-build/pjproject-2.17/third_party/webrtc/src -DPJMEDIA_HAS_WEBRTC_AEC3=0 -DPJMEDIA_AUDIO_DEV_HAS_WMME=0 -DPJMEDIA_AUDIO_DEV_HAS_PORTAUDIO=0 -DPJMEDIA_AUDIO_DEV_HAS_WMME=0 -I../include -I../../pjlib/include -I../../pjlib-util/include -I../../pjmedia/include -I../../pjnath/include -I../.. \
	-c -o output/pjmedia-x86_64-pc-linux-gnu/echo_suppress.o \
	../src/pjmedia/echo_suppress.c 
gcc -Wall -DPJ_AUTOCONF=1 -fPIC -DPJ_IS_BIG_ENDIAN=0 -DPJ_IS_LITTLE_ENDIAN=1    -DPJMEDIA_USE_OLD_FFMPEG=1           -I/home/inrack/src/pjsip-build/pjproject-2.17/third_party/build/speex -I/home/inrack/src/pjsip-build/pjproject-2.17/third_party/speex/include -DPJMEDIA_HAS_OPENCORE_AMRNB_CODEC=0 -DPJMEDIA_HAS_OPENCORE_AMRWB_CODEC=0 -DPJMEDIA_HAS_ANDROID_MEDIACODEC=0 -DPJMEDIA_HAS_LYRA_CODEC=0 -I/home/inrack/src/pjsip-build/pjproject-2.17/third_party/build/srtp -I/home/inrack/src/pjsip-build/pjproject-2.17/third_party/srtp/crypto/include -I/home/inrack/src/pjsip-build/pjproject-2.17/third_party/srtp/include -DPJMEDIA_RESAMPLE_IMP=PJMEDIA_RESAMPLE_LIBRESAMPLE -DPJMEDIA_HAS_LIBYUV=1 -I/home/inrack/src/pjsip-build/pjproject-2.17/third_party/yuv/include -DPJMEDIA_HAS_WEBRTC_AEC=1 -I/home/inrack/src/pjsip-build/pjproject-2.17/third_party/webrtc/src -DPJMEDIA_HAS_WEBRTC_AEC3=0 -DPJMEDIA_AUDIO_DEV_HAS_WMME=0 -DPJMEDIA_AUDIO_DEV_HAS_PORTAUDIO=0 -DPJMEDIA_AUDIO_DEV_HAS_WMME=0 -I../include -I../../pjlib/include -I../../pjlib-util/include -I../../pjmedia/include -I../../pjnath/include -I../.. \
	-c -o output/pjmedia-x86_64-pc-linux-gnu/echo_webrtc.o \
	../src/pjmedia/echo_webrtc.c 
g++  -DPJ_AUTOCONF=1 -fPIC    -Wall -DPJ_AUTOCONF=1 -fPIC -DPJ_IS_BIG_ENDIAN=0 -DPJ_IS_LITTLE_ENDIAN=1    -DPJMEDIA_USE_OLD_FFMPEG=1           -I/home/inrack/src/pjsip-build/pjproject-2.17/third_party/build/speex -I/home/inrack/src/pjsip-build/pjproject-2.17/third_party/speex/include -DPJMEDIA_HAS_OPENCORE_AMRNB_CODEC=0 -DPJMEDIA_HAS_OPENCORE_AMRWB_CODEC=0 -DPJMEDIA_HAS_ANDROID_MEDIACODEC=0 -DPJMEDIA_HAS_LYRA_CODEC=0 -I/home/inrack/src/pjsip-build/pjproject-2.17/third_party/build/srtp -I/home/inrack/src/pjsip-build/pjproject-2.17/third_party/srtp/crypto/include -I/home/inrack/src/pjsip-build/pjproject-2.17/third_party/srtp/include -DPJMEDIA_RESAMPLE_IMP=PJMEDIA_RESAMPLE_LIBRESAMPLE -DPJMEDIA_HAS_LIBYUV=1 -I/home/inrack/src/pjsip-build/pjproject-2.17/third_party/yuv/include -DPJMEDIA_HAS_WEBRTC_AEC=1 -I/home/inrack/src/pjsip-build/pjproject-2.17/third_party/webrtc/src -DPJMEDIA_HAS_WEBRTC_AEC3=0 -DPJMEDIA_AUDIO_DEV_HAS_WMME=0 -DPJMEDIA_AUDIO_DEV_HAS_PORTAUDIO=0 -DPJMEDIA_AUDIO_DEV_HAS_WMME=0 -I../include -I../../pjlib/include -I../../pjlib-util/include -I../../pjmedia/include -I../../pjnath/include -I../..  \
	-c -o output/pjmedia-x86_64-pc-linux-gnu/echo_webrtc_aec3.o \
	../src/pjmedia/echo_webrtc_aec3.cpp
gcc -Wall -DPJ_AUTOCONF=1 -fPIC -DPJ_IS_BIG_ENDIAN=0 -DPJ_IS_LITTLE_ENDIAN=1    -DPJMEDIA_USE_OLD_FFMPEG=1           -I/home/inrack/src/pjsip-build/pjproject-2.17/third_party/build/speex -I/home/inrack/src/pjsip-build/pjproject-2.17/third_party/speex/include -DPJMEDIA_HAS_OPENCORE_AMRNB_CODEC=0 -DPJMEDIA_HAS_OPENCORE_AMRWB_CODEC=0 -DPJMEDIA_HAS_ANDROID_MEDIACODEC=0 -DPJMEDIA_HAS_LYRA_CODEC=0 -I/home/inrack/src/pjsip-build/pjproject-2.17/third_party/build/srtp -I/home/inrack/src/pjsip-build/pjproject-2.17/third_party/srtp/crypto/include -I/home/inrack/src/pjsip-build/pjproject-2.17/third_party/srtp/include -DPJMEDIA_RESAMPLE_IMP=PJMEDIA_RESAMPLE_LIBRESAMPLE -DPJMEDIA_HAS_LIBYUV=1 -I/home/inrack/src/pjsip-build/pjproject-2.17/third_party/yuv/include -DPJMEDIA_HAS_WEBRTC_AEC=1 -I/home/inrack/src/pjsip-build/pjproject-2.17/third_party/webrtc/src -DPJMEDIA_HAS_WEBRTC_AEC3=0 -DPJMEDIA_AUDIO_DEV_HAS_WMME=0 -DPJMEDIA_AUDIO_DEV_HAS_PORTAUDIO=0 -DPJMEDIA_AUDIO_DEV_HAS_WMME=0 -I../include -I../../pjlib/include -I../../pjlib-util/include -I../../pjmedia/include -I../../pjnath/include -I../.. \
	-c -o output/pjmedia-x86_64-pc-linux-gnu/endpoint.o \
	../src/pjmedia/endpoint.c 
gcc -Wall -DPJ_AUTOCONF=1 -fPIC -DPJ_IS_BIG_ENDIAN=0 -DPJ_IS_LITTLE_ENDIAN=1    -DPJMEDIA_USE_OLD_FFMPEG=1           -I/home/inrack/src/pjsip-build/pjproject-2.17/third_party/build/speex -I/home/inrack/src/pjsip-build/pjproject-2.17/third_party/speex/include -DPJMEDIA_HAS_OPENCORE_AMRNB_CODEC=0 -DPJMEDIA_HAS_OPENCORE_AMRWB_CODEC=0 -DPJMEDIA_HAS_ANDROID_MEDIACODEC=0 -DPJMEDIA_HAS_LYRA_CODEC=0 -I/home/inrack/src/pjsip-build/pjproject-2.17/third_party/build/srtp -I/home/inrack/src/pjsip-build/pjproject-2.17/third_party/srtp/crypto/include -I/home/inrack/src/pjsip-build/pjproject-2.17/third_party/srtp/include -DPJMEDIA_RESAMPLE_IMP=PJMEDIA_RESAMPLE_LIBRESAMPLE -DPJMEDIA_HAS_LIBYUV=1 -I/home/inrack/src/pjsip-build/pjproject-2.17/third_party/yuv/include -DPJMEDIA_HAS_WEBRTC_AEC=1 -I/home/inrack/src/pjsip-build/pjproject-2.17/third_party/webrtc/src -DPJMEDIA_HAS_WEBRTC_AEC3=0 -DPJMEDIA_AUDIO_DEV_HAS_WMME=0 -DPJMEDIA_AUDIO_DEV_HAS_PORTAUDIO=0 -DPJMEDIA_AUDIO_DEV_HAS_WMME=0 -I../include -I../../pjlib/include -I../../pjlib-util/include -I../../pjmedia/include -I../../pjnath/include -I../.. \
	-c -o output/pjmedia-x86_64-pc-linux-gnu/errno.o \
	../src/pjmedia/errno.c 
gcc -Wall -DPJ_AUTOCONF=1 -fPIC -DPJ_IS_BIG_ENDIAN=0 -DPJ_IS_LITTLE_ENDIAN=1    -DPJMEDIA_USE_OLD_FFMPEG=1           -I/home/inrack/src/pjsip-build/pjproject-2.17/third_party/build/speex -I/home/inrack/src/pjsip-build/pjproject-2.17/third_party/speex/include -DPJMEDIA_HAS_OPENCORE_AMRNB_CODEC=0 -DPJMEDIA_HAS_OPENCORE_AMRWB_CODEC=0 -DPJMEDIA_HAS_ANDROID_MEDIACODEC=0 -DPJMEDIA_HAS_LYRA_CODEC=0 -I/home/inrack/src/pjsip-build/pjproject-2.17/third_party/build/srtp -I/home/inrack/src/pjsip-build/pjproject-2.17/third_party/srtp/crypto/include -I/home/inrack/src/pjsip-build/pjproject-2.17/third_party/srtp/include -DPJMEDIA_RESAMPLE_IMP=PJMEDIA_RESAMPLE_LIBRESAMPLE -DPJMEDIA_HAS_LIBYUV=1 -I/home/inrack/src/pjsip-build/pjproject-2.17/third_party/yuv/include -DPJMEDIA_HAS_WEBRTC_AEC=1 -I/home/inrack/src/pjsip-build/pjproject-2.17/third_party/webrtc/src -DPJMEDIA_HAS_WEBRTC_AEC3=0 -DPJMEDIA_AUDIO_DEV_HAS_WMME=0 -DPJMEDIA_AUDIO_DEV_HAS_PORTAUDIO=0 -DPJMEDIA_AUDIO_DEV_HAS_WMME=0 -I../include -I../../pjlib/include -I../../pjlib-util/include -I../../pjmedia/include -I../../pjnath/include -I../.. \
	-c -o output/pjmedia-x86_64-pc-linux-gnu/event.o \
	../src/pjmedia/event.c 
gcc -Wall -DPJ_AUTOCONF=1 -fPIC -DPJ_IS_BIG_ENDIAN=0 -DPJ_IS_LITTLE_ENDIAN=1    -DPJMEDIA_USE_OLD_FFMPEG=1           -I/home/inrack/src/pjsip-build/pjproject-2.17/third_party/build/speex -I/home/inrack/src/pjsip-build/pjproject-2.17/third_party/speex/include -DPJMEDIA_HAS_OPENCORE_AMRNB_CODEC=0 -DPJMEDIA_HAS_OPENCORE_AMRWB_CODEC=0 -DPJMEDIA_HAS_ANDROID_MEDIACODEC=0 -DPJMEDIA_HAS_LYRA_CODEC=0 -I/home/inrack/src/pjsip-build/pjproject-2.17/third_party/build/srtp -I/home/inrack/src/pjsip-build/pjproject-2.17/third_party/srtp/crypto/include -I/home/inrack/src/pjsip-build/pjproject-2.17/third_party/srtp/include -DPJMEDIA_RESAMPLE_IMP=PJMEDIA_RESAMPLE_LIBRESAMPLE -DPJMEDIA_HAS_LIBYUV=1 -I/home/inrack/src/pjsip-build/pjproject-2.17/third_party/yuv/include -DPJMEDIA_HAS_WEBRTC_AEC=1 -I/home/inrack/src/pjsip-build/pjproject-2.17/third_party/webrtc/src -DPJMEDIA_HAS_WEBRTC_AEC3=0 -DPJMEDIA_AUDIO_DEV_HAS_WMME=0 -DPJMEDIA_AUDIO_DEV_HAS_PORTAUDIO=0 -DPJMEDIA_AUDIO_DEV_HAS_WMME=0 -I../include -I../../pjlib/include -I../../pjlib-util/include -I../../pjmedia/include -I../../pjnath/include -I../.. \
	-c -o output/pjmedia-x86_64-pc-linux-gnu/format.o \
	../src/pjmedia/format.c 
gcc -Wall -DPJ_AUTOCONF=1 -fPIC -DPJ_IS_BIG_ENDIAN=0 -DPJ_IS_LITTLE_ENDIAN=1    -DPJMEDIA_USE_OLD_FFMPEG=1           -I/home/inrack/src/pjsip-build/pjproject-2.17/third_party/build/speex -I/home/inrack/src/pjsip-build/pjproject-2.17/third_party/speex/include -DPJMEDIA_HAS_OPENCORE_AMRNB_CODEC=0 -DPJMEDIA_HAS_OPENCORE_AMRWB_CODEC=0 -DPJMEDIA_HAS_ANDROID_MEDIACODEC=0 -DPJMEDIA_HAS_LYRA_CODEC=0 -I/home/inrack/src/pjsip-build/pjproject-2.17/third_party/build/srtp -I/home/inrack/src/pjsip-build/pjproject-2.17/third_party/srtp/crypto/include -I/home/inrack/src/pjsip-build/pjproject-2.17/third_party/srtp/include -DPJMEDIA_RESAMPLE_IMP=PJMEDIA_RESAMPLE_LIBRESAMPLE -DPJMEDIA_HAS_LIBYUV=1 -I/home/inrack/src/pjsip-build/pjproject-2.17/third_party/yuv/include -DPJMEDIA_HAS_WEBRTC_AEC=1 -I/home/inrack/src/pjsip-build/pjproject-2.17/third_party/webrtc/src -DPJMEDIA_HAS_WEBRTC_AEC3=0 -DPJMEDIA_AUDIO_DEV_HAS_WMME=0 -DPJMEDIA_AUDIO_DEV_HAS_PORTAUDIO=0 -DPJMEDIA_AUDIO_DEV_HAS_WMME=0 -I../include -I../../pjlib/include -I../../pjlib-util/include -I../../pjmedia/include -I../../pjnath/include -I../.. \
	-c -o output/pjmedia-x86_64-pc-linux-gnu/ffmpeg_util.o \
	../src/pjmedia/ffmpeg_util.c 
gcc -Wall -DPJ_AUTOCONF=1 -fPIC -DPJ_IS_BIG_ENDIAN=0 -DPJ_IS_LITTLE_ENDIAN=1    -DPJMEDIA_USE_OLD_FFMPEG=1           -I/home/inrack/src/pjsip-build/pjproject-2.17/third_party/build/speex -I/home/inrack/src/pjsip-build/pjproject-2.17/third_party/speex/include -DPJMEDIA_HAS_OPENCORE_AMRNB_CODEC=0 -DPJMEDIA_HAS_OPENCORE_AMRWB_CODEC=0 -DPJMEDIA_HAS_ANDROID_MEDIACODEC=0 -DPJMEDIA_HAS_LYRA_CODEC=0 -I/home/inrack/src/pjsip-build/pjproject-2.17/third_party/build/srtp -I/home/inrack/src/pjsip-build/pjproject-2.17/third_party/srtp/crypto/include -I/home/inrack/src/pjsip-build/pjproject-2.17/third_party/srtp/include -DPJMEDIA_RESAMPLE_IMP=PJMEDIA_RESAMPLE_LIBRESAMPLE -DPJMEDIA_HAS_LIBYUV=1 -I/home/inrack/src/pjsip-build/pjproject-2.17/third_party/yuv/include -DPJMEDIA_HAS_WEBRTC_AEC=1 -I/home/inrack/src/pjsip-build/pjproject-2.17/third_party/webrtc/src -DPJMEDIA_HAS_WEBRTC_AEC3=0 -DPJMEDIA_AUDIO_DEV_HAS_WMME=0 -DPJMEDIA_AUDIO_DEV_HAS_PORTAUDIO=0 -DPJMEDIA_AUDIO_DEV_HAS_WMME=0 -I../include -I../../pjlib/include -I../../pjlib-util/include -I../../pjmedia/include -I../../pjnath/include -I../.. \
	-c -o output/pjmedia-x86_64-pc-linux-gnu/g711.o \
	../src/pjmedia/g711.c 
gcc -Wall -DPJ_AUTOCONF=1 -fPIC -DPJ_IS_BIG_ENDIAN=0 -DPJ_IS_LITTLE_ENDIAN=1    -DPJMEDIA_USE_OLD_FFMPEG=1           -I/home/inrack/src/pjsip-build/pjproject-2.17/third_party/build/speex -I/home/inrack/src/pjsip-build/pjproject-2.17/third_party/speex/include -DPJMEDIA_HAS_OPENCORE_AMRNB_CODEC=0 -DPJMEDIA_HAS_OPENCORE_AMRWB_CODEC=0 -DPJMEDIA_HAS_ANDROID_MEDIACODEC=0 -DPJMEDIA_HAS_LYRA_CODEC=0 -I/home/inrack/src/pjsip-build/pjproject-2.17/third_party/build/srtp -I/home/inrack/src/pjsip-build/pjproject-2.17/third_party/srtp/crypto/include -I/home/inrack/src/pjsip-build/pjproject-2.17/third_party/srtp/include -DPJMEDIA_RESAMPLE_IMP=PJMEDIA_RESAMPLE_LIBRESAMPLE -DPJMEDIA_HAS_LIBYUV=1 -I/home/inrack/src/pjsip-build/pjproject-2.17/third_party/yuv/include -DPJMEDIA_HAS_WEBRTC_AEC=1 -I/home/inrack/src/pjsip-build/pjproject-2.17/third_party/webrtc/src -DPJMEDIA_HAS_WEBRTC_AEC3=0 -DPJMEDIA_AUDIO_DEV_HAS_WMME=0 -DPJMEDIA_AUDIO_DEV_HAS_PORTAUDIO=0 -DPJMEDIA_AUDIO_DEV_HAS_WMME=0 -I../include -I../../pjlib/include -I../../pjlib-util/include -I../../pjmedia/include -I../../pjnath/include -I../.. \
	-c -o output/pjmedia-x86_64-pc-linux-gnu/jbuf.o \
	../src/pjmedia/jbuf.c 
gcc -Wall -DPJ_AUTOCONF=1 -fPIC -DPJ_IS_BIG_ENDIAN=0 -DPJ_IS_LITTLE_ENDIAN=1    -DPJMEDIA_USE_OLD_FFMPEG=1           -I/home/inrack/src/pjsip-build/pjproject-2.17/third_party/build/speex -I/home/inrack/src/pjsip-build/pjproject-2.17/third_party/speex/include -DPJMEDIA_HAS_OPENCORE_AMRNB_CODEC=0 -DPJMEDIA_HAS_OPENCORE_AMRWB_CODEC=0 -DPJMEDIA_HAS_ANDROID_MEDIACODEC=0 -DPJMEDIA_HAS_LYRA_CODEC=0 -I/home/inrack/src/pjsip-build/pjproject-2.17/third_party/build/srtp -I/home/inrack/src/pjsip-build/pjproject-2.17/third_party/srtp/crypto/include -I/home/inrack/src/pjsip-build/pjproject-2.17/third_party/srtp/include -DPJMEDIA_RESAMPLE_IMP=PJMEDIA_RESAMPLE_LIBRESAMPLE -DPJMEDIA_HAS_LIBYUV=1 -I/home/inrack/src/pjsip-build/pjproject-2.17/third_party/yuv/include -DPJMEDIA_HAS_WEBRTC_AEC=1 -I/home/inrack/src/pjsip-build/pjproject-2.17/third_party/webrtc/src -DPJMEDIA_HAS_WEBRTC_AEC3=0 -DPJMEDIA_AUDIO_DEV_HAS_WMME=0 -DPJMEDIA_AUDIO_DEV_HAS_PORTAUDIO=0 -DPJMEDIA_AUDIO_DEV_HAS_WMME=0 -I../include -I../../pjlib/include -I../../pjlib-util/include -I../../pjmedia/include -I../../pjnath/include -I../.. \
	-c -o output/pjmedia-x86_64-pc-linux-gnu/master_port.o \
	../src/pjmedia/master_port.c 
gcc -Wall -DPJ_AUTOCONF=1 -fPIC -DPJ_IS_BIG_ENDIAN=0 -DPJ_IS_LITTLE_ENDIAN=1    -DPJMEDIA_USE_OLD_FFMPEG=1           -I/home/inrack/src/pjsip-build/pjproject-2.17/third_party/build/speex -I/home/inrack/src/pjsip-build/pjproject-2.17/third_party/speex/include -DPJMEDIA_HAS_OPENCORE_AMRNB_CODEC=0 -DPJMEDIA_HAS_OPENCORE_AMRWB_CODEC=0 -DPJMEDIA_HAS_ANDROID_MEDIACODEC=0 -DPJMEDIA_HAS_LYRA_CODEC=0 -I/home/inrack/src/pjsip-build/pjproject-2.17/third_party/build/srtp -I/home/inrack/src/pjsip-build/pjproject-2.17/third_party/srtp/crypto/include -I/home/inrack/src/pjsip-build/pjproject-2.17/third_party/srtp/include -DPJMEDIA_RESAMPLE_IMP=PJMEDIA_RESAMPLE_LIBRESAMPLE -DPJMEDIA_HAS_LIBYUV=1 -I/home/inrack/src/pjsip-build/pjproject-2.17/third_party/yuv/include -DPJMEDIA_HAS_WEBRTC_AEC=1 -I/home/inrack/src/pjsip-build/pjproject-2.17/third_party/webrtc/src -DPJMEDIA_HAS_WEBRTC_AEC3=0 -DPJMEDIA_AUDIO_DEV_HAS_WMME=0 -DPJMEDIA_AUDIO_DEV_HAS_PORTAUDIO=0 -DPJMEDIA_AUDIO_DEV_HAS_WMME=0 -I../include -I../../pjlib/include -I../../pjlib-util/include -I../../pjmedia/include -I../../pjnath/include -I../.. \
	-c -o output/pjmedia-x86_64-pc-linux-gnu/mem_capture.o \
	../src/pjmedia/mem_capture.c 
gcc -Wall -DPJ_AUTOCONF=1 -fPIC -DPJ_IS_BIG_ENDIAN=0 -DPJ_IS_LITTLE_ENDIAN=1    -DPJMEDIA_USE_OLD_FFMPEG=1           -I/home/inrack/src/pjsip-build/pjproject-2.17/third_party/build/speex -I/home/inrack/src/pjsip-build/pjproject-2.17/third_party/speex/include -DPJMEDIA_HAS_OPENCORE_AMRNB_CODEC=0 -DPJMEDIA_HAS_OPENCORE_AMRWB_CODEC=0 -DPJMEDIA_HAS_ANDROID_MEDIACODEC=0 -DPJMEDIA_HAS_LYRA_CODEC=0 -I/home/inrack/src/pjsip-build/pjproject-2.17/third_party/build/srtp -I/home/inrack/src/pjsip-build/pjproject-2.17/third_party/srtp/crypto/include -I/home/inrack/src/pjsip-build/pjproject-2.17/third_party/srtp/include -DPJMEDIA_RESAMPLE_IMP=PJMEDIA_RESAMPLE_LIBRESAMPLE -DPJMEDIA_HAS_LIBYUV=1 -I/home/inrack/src/pjsip-build/pjproject-2.17/third_party/yuv/include -DPJMEDIA_HAS_WEBRTC_AEC=1 -I/home/inrack/src/pjsip-build/pjproject-2.17/third_party/webrtc/src -DPJMEDIA_HAS_WEBRTC_AEC3=0 -DPJMEDIA_AUDIO_DEV_HAS_WMME=0 -DPJMEDIA_AUDIO_DEV_HAS_PORTAUDIO=0 -DPJMEDIA_AUDIO_DEV_HAS_WMME=0 -I../include -I../../pjlib/include -I../../pjlib-util/include -I../../pjmedia/include -I../../pjnath/include -I../.. \
	-c -o output/pjmedia-x86_64-pc-linux-gnu/mem_player.o \
	../src/pjmedia/mem_player.c 
gcc -Wall -DPJ_AUTOCONF=1 -fPIC -DPJ_IS_BIG_ENDIAN=0 -DPJ_IS_LITTLE_ENDIAN=1    -DPJMEDIA_USE_OLD_FFMPEG=1           -I/home/inrack/src/pjsip-build/pjproject-2.17/third_party/build/speex -I/home/inrack/src/pjsip-build/pjproject-2.17/third_party/speex/include -DPJMEDIA_HAS_OPENCORE_AMRNB_CODEC=0 -DPJMEDIA_HAS_OPENCORE_AMRWB_CODEC=0 -DPJMEDIA_HAS_ANDROID_MEDIACODEC=0 -DPJMEDIA_HAS_LYRA_CODEC=0 -I/home/inrack/src/pjsip-build/pjproject-2.17/third_party/build/srtp -I/home/inrack/src/pjsip-build/pjproject-2.17/third_party/srtp/crypto/include -I/home/inrack/src/pjsip-build/pjproject-2.17/third_party/srtp/include -DPJMEDIA_RESAMPLE_IMP=PJMEDIA_RESAMPLE_LIBRESAMPLE -DPJMEDIA_HAS_LIBYUV=1 -I/home/inrack/src/pjsip-build/pjproject-2.17/third_party/yuv/include -DPJMEDIA_HAS_WEBRTC_AEC=1 -I/home/inrack/src/pjsip-build/pjproject-2.17/third_party/webrtc/src -DPJMEDIA_HAS_WEBRTC_AEC3=0 -DPJMEDIA_AUDIO_DEV_HAS_WMME=0 -DPJMEDIA_AUDIO_DEV_HAS_PORTAUDIO=0 -DPJMEDIA_AUDIO_DEV_HAS_WMME=0 -I../include -I../../pjlib/include -I../../pjlib-util/include -I../../pjmedia/include -I../../pjnath/include -I../.. \
	-c -o output/pjmedia-x86_64-pc-linux-gnu/null_port.o \
	../src/pjmedia/null_port.c 
gcc -Wall -DPJ_AUTOCONF=1 -fPIC -DPJ_IS_BIG_ENDIAN=0 -DPJ_IS_LITTLE_ENDIAN=1    -DPJMEDIA_USE_OLD_FFMPEG=1           -I/home/inrack/src/pjsip-build/pjproject-2.17/third_party/build/speex -I/home/inrack/src/pjsip-build/pjproject-2.17/third_party/speex/include -DPJMEDIA_HAS_OPENCORE_AMRNB_CODEC=0 -DPJMEDIA_HAS_OPENCORE_AMRWB_CODEC=0 -DPJMEDIA_HAS_ANDROID_MEDIACODEC=0 -DPJMEDIA_HAS_LYRA_CODEC=0 -I/home/inrack/src/pjsip-build/pjproject-2.17/third_party/build/srtp -I/home/inrack/src/pjsip-build/pjproject-2.17/third_party/srtp/crypto/include -I/home/inrack/src/pjsip-build/pjproject-2.17/third_party/srtp/include -DPJMEDIA_RESAMPLE_IMP=PJMEDIA_RESAMPLE_LIBRESAMPLE -DPJMEDIA_HAS_LIBYUV=1 -I/home/inrack/src/pjsip-build/pjproject-2.17/third_party/yuv/include -DPJMEDIA_HAS_WEBRTC_AEC=1 -I/home/inrack/src/pjsip-build/pjproject-2.17/third_party/webrtc/src -DPJMEDIA_HAS_WEBRTC_AEC3=0 -DPJMEDIA_AUDIO_DEV_HAS_WMME=0 -DPJMEDIA_AUDIO_DEV_HAS_PORTAUDIO=0 -DPJMEDIA_AUDIO_DEV_HAS_WMME=0 -I../include -I../../pjlib/include -I../../pjlib-util/include -I../../pjmedia/include -I../../pjnath/include -I../.. \
	-c -o output/pjmedia-x86_64-pc-linux-gnu/plc_common.o \
	../src/pjmedia/plc_common.c 
gcc -Wall -DPJ_AUTOCONF=1 -fPIC -DPJ_IS_BIG_ENDIAN=0 -DPJ_IS_LITTLE_ENDIAN=1    -DPJMEDIA_USE_OLD_FFMPEG=1           -I/home/inrack/src/pjsip-build/pjproject-2.17/third_party/build/speex -I/home/inrack/src/pjsip-build/pjproject-2.17/third_party/speex/include -DPJMEDIA_HAS_OPENCORE_AMRNB_CODEC=0 -DPJMEDIA_HAS_OPENCORE_AMRWB_CODEC=0 -DPJMEDIA_HAS_ANDROID_MEDIACODEC=0 -DPJMEDIA_HAS_LYRA_CODEC=0 -I/home/inrack/src/pjsip-build/pjproject-2.17/third_party/build/srtp -I/home/inrack/src/pjsip-build/pjproject-2.17/third_party/srtp/crypto/include -I/home/inrack/src/pjsip-build/pjproject-2.17/third_party/srtp/include -DPJMEDIA_RESAMPLE_IMP=PJMEDIA_RESAMPLE_LIBRESAMPLE -DPJMEDIA_HAS_LIBYUV=1 -I/home/inrack/src/pjsip-build/pjproject-2.17/third_party/yuv/include -DPJMEDIA_HAS_WEBRTC_AEC=1 -I/home/inrack/src/pjsip-build/pjproject-2.17/third_party/webrtc/src -DPJMEDIA_HAS_WEBRTC_AEC3=0 -DPJMEDIA_AUDIO_DEV_HAS_WMME=0 -DPJMEDIA_AUDIO_DEV_HAS_PORTAUDIO=0 -DPJMEDIA_AUDIO_DEV_HAS_WMME=0 -I../include -I../../pjlib/include -I../../pjlib-util/include -I../../pjmedia/include -I../../pjnath/include -I../.. \
	-c -o output/pjmedia-x86_64-pc-linux-gnu/port.o \
	../src/pjmedia/port.c 
gcc -Wall -DPJ_AUTOCONF=1 -fPIC -DPJ_IS_BIG_ENDIAN=0 -DPJ_IS_LITTLE_ENDIAN=1    -DPJMEDIA_USE_OLD_FFMPEG=1           -I/home/inrack/src/pjsip-build/pjproject-2.17/third_party/build/speex -I/home/inrack/src/pjsip-build/pjproject-2.17/third_party/speex/include -DPJMEDIA_HAS_OPENCORE_AMRNB_CODEC=0 -DPJMEDIA_HAS_OPENCORE_AMRWB_CODEC=0 -DPJMEDIA_HAS_ANDROID_MEDIACODEC=0 -DPJMEDIA_HAS_LYRA_CODEC=0 -I/home/inrack/src/pjsip-build/pjproject-2.17/third_party/build/srtp -I/home/inrack/src/pjsip-build/pjproject-2.17/third_party/srtp/crypto/include -I/home/inrack/src/pjsip-build/pjproject-2.17/third_party/srtp/include -DPJMEDIA_RESAMPLE_IMP=PJMEDIA_RESAMPLE_LIBRESAMPLE -DPJMEDIA_HAS_LIBYUV=1 -I/home/inrack/src/pjsip-build/pjproject-2.17/third_party/yuv/include -DPJMEDIA_HAS_WEBRTC_AEC=1 -I/home/inrack/src/pjsip-build/pjproject-2.17/third_party/webrtc/src -DPJMEDIA_HAS_WEBRTC_AEC3=0 -DPJMEDIA_AUDIO_DEV_HAS_WMME=0 -DPJMEDIA_AUDIO_DEV_HAS_PORTAUDIO=0 -DPJMEDIA_AUDIO_DEV_HAS_WMME=0 -I../include -I../../pjlib/include -I../../pjlib-util/include -I../../pjmedia/include -I../../pjnath/include -I../.. \
	-c -o output/pjmedia-x86_64-pc-linux-gnu/splitcomb.o \
	../src/pjmedia/splitcomb.c 
gcc -Wall -DPJ_AUTOCONF=1 -fPIC -DPJ_IS_BIG_ENDIAN=0 -DPJ_IS_LITTLE_ENDIAN=1    -DPJMEDIA_USE_OLD_FFMPEG=1           -I/home/inrack/src/pjsip-build/pjproject-2.17/third_party/build/speex -I/home/inrack/src/pjsip-build/pjproject-2.17/third_party/speex/include -DPJMEDIA_HAS_OPENCORE_AMRNB_CODEC=0 -DPJMEDIA_HAS_OPENCORE_AMRWB_CODEC=0 -DPJMEDIA_HAS_ANDROID_MEDIACODEC=0 -DPJMEDIA_HAS_LYRA_CODEC=0 -I/home/inrack/src/pjsip-build/pjproject-2.17/third_party/build/srtp -I/home/inrack/src/pjsip-build/pjproject-2.17/third_party/srtp/crypto/include -I/home/inrack/src/pjsip-build/pjproject-2.17/third_party/srtp/include -DPJMEDIA_RESAMPLE_IMP=PJMEDIA_RESAMPLE_LIBRESAMPLE -DPJMEDIA_HAS_LIBYUV=1 -I/home/inrack/src/pjsip-build/pjproject-2.17/third_party/yuv/include -DPJMEDIA_HAS_WEBRTC_AEC=1 -I/home/inrack/src/pjsip-build/pjproject-2.17/third_party/webrtc/src -DPJMEDIA_HAS_WEBRTC_AEC3=0 -DPJMEDIA_AUDIO_DEV_HAS_WMME=0 -DPJMEDIA_AUDIO_DEV_HAS_PORTAUDIO=0 -DPJMEDIA_AUDIO_DEV_HAS_WMME=0 -I../include -I../../pjlib/include -I../../pjlib-util/include -I../../pjmedia/include -I../../pjnath/include -I../.. \
	-c -o output/pjmedia-x86_64-pc-linux-gnu/resample_resample.o \
	../src/pjmedia/resample_resample.c 
gcc -Wall -DPJ_AUTOCONF=1 -fPIC -DPJ_IS_BIG_ENDIAN=0 -DPJ_IS_LITTLE_ENDIAN=1    -DPJMEDIA_USE_OLD_FFMPEG=1           -I/home/inrack/src/pjsip-build/pjproject-2.17/third_party/build/speex -I/home/inrack/src/pjsip-build/pjproject-2.17/third_party/speex/include -DPJMEDIA_HAS_OPENCORE_AMRNB_CODEC=0 -DPJMEDIA_HAS_OPENCORE_AMRWB_CODEC=0 -DPJMEDIA_HAS_ANDROID_MEDIACODEC=0 -DPJMEDIA_HAS_LYRA_CODEC=0 -I/home/inrack/src/pjsip-build/pjproject-2.17/third_party/build/srtp -I/home/inrack/src/pjsip-build/pjproject-2.17/third_party/srtp/crypto/include -I/home/inrack/src/pjsip-build/pjproject-2.17/third_party/srtp/include -DPJMEDIA_RESAMPLE_IMP=PJMEDIA_RESAMPLE_LIBRESAMPLE -DPJMEDIA_HAS_LIBYUV=1 -I/home/inrack/src/pjsip-build/pjproject-2.17/third_party/yuv/include -DPJMEDIA_HAS_WEBRTC_AEC=1 -I/home/inrack/src/pjsip-build/pjproject-2.17/third_party/webrtc/src -DPJMEDIA_HAS_WEBRTC_AEC3=0 -DPJMEDIA_AUDIO_DEV_HAS_WMME=0 -DPJMEDIA_AUDIO_DEV_HAS_PORTAUDIO=0 -DPJMEDIA_AUDIO_DEV_HAS_WMME=0 -I../include -I../../pjlib/include -I../../pjlib-util/include -I../../pjmedia/include -I../../pjnath/include -I../.. \
	-c -o output/pjmedia-x86_64-pc-linux-gnu/resample_libsamplerate.o \
	../src/pjmedia/resample_libsamplerate.c 
gcc -Wall -DPJ_AUTOCONF=1 -fPIC -DPJ_IS_BIG_ENDIAN=0 -DPJ_IS_LITTLE_ENDIAN=1    -DPJMEDIA_USE_OLD_FFMPEG=1           -I/home/inrack/src/pjsip-build/pjproject-2.17/third_party/build/speex -I/home/inrack/src/pjsip-build/pjproject-2.17/third_party/speex/include -DPJMEDIA_HAS_OPENCORE_AMRNB_CODEC=0 -DPJMEDIA_HAS_OPENCORE_AMRWB_CODEC=0 -DPJMEDIA_HAS_ANDROID_MEDIACODEC=0 -DPJMEDIA_HAS_LYRA_CODEC=0 -I/home/inrack/src/pjsip-build/pjproject-2.17/third_party/build/srtp -I/home/inrack/src/pjsip-build/pjproject-2.17/third_party/srtp/crypto/include -I/home/inrack/src/pjsip-build/pjproject-2.17/third_party/srtp/include -DPJMEDIA_RESAMPLE_IMP=PJMEDIA_RESAMPLE_LIBRESAMPLE -DPJMEDIA_HAS_LIBYUV=1 -I/home/inrack/src/pjsip-build/pjproject-2.17/third_party/yuv/include -DPJMEDIA_HAS_WEBRTC_AEC=1 -I/home/inrack/src/pjsip-build/pjproject-2.17/third_party/webrtc/src -DPJMEDIA_HAS_WEBRTC_AEC3=0 -DPJMEDIA_AUDIO_DEV_HAS_WMME=0 -DPJMEDIA_AUDIO_DEV_HAS_PORTAUDIO=0 -DPJMEDIA_AUDIO_DEV_HAS_WMME=0 -I../include -I../../pjlib/include -I../../pjlib-util/include -I../../pjmedia/include -I../../pjnath/include -I../.. \
	-c -o output/pjmedia-x86_64-pc-linux-gnu/resample_speex.o \
	../src/pjmedia/resample_speex.c 
gcc -Wall -DPJ_AUTOCONF=1 -fPIC -DPJ_IS_BIG_ENDIAN=0 -DPJ_IS_LITTLE_ENDIAN=1    -DPJMEDIA_USE_OLD_FFMPEG=1           -I/home/inrack/src/pjsip-build/pjproject-2.17/third_party/build/speex -I/home/inrack/src/pjsip-build/pjproject-2.17/third_party/speex/include -DPJMEDIA_HAS_OPENCORE_AMRNB_CODEC=0 -DPJMEDIA_HAS_OPENCORE_AMRWB_CODEC=0 -DPJMEDIA_HAS_ANDROID_MEDIACODEC=0 -DPJMEDIA_HAS_LYRA_CODEC=0 -I/home/inrack/src/pjsip-build/pjproject-2.17/third_party/build/srtp -I/home/inrack/src/pjsip-build/pjproject-2.17/third_party/srtp/crypto/include -I/home/inrack/src/pjsip-build/pjproject-2.17/third_party/srtp/include -DPJMEDIA_RESAMPLE_IMP=PJMEDIA_RESAMPLE_LIBRESAMPLE -DPJMEDIA_HAS_LIBYUV=1 -I/home/inrack/src/pjsip-build/pjproject-2.17/third_party/yuv/include -DPJMEDIA_HAS_WEBRTC_AEC=1 -I/home/inrack/src/pjsip-build/pjproject-2.17/third_party/webrtc/src -DPJMEDIA_HAS_WEBRTC_AEC3=0 -DPJMEDIA_AUDIO_DEV_HAS_WMME=0 -DPJMEDIA_AUDIO_DEV_HAS_PORTAUDIO=0 -DPJMEDIA_AUDIO_DEV_HAS_WMME=0 -I../include -I../../pjlib/include -I../../pjlib-util/include -I../../pjmedia/include -I../../pjnath/include -I../.. \
	-c -o output/pjmedia-x86_64-pc-linux-gnu/resample_port.o \
	../src/pjmedia/resample_port.c 
gcc -Wall -DPJ_AUTOCONF=1 -fPIC -DPJ_IS_BIG_ENDIAN=0 -DPJ_IS_LITTLE_ENDIAN=1    -DPJMEDIA_USE_OLD_FFMPEG=1           -I/home/inrack/src/pjsip-build/pjproject-2.17/third_party/build/speex -I/home/inrack/src/pjsip-build/pjproject-2.17/third_party/speex/include -DPJMEDIA_HAS_OPENCORE_AMRNB_CODEC=0 -DPJMEDIA_HAS_OPENCORE_AMRWB_CODEC=0 -DPJMEDIA_HAS_ANDROID_MEDIACODEC=0 -DPJMEDIA_HAS_LYRA_CODEC=0 -I/home/inrack/src/pjsip-build/pjproject-2.17/third_party/build/srtp -I/home/inrack/src/pjsip-build/pjproject-2.17/third_party/srtp/crypto/include -I/home/inrack/src/pjsip-build/pjproject-2.17/third_party/srtp/include -DPJMEDIA_RESAMPLE_IMP=PJMEDIA_RESAMPLE_LIBRESAMPLE -DPJMEDIA_HAS_LIBYUV=1 -I/home/inrack/src/pjsip-build/pjproject-2.17/third_party/yuv/include -DPJMEDIA_HAS_WEBRTC_AEC=1 -I/home/inrack/src/pjsip-build/pjproject-2.17/third_party/webrtc/src -DPJMEDIA_HAS_WEBRTC_AEC3=0 -DPJMEDIA_AUDIO_DEV_HAS_WMME=0 -DPJMEDIA_AUDIO_DEV_HAS_PORTAUDIO=0 -DPJMEDIA_AUDIO_DEV_HAS_WMME=0 -I../include -I../../pjlib/include -I../../pjlib-util/include -I../../pjmedia/include -I../../pjnath/include -I../.. \
	-c -o output/pjmedia-x86_64-pc-linux-gnu/rtcp.o \
	../src/pjmedia/rtcp.c 
gcc -Wall -DPJ_AUTOCONF=1 -fPIC -DPJ_IS_BIG_ENDIAN=0 -DPJ_IS_LITTLE_ENDIAN=1    -DPJMEDIA_USE_OLD_FFMPEG=1           -I/home/inrack/src/pjsip-build/pjproject-2.17/third_party/build/speex -I/home/inrack/src/pjsip-build/pjproject-2.17/third_party/speex/include -DPJMEDIA_HAS_OPENCORE_AMRNB_CODEC=0 -DPJMEDIA_HAS_OPENCORE_AMRWB_CODEC=0 -DPJMEDIA_HAS_ANDROID_MEDIACODEC=0 -DPJMEDIA_HAS_LYRA_CODEC=0 -I/home/inrack/src/pjsip-build/pjproject-2.17/third_party/build/srtp -I/home/inrack/src/pjsip-build/pjproject-2.17/third_party/srtp/crypto/include -I/home/inrack/src/pjsip-build/pjproject-2.17/third_party/srtp/include -DPJMEDIA_RESAMPLE_IMP=PJMEDIA_RESAMPLE_LIBRESAMPLE -DPJMEDIA_HAS_LIBYUV=1 -I/home/inrack/src/pjsip-build/pjproject-2.17/third_party/yuv/include -DPJMEDIA_HAS_WEBRTC_AEC=1 -I/home/inrack/src/pjsip-build/pjproject-2.17/third_party/webrtc/src -DPJMEDIA_HAS_WEBRTC_AEC3=0 -DPJMEDIA_AUDIO_DEV_HAS_WMME=0 -DPJMEDIA_AUDIO_DEV_HAS_PORTAUDIO=0 -DPJMEDIA_AUDIO_DEV_HAS_WMME=0 -I../include -I../../pjlib/include -I../../pjlib-util/include -I../../pjmedia/include -I../../pjnath/include -I../.. \
	-c -o output/pjmedia-x86_64-pc-linux-gnu/rtcp_xr.o \
	../src/pjmedia/rtcp_xr.c 
gcc -Wall -DPJ_AUTOCONF=1 -fPIC -DPJ_IS_BIG_ENDIAN=0 -DPJ_IS_LITTLE_ENDIAN=1    -DPJMEDIA_USE_OLD_FFMPEG=1           -I/home/inrack/src/pjsip-build/pjproject-2.17/third_party/build/speex -I/home/inrack/src/pjsip-build/pjproject-2.17/third_party/speex/include -DPJMEDIA_HAS_OPENCORE_AMRNB_CODEC=0 -DPJMEDIA_HAS_OPENCORE_AMRWB_CODEC=0 -DPJMEDIA_HAS_ANDROID_MEDIACODEC=0 -DPJMEDIA_HAS_LYRA_CODEC=0 -I/home/inrack/src/pjsip-build/pjproject-2.17/third_party/build/srtp -I/home/inrack/src/pjsip-build/pjproject-2.17/third_party/srtp/crypto/include -I/home/inrack/src/pjsip-build/pjproject-2.17/third_party/srtp/include -DPJMEDIA_RESAMPLE_IMP=PJMEDIA_RESAMPLE_LIBRESAMPLE -DPJMEDIA_HAS_LIBYUV=1 -I/home/inrack/src/pjsip-build/pjproject-2.17/third_party/yuv/include -DPJMEDIA_HAS_WEBRTC_AEC=1 -I/home/inrack/src/pjsip-build/pjproject-2.17/third_party/webrtc/src -DPJMEDIA_HAS_WEBRTC_AEC3=0 -DPJMEDIA_AUDIO_DEV_HAS_WMME=0 -DPJMEDIA_AUDIO_DEV_HAS_PORTAUDIO=0 -DPJMEDIA_AUDIO_DEV_HAS_WMME=0 -I../include -I../../pjlib/include -I../../pjlib-util/include -I../../pjmedia/include -I../../pjnath/include -I../.. \
	-c -o output/pjmedia-x86_64-pc-linux-gnu/rtcp_fb.o \
	../src/pjmedia/rtcp_fb.c 
gcc -Wall -DPJ_AUTOCONF=1 -fPIC -DPJ_IS_BIG_ENDIAN=0 -DPJ_IS_LITTLE_ENDIAN=1    -DPJMEDIA_USE_OLD_FFMPEG=1           -I/home/inrack/src/pjsip-build/pjproject-2.17/third_party/build/speex -I/home/inrack/src/pjsip-build/pjproject-2.17/third_party/speex/include -DPJMEDIA_HAS_OPENCORE_AMRNB_CODEC=0 -DPJMEDIA_HAS_OPENCORE_AMRWB_CODEC=0 -DPJMEDIA_HAS_ANDROID_MEDIACODEC=0 -DPJMEDIA_HAS_LYRA_CODEC=0 -I/home/inrack/src/pjsip-build/pjproject-2.17/third_party/build/srtp -I/home/inrack/src/pjsip-build/pjproject-2.17/third_party/srtp/crypto/include -I/home/inrack/src/pjsip-build/pjproject-2.17/third_party/srtp/include -DPJMEDIA_RESAMPLE_IMP=PJMEDIA_RESAMPLE_LIBRESAMPLE -DPJMEDIA_HAS_LIBYUV=1 -I/home/inrack/src/pjsip-build/pjproject-2.17/third_party/yuv/include -DPJMEDIA_HAS_WEBRTC_AEC=1 -I/home/inrack/src/pjsip-build/pjproject-2.17/third_party/webrtc/src -DPJMEDIA_HAS_WEBRTC_AEC3=0 -DPJMEDIA_AUDIO_DEV_HAS_WMME=0 -DPJMEDIA_AUDIO_DEV_HAS_PORTAUDIO=0 -DPJMEDIA_AUDIO_DEV_HAS_WMME=0 -I../include -I../../pjlib/include -I../../pjlib-util/include -I../../pjmedia/include -I../../pjnath/include -I../.. \
	-c -o output/pjmedia-x86_64-pc-linux-gnu/rtp.o \
	../src/pjmedia/rtp.c 
gcc -Wall -DPJ_AUTOCONF=1 -fPIC -DPJ_IS_BIG_ENDIAN=0 -DPJ_IS_LITTLE_ENDIAN=1    -DPJMEDIA_USE_OLD_FFMPEG=1           -I/home/inrack/src/pjsip-build/pjproject-2.17/third_party/build/speex -I/home/inrack/src/pjsip-build/pjproject-2.17/third_party/speex/include -DPJMEDIA_HAS_OPENCORE_AMRNB_CODEC=0 -DPJMEDIA_HAS_OPENCORE_AMRWB_CODEC=0 -DPJMEDIA_HAS_ANDROID_MEDIACODEC=0 -DPJMEDIA_HAS_LYRA_CODEC=0 -I/home/inrack/src/pjsip-build/pjproject-2.17/third_party/build/srtp -I/home/inrack/src/pjsip-build/pjproject-2.17/third_party/srtp/crypto/include -I/home/inrack/src/pjsip-build/pjproject-2.17/third_party/srtp/include -DPJMEDIA_RESAMPLE_IMP=PJMEDIA_RESAMPLE_LIBRESAMPLE -DPJMEDIA_HAS_LIBYUV=1 -I/home/inrack/src/pjsip-build/pjproject-2.17/third_party/yuv/include -DPJMEDIA_HAS_WEBRTC_AEC=1 -I/home/inrack/src/pjsip-build/pjproject-2.17/third_party/webrtc/src -DPJMEDIA_HAS_WEBRTC_AEC3=0 -DPJMEDIA_AUDIO_DEV_HAS_WMME=0 -DPJMEDIA_AUDIO_DEV_HAS_PORTAUDIO=0 -DPJMEDIA_AUDIO_DEV_HAS_WMME=0 -I../include -I../../pjlib/include -I../../pjlib-util/include -I../../pjmedia/include -I../../pjnath/include -I../.. \
	-c -o output/pjmedia-x86_64-pc-linux-gnu/sdp.o \
	../src/pjmedia/sdp.c 
gcc -Wall -DPJ_AUTOCONF=1 -fPIC -DPJ_IS_BIG_ENDIAN=0 -DPJ_IS_LITTLE_ENDIAN=1    -DPJMEDIA_USE_OLD_FFMPEG=1           -I/home/inrack/src/pjsip-build/pjproject-2.17/third_party/build/speex -I/home/inrack/src/pjsip-build/pjproject-2.17/third_party/speex/include -DPJMEDIA_HAS_OPENCORE_AMRNB_CODEC=0 -DPJMEDIA_HAS_OPENCORE_AMRWB_CODEC=0 -DPJMEDIA_HAS_ANDROID_MEDIACODEC=0 -DPJMEDIA_HAS_LYRA_CODEC=0 -I/home/inrack/src/pjsip-build/pjproject-2.17/third_party/build/srtp -I/home/inrack/src/pjsip-build/pjproject-2.17/third_party/srtp/crypto/include -I/home/inrack/src/pjsip-build/pjproject-2.17/third_party/srtp/include -DPJMEDIA_RESAMPLE_IMP=PJMEDIA_RESAMPLE_LIBRESAMPLE -DPJMEDIA_HAS_LIBYUV=1 -I/home/inrack/src/pjsip-build/pjproject-2.17/third_party/yuv/include -DPJMEDIA_HAS_WEBRTC_AEC=1 -I/home/inrack/src/pjsip-build/pjproject-2.17/third_party/webrtc/src -DPJMEDIA_HAS_WEBRTC_AEC3=0 -DPJMEDIA_AUDIO_DEV_HAS_WMME=0 -DPJMEDIA_AUDIO_DEV_HAS_PORTAUDIO=0 -DPJMEDIA_AUDIO_DEV_HAS_WMME=0 -I../include -I../../pjlib/include -I../../pjlib-util/include -I../../pjmedia/include -I../../pjnath/include -I../.. \
	-c -o output/pjmedia-x86_64-pc-linux-gnu/sdp_cmp.o \
	../src/pjmedia/sdp_cmp.c 
gcc -Wall -DPJ_AUTOCONF=1 -fPIC -DPJ_IS_BIG_ENDIAN=0 -DPJ_IS_LITTLE_ENDIAN=1    -DPJMEDIA_USE_OLD_FFMPEG=1           -I/home/inrack/src/pjsip-build/pjproject-2.17/third_party/build/speex -I/home/inrack/src/pjsip-build/pjproject-2.17/third_party/speex/include -DPJMEDIA_HAS_OPENCORE_AMRNB_CODEC=0 -DPJMEDIA_HAS_OPENCORE_AMRWB_CODEC=0 -DPJMEDIA_HAS_ANDROID_MEDIACODEC=0 -DPJMEDIA_HAS_LYRA_CODEC=0 -I/home/inrack/src/pjsip-build/pjproject-2.17/third_party/build/srtp -I/home/inrack/src/pjsip-build/pjproject-2.17/third_party/srtp/crypto/include -I/home/inrack/src/pjsip-build/pjproject-2.17/third_party/srtp/include -DPJMEDIA_RESAMPLE_IMP=PJMEDIA_RESAMPLE_LIBRESAMPLE -DPJMEDIA_HAS_LIBYUV=1 -I/home/inrack/src/pjsip-build/pjproject-2.17/third_party/yuv/include -DPJMEDIA_HAS_WEBRTC_AEC=1 -I/home/inrack/src/pjsip-build/pjproject-2.17/third_party/webrtc/src -DPJMEDIA_HAS_WEBRTC_AEC3=0 -DPJMEDIA_AUDIO_DEV_HAS_WMME=0 -DPJMEDIA_AUDIO_DEV_HAS_PORTAUDIO=0 -DPJMEDIA_AUDIO_DEV_HAS_WMME=0 -I../include -I../../pjlib/include -I../../pjlib-util/include -I../../pjmedia/include -I../../pjnath/include -I../.. \
	-c -o output/pjmedia-x86_64-pc-linux-gnu/sdp_neg.o \
	../src/pjmedia/sdp_neg.c 
gcc -Wall -DPJ_AUTOCONF=1 -fPIC -DPJ_IS_BIG_ENDIAN=0 -DPJ_IS_LITTLE_ENDIAN=1    -DPJMEDIA_USE_OLD_FFMPEG=1           -I/home/inrack/src/pjsip-build/pjproject-2.17/third_party/build/speex -I/home/inrack/src/pjsip-build/pjproject-2.17/third_party/speex/include -DPJMEDIA_HAS_OPENCORE_AMRNB_CODEC=0 -DPJMEDIA_HAS_OPENCORE_AMRWB_CODEC=0 -DPJMEDIA_HAS_ANDROID_MEDIACODEC=0 -DPJMEDIA_HAS_LYRA_CODEC=0 -I/home/inrack/src/pjsip-build/pjproject-2.17/third_party/build/srtp -I/home/inrack/src/pjsip-build/pjproject-2.17/third_party/srtp/crypto/include -I/home/inrack/src/pjsip-build/pjproject-2.17/third_party/srtp/include -DPJMEDIA_RESAMPLE_IMP=PJMEDIA_RESAMPLE_LIBRESAMPLE -DPJMEDIA_HAS_LIBYUV=1 -I/home/inrack/src/pjsip-build/pjproject-2.17/third_party/yuv/include -DPJMEDIA_HAS_WEBRTC_AEC=1 -I/home/inrack/src/pjsip-build/pjproject-2.17/third_party/webrtc/src -DPJMEDIA_HAS_WEBRTC_AEC3=0 -DPJMEDIA_AUDIO_DEV_HAS_WMME=0 -DPJMEDIA_AUDIO_DEV_HAS_PORTAUDIO=0 -DPJMEDIA_AUDIO_DEV_HAS_WMME=0 -I../include -I../../pjlib/include -I../../pjlib-util/include -I../../pjmedia/include -I../../pjnath/include -I../.. \
	-c -o output/pjmedia-x86_64-pc-linux-gnu/session.o \
	../src/pjmedia/session.c 
gcc -Wall -DPJ_AUTOCONF=1 -fPIC -DPJ_IS_BIG_ENDIAN=0 -DPJ_IS_LITTLE_ENDIAN=1    -DPJMEDIA_USE_OLD_FFMPEG=1           -I/home/inrack/src/pjsip-build/pjproject-2.17/third_party/build/speex -I/home/inrack/src/pjsip-build/pjproject-2.17/third_party/speex/include -DPJMEDIA_HAS_OPENCORE_AMRNB_CODEC=0 -DPJMEDIA_HAS_OPENCORE_AMRWB_CODEC=0 -DPJMEDIA_HAS_ANDROID_MEDIACODEC=0 -DPJMEDIA_HAS_LYRA_CODEC=0 -I/home/inrack/src/pjsip-build/pjproject-2.17/third_party/build/srtp -I/home/inrack/src/pjsip-build/pjproject-2.17/third_party/srtp/crypto/include -I/home/inrack/src/pjsip-build/pjproject-2.17/third_party/srtp/include -DPJMEDIA_RESAMPLE_IMP=PJMEDIA_RESAMPLE_LIBRESAMPLE -DPJMEDIA_HAS_LIBYUV=1 -I/home/inrack/src/pjsip-build/pjproject-2.17/third_party/yuv/include -DPJMEDIA_HAS_WEBRTC_AEC=1 -I/home/inrack/src/pjsip-build/pjproject-2.17/third_party/webrtc/src -DPJMEDIA_HAS_WEBRTC_AEC3=0 -DPJMEDIA_AUDIO_DEV_HAS_WMME=0 -DPJMEDIA_AUDIO_DEV_HAS_PORTAUDIO=0 -DPJMEDIA_AUDIO_DEV_HAS_WMME=0 -I../include -I../../pjlib/include -I../../pjlib-util/include -I../../pjmedia/include -I../../pjnath/include -I../.. \
	-c -o output/pjmedia-x86_64-pc-linux-gnu/silencedet.o \
	../src/pjmedia/silencedet.c 
gcc -Wall -DPJ_AUTOCONF=1 -fPIC -DPJ_IS_BIG_ENDIAN=0 -DPJ_IS_LITTLE_ENDIAN=1    -DPJMEDIA_USE_OLD_FFMPEG=1           -I/home/inrack/src/pjsip-build/pjproject-2.17/third_party/build/speex -I/home/inrack/src/pjsip-build/pjproject-2.17/third_party/speex/include -DPJMEDIA_HAS_OPENCORE_AMRNB_CODEC=0 -DPJMEDIA_HAS_OPENCORE_AMRWB_CODEC=0 -DPJMEDIA_HAS_ANDROID_MEDIACODEC=0 -DPJMEDIA_HAS_LYRA_CODEC=0 -I/home/inrack/src/pjsip-build/pjproject-2.17/third_party/build/srtp -I/home/inrack/src/pjsip-build/pjproject-2.17/third_party/srtp/crypto/include -I/home/inrack/src/pjsip-build/pjproject-2.17/third_party/srtp/include -DPJMEDIA_RESAMPLE_IMP=PJMEDIA_RESAMPLE_LIBRESAMPLE -DPJMEDIA_HAS_LIBYUV=1 -I/home/inrack/src/pjsip-build/pjproject-2.17/third_party/yuv/include -DPJMEDIA_HAS_WEBRTC_AEC=1 -I/home/inrack/src/pjsip-build/pjproject-2.17/third_party/webrtc/src -DPJMEDIA_HAS_WEBRTC_AEC3=0 -DPJMEDIA_AUDIO_DEV_HAS_WMME=0 -DPJMEDIA_AUDIO_DEV_HAS_PORTAUDIO=0 -DPJMEDIA_AUDIO_DEV_HAS_WMME=0 -I../include -I../../pjlib/include -I../../pjlib-util/include -I../../pjmedia/include -I../../pjnath/include -I../.. \
	-c -o output/pjmedia-x86_64-pc-linux-gnu/sound_legacy.o \
	../src/pjmedia/sound_legacy.c 
gcc -Wall -DPJ_AUTOCONF=1 -fPIC -DPJ_IS_BIG_ENDIAN=0 -DPJ_IS_LITTLE_ENDIAN=1    -DPJMEDIA_USE_OLD_FFMPEG=1           -I/home/inrack/src/pjsip-build/pjproject-2.17/third_party/build/speex -I/home/inrack/src/pjsip-build/pjproject-2.17/third_party/speex/include -DPJMEDIA_HAS_OPENCORE_AMRNB_CODEC=0 -DPJMEDIA_HAS_OPENCORE_AMRWB_CODEC=0 -DPJMEDIA_HAS_ANDROID_MEDIACODEC=0 -DPJMEDIA_HAS_LYRA_CODEC=0 -I/home/inrack/src/pjsip-build/pjproject-2.17/third_party/build/srtp -I/home/inrack/src/pjsip-build/pjproject-2.17/third_party/srtp/crypto/include -I/home/inrack/src/pjsip-build/pjproject-2.17/third_party/srtp/include -DPJMEDIA_RESAMPLE_IMP=PJMEDIA_RESAMPLE_LIBRESAMPLE -DPJMEDIA_HAS_LIBYUV=1 -I/home/inrack/src/pjsip-build/pjproject-2.17/third_party/yuv/include -DPJMEDIA_HAS_WEBRTC_AEC=1 -I/home/inrack/src/pjsip-build/pjproject-2.17/third_party/webrtc/src -DPJMEDIA_HAS_WEBRTC_AEC3=0 -DPJMEDIA_AUDIO_DEV_HAS_WMME=0 -DPJMEDIA_AUDIO_DEV_HAS_PORTAUDIO=0 -DPJMEDIA_AUDIO_DEV_HAS_WMME=0 -I../include -I../../pjlib/include -I../../pjlib-util/include -I../../pjmedia/include -I../../pjnath/include -I../.. \
	-c -o output/pjmedia-x86_64-pc-linux-gnu/sound_port.o \
	../src/pjmedia/sound_port.c 
gcc -Wall -DPJ_AUTOCONF=1 -fPIC -DPJ_IS_BIG_ENDIAN=0 -DPJ_IS_LITTLE_ENDIAN=1    -DPJMEDIA_USE_OLD_FFMPEG=1           -I/home/inrack/src/pjsip-build/pjproject-2.17/third_party/build/speex -I/home/inrack/src/pjsip-build/pjproject-2.17/third_party/speex/include -DPJMEDIA_HAS_OPENCORE_AMRNB_CODEC=0 -DPJMEDIA_HAS_OPENCORE_AMRWB_CODEC=0 -DPJMEDIA_HAS_ANDROID_MEDIACODEC=0 -DPJMEDIA_HAS_LYRA_CODEC=0 -I/home/inrack/src/pjsip-build/pjproject-2.17/third_party/build/srtp -I/home/inrack/src/pjsip-build/pjproject-2.17/third_party/srtp/crypto/include -I/home/inrack/src/pjsip-build/pjproject-2.17/third_party/srtp/include -DPJMEDIA_RESAMPLE_IMP=PJMEDIA_RESAMPLE_LIBRESAMPLE -DPJMEDIA_HAS_LIBYUV=1 -I/home/inrack/src/pjsip-build/pjproject-2.17/third_party/yuv/include -DPJMEDIA_HAS_WEBRTC_AEC=1 -I/home/inrack/src/pjsip-build/pjproject-2.17/third_party/webrtc/src -DPJMEDIA_HAS_WEBRTC_AEC3=0 -DPJMEDIA_AUDIO_DEV_HAS_WMME=0 -DPJMEDIA_AUDIO_DEV_HAS_PORTAUDIO=0 -DPJMEDIA_AUDIO_DEV_HAS_WMME=0 -I../include -I../../pjlib/include -I../../pjlib-util/include -I../../pjmedia/include -I../../pjnath/include -I../.. \
	-c -o output/pjmedia-x86_64-pc-linux-gnu/stereo_port.o \
	../src/pjmedia/stereo_port.c 
In file included from ../include/pjmedia/config.h:26,
                 from ../include/pjmedia/types.h:27,
                 from ../include/pjmedia/sdp.h:26,
                 from ../include/pjmedia/sdp_neg.h:260,
                 from ../src/pjmedia/sdp_neg.c:19:
../src/pjmedia/sdp_neg.c: In function ‘process_m_answer’:
../../pjlib/include/pj/config.h:1617:29: warning: label ‘TODO___CHECK_SDP_NEGOTIATION_WHEN_ASYMETRIC_MEDIA_IS_ALLOWED’ defined but not used [-Wunused-label]
 1617 | #  define PJ_TODO(id)       TODO___##id:
      |                             ^~~~~~~
../src/pjmedia/sdp_neg.c:855:9: note: in expansion of macro ‘PJ_TODO’
  855 |         PJ_TODO(CHECK_SDP_NEGOTIATION_WHEN_ASYMETRIC_MEDIA_IS_ALLOWED);
      |         ^~~~~~~
gcc -Wall -DPJ_AUTOCONF=1 -fPIC -DPJ_IS_BIG_ENDIAN=0 -DPJ_IS_LITTLE_ENDIAN=1    -DPJMEDIA_USE_OLD_FFMPEG=1           -I/home/inrack/src/pjsip-build/pjproject-2.17/third_party/build/speex -I/home/inrack/src/pjsip-build/pjproject-2.17/third_party/speex/include -DPJMEDIA_HAS_OPENCORE_AMRNB_CODEC=0 -DPJMEDIA_HAS_OPENCORE_AMRWB_CODEC=0 -DPJMEDIA_HAS_ANDROID_MEDIACODEC=0 -DPJMEDIA_HAS_LYRA_CODEC=0 -I/home/inrack/src/pjsip-build/pjproject-2.17/third_party/build/srtp -I/home/inrack/src/pjsip-build/pjproject-2.17/third_party/srtp/crypto/include -I/home/inrack/src/pjsip-build/pjproject-2.17/third_party/srtp/include -DPJMEDIA_RESAMPLE_IMP=PJMEDIA_RESAMPLE_LIBRESAMPLE -DPJMEDIA_HAS_LIBYUV=1 -I/home/inrack/src/pjsip-build/pjproject-2.17/third_party/yuv/include -DPJMEDIA_HAS_WEBRTC_AEC=1 -I/home/inrack/src/pjsip-build/pjproject-2.17/third_party/webrtc/src -DPJMEDIA_HAS_WEBRTC_AEC3=0 -DPJMEDIA_AUDIO_DEV_HAS_WMME=0 -DPJMEDIA_AUDIO_DEV_HAS_PORTAUDIO=0 -DPJMEDIA_AUDIO_DEV_HAS_WMME=0 -I../include -I../../pjlib/include -I../../pjlib-util/include -I../../pjmedia/include -I../../pjnath/include -I../.. \
	-c -o output/pjmedia-x86_64-pc-linux-gnu/stream_common.o \
	../src/pjmedia/stream_common.c 
gcc -Wall -DPJ_AUTOCONF=1 -fPIC -DPJ_IS_BIG_ENDIAN=0 -DPJ_IS_LITTLE_ENDIAN=1    -DPJMEDIA_USE_OLD_FFMPEG=1           -I/home/inrack/src/pjsip-build/pjproject-2.17/third_party/build/speex -I/home/inrack/src/pjsip-build/pjproject-2.17/third_party/speex/include -DPJMEDIA_HAS_OPENCORE_AMRNB_CODEC=0 -DPJMEDIA_HAS_OPENCORE_AMRWB_CODEC=0 -DPJMEDIA_HAS_ANDROID_MEDIACODEC=0 -DPJMEDIA_HAS_LYRA_CODEC=0 -I/home/inrack/src/pjsip-build/pjproject-2.17/third_party/build/srtp -I/home/inrack/src/pjsip-build/pjproject-2.17/third_party/srtp/crypto/include -I/home/inrack/src/pjsip-build/pjproject-2.17/third_party/srtp/include -DPJMEDIA_RESAMPLE_IMP=PJMEDIA_RESAMPLE_LIBRESAMPLE -DPJMEDIA_HAS_LIBYUV=1 -I/home/inrack/src/pjsip-build/pjproject-2.17/third_party/yuv/include -DPJMEDIA_HAS_WEBRTC_AEC=1 -I/home/inrack/src/pjsip-build/pjproject-2.17/third_party/webrtc/src -DPJMEDIA_HAS_WEBRTC_AEC3=0 -DPJMEDIA_AUDIO_DEV_HAS_WMME=0 -DPJMEDIA_AUDIO_DEV_HAS_PORTAUDIO=0 -DPJMEDIA_AUDIO_DEV_HAS_WMME=0 -I../include -I../../pjlib/include -I../../pjlib-util/include -I../../pjmedia/include -I../../pjnath/include -I../.. \
	-c -o output/pjmedia-x86_64-pc-linux-gnu/stream.o \
	../src/pjmedia/stream.c 
gcc -Wall -DPJ_AUTOCONF=1 -fPIC -DPJ_IS_BIG_ENDIAN=0 -DPJ_IS_LITTLE_ENDIAN=1    -DPJMEDIA_USE_OLD_FFMPEG=1           -I/home/inrack/src/pjsip-build/pjproject-2.17/third_party/build/speex -I/home/inrack/src/pjsip-build/pjproject-2.17/third_party/speex/include -DPJMEDIA_HAS_OPENCORE_AMRNB_CODEC=0 -DPJMEDIA_HAS_OPENCORE_AMRWB_CODEC=0 -DPJMEDIA_HAS_ANDROID_MEDIACODEC=0 -DPJMEDIA_HAS_LYRA_CODEC=0 -I/home/inrack/src/pjsip-build/pjproject-2.17/third_party/build/srtp -I/home/inrack/src/pjsip-build/pjproject-2.17/third_party/srtp/crypto/include -I/home/inrack/src/pjsip-build/pjproject-2.17/third_party/srtp/include -DPJMEDIA_RESAMPLE_IMP=PJMEDIA_RESAMPLE_LIBRESAMPLE -DPJMEDIA_HAS_LIBYUV=1 -I/home/inrack/src/pjsip-build/pjproject-2.17/third_party/yuv/include -DPJMEDIA_HAS_WEBRTC_AEC=1 -I/home/inrack/src/pjsip-build/pjproject-2.17/third_party/webrtc/src -DPJMEDIA_HAS_WEBRTC_AEC3=0 -DPJMEDIA_AUDIO_DEV_HAS_WMME=0 -DPJMEDIA_AUDIO_DEV_HAS_PORTAUDIO=0 -DPJMEDIA_AUDIO_DEV_HAS_WMME=0 -I../include -I../../pjlib/include -I../../pjlib-util/include -I../../pjmedia/include -I../../pjnath/include -I../.. \
	-c -o output/pjmedia-x86_64-pc-linux-gnu/stream_info.o \
	../src/pjmedia/stream_info.c 
gcc -Wall -DPJ_AUTOCONF=1 -fPIC -DPJ_IS_BIG_ENDIAN=0 -DPJ_IS_LITTLE_ENDIAN=1    -DPJMEDIA_USE_OLD_FFMPEG=1           -I/home/inrack/src/pjsip-build/pjproject-2.17/third_party/build/speex -I/home/inrack/src/pjsip-build/pjproject-2.17/third_party/speex/include -DPJMEDIA_HAS_OPENCORE_AMRNB_CODEC=0 -DPJMEDIA_HAS_OPENCORE_AMRWB_CODEC=0 -DPJMEDIA_HAS_ANDROID_MEDIACODEC=0 -DPJMEDIA_HAS_LYRA_CODEC=0 -I/home/inrack/src/pjsip-build/pjproject-2.17/third_party/build/srtp -I/home/inrack/src/pjsip-build/pjproject-2.17/third_party/srtp/crypto/include -I/home/inrack/src/pjsip-build/pjproject-2.17/third_party/srtp/include -DPJMEDIA_RESAMPLE_IMP=PJMEDIA_RESAMPLE_LIBRESAMPLE -DPJMEDIA_HAS_LIBYUV=1 -I/home/inrack/src/pjsip-build/pjproject-2.17/third_party/yuv/include -DPJMEDIA_HAS_WEBRTC_AEC=1 -I/home/inrack/src/pjsip-build/pjproject-2.17/third_party/webrtc/src -DPJMEDIA_HAS_WEBRTC_AEC3=0 -DPJMEDIA_AUDIO_DEV_HAS_WMME=0 -DPJMEDIA_AUDIO_DEV_HAS_PORTAUDIO=0 -DPJMEDIA_AUDIO_DEV_HAS_WMME=0 -I../include -I../../pjlib/include -I../../pjlib-util/include -I../../pjmedia/include -I../../pjnath/include -I../.. \
	-c -o output/pjmedia-x86_64-pc-linux-gnu/tonegen.o \
	../src/pjmedia/tonegen.c 
gcc -Wall -DPJ_AUTOCONF=1 -fPIC -DPJ_IS_BIG_ENDIAN=0 -DPJ_IS_LITTLE_ENDIAN=1    -DPJMEDIA_USE_OLD_FFMPEG=1           -I/home/inrack/src/pjsip-build/pjproject-2.17/third_party/build/speex -I/home/inrack/src/pjsip-build/pjproject-2.17/third_party/speex/include -DPJMEDIA_HAS_OPENCORE_AMRNB_CODEC=0 -DPJMEDIA_HAS_OPENCORE_AMRWB_CODEC=0 -DPJMEDIA_HAS_ANDROID_MEDIACODEC=0 -DPJMEDIA_HAS_LYRA_CODEC=0 -I/home/inrack/src/pjsip-build/pjproject-2.17/third_party/build/srtp -I/home/inrack/src/pjsip-build/pjproject-2.17/third_party/srtp/crypto/include -I/home/inrack/src/pjsip-build/pjproject-2.17/third_party/srtp/include -DPJMEDIA_RESAMPLE_IMP=PJMEDIA_RESAMPLE_LIBRESAMPLE -DPJMEDIA_HAS_LIBYUV=1 -I/home/inrack/src/pjsip-build/pjproject-2.17/third_party/yuv/include -DPJMEDIA_HAS_WEBRTC_AEC=1 -I/home/inrack/src/pjsip-build/pjproject-2.17/third_party/webrtc/src -DPJMEDIA_HAS_WEBRTC_AEC3=0 -DPJMEDIA_AUDIO_DEV_HAS_WMME=0 -DPJMEDIA_AUDIO_DEV_HAS_PORTAUDIO=0 -DPJMEDIA_AUDIO_DEV_HAS_WMME=0 -I../include -I../../pjlib/include -I../../pjlib-util/include -I../../pjmedia/include -I../../pjnath/include -I../.. \
	-c -o output/pjmedia-x86_64-pc-linux-gnu/transport_adapter_sample.o \
	../src/pjmedia/transport_adapter_sample.c 
gcc -Wall -DPJ_AUTOCONF=1 -fPIC -DPJ_IS_BIG_ENDIAN=0 -DPJ_IS_LITTLE_ENDIAN=1    -DPJMEDIA_USE_OLD_FFMPEG=1           -I/home/inrack/src/pjsip-build/pjproject-2.17/third_party/build/speex -I/home/inrack/src/pjsip-build/pjproject-2.17/third_party/speex/include -DPJMEDIA_HAS_OPENCORE_AMRNB_CODEC=0 -DPJMEDIA_HAS_OPENCORE_AMRWB_CODEC=0 -DPJMEDIA_HAS_ANDROID_MEDIACODEC=0 -DPJMEDIA_HAS_LYRA_CODEC=0 -I/home/inrack/src/pjsip-build/pjproject-2.17/third_party/build/srtp -I/home/inrack/src/pjsip-build/pjproject-2.17/third_party/srtp/crypto/include -I/home/inrack/src/pjsip-build/pjproject-2.17/third_party/srtp/include -DPJMEDIA_RESAMPLE_IMP=PJMEDIA_RESAMPLE_LIBRESAMPLE -DPJMEDIA_HAS_LIBYUV=1 -I/home/inrack/src/pjsip-build/pjproject-2.17/third_party/yuv/include -DPJMEDIA_HAS_WEBRTC_AEC=1 -I/home/inrack/src/pjsip-build/pjproject-2.17/third_party/webrtc/src -DPJMEDIA_HAS_WEBRTC_AEC3=0 -DPJMEDIA_AUDIO_DEV_HAS_WMME=0 -DPJMEDIA_AUDIO_DEV_HAS_PORTAUDIO=0 -DPJMEDIA_AUDIO_DEV_HAS_WMME=0 -I../include -I../../pjlib/include -I../../pjlib-util/include -I../../pjmedia/include -I../../pjnath/include -I../.. \
	-c -o output/pjmedia-x86_64-pc-linux-gnu/transport_ice.o \
	../src/pjmedia/transport_ice.c 
gcc -Wall -DPJ_AUTOCONF=1 -fPIC -DPJ_IS_BIG_ENDIAN=0 -DPJ_IS_LITTLE_ENDIAN=1    -DPJMEDIA_USE_OLD_FFMPEG=1           -I/home/inrack/src/pjsip-build/pjproject-2.17/third_party/build/speex -I/home/inrack/src/pjsip-build/pjproject-2.17/third_party/speex/include -DPJMEDIA_HAS_OPENCORE_AMRNB_CODEC=0 -DPJMEDIA_HAS_OPENCORE_AMRWB_CODEC=0 -DPJMEDIA_HAS_ANDROID_MEDIACODEC=0 -DPJMEDIA_HAS_LYRA_CODEC=0 -I/home/inrack/src/pjsip-build/pjproject-2.17/third_party/build/srtp -I/home/inrack/src/pjsip-build/pjproject-2.17/third_party/srtp/crypto/include -I/home/inrack/src/pjsip-build/pjproject-2.17/third_party/srtp/include -DPJMEDIA_RESAMPLE_IMP=PJMEDIA_RESAMPLE_LIBRESAMPLE -DPJMEDIA_HAS_LIBYUV=1 -I/home/inrack/src/pjsip-build/pjproject-2.17/third_party/yuv/include -DPJMEDIA_HAS_WEBRTC_AEC=1 -I/home/inrack/src/pjsip-build/pjproject-2.17/third_party/webrtc/src -DPJMEDIA_HAS_WEBRTC_AEC3=0 -DPJMEDIA_AUDIO_DEV_HAS_WMME=0 -DPJMEDIA_AUDIO_DEV_HAS_PORTAUDIO=0 -DPJMEDIA_AUDIO_DEV_HAS_WMME=0 -I../include -I../../pjlib/include -I../../pjlib-util/include -I../../pjmedia/include -I../../pjnath/include -I../.. \
	-c -o output/pjmedia-x86_64-pc-linux-gnu/transport_loop.o \
	../src/pjmedia/transport_loop.c 
gcc -Wall -DPJ_AUTOCONF=1 -fPIC -DPJ_IS_BIG_ENDIAN=0 -DPJ_IS_LITTLE_ENDIAN=1    -DPJMEDIA_USE_OLD_FFMPEG=1           -I/home/inrack/src/pjsip-build/pjproject-2.17/third_party/build/speex -I/home/inrack/src/pjsip-build/pjproject-2.17/third_party/speex/include -DPJMEDIA_HAS_OPENCORE_AMRNB_CODEC=0 -DPJMEDIA_HAS_OPENCORE_AMRWB_CODEC=0 -DPJMEDIA_HAS_ANDROID_MEDIACODEC=0 -DPJMEDIA_HAS_LYRA_CODEC=0 -I/home/inrack/src/pjsip-build/pjproject-2.17/third_party/build/srtp -I/home/inrack/src/pjsip-build/pjproject-2.17/third_party/srtp/crypto/include -I/home/inrack/src/pjsip-build/pjproject-2.17/third_party/srtp/include -DPJMEDIA_RESAMPLE_IMP=PJMEDIA_RESAMPLE_LIBRESAMPLE -DPJMEDIA_HAS_LIBYUV=1 -I/home/inrack/src/pjsip-build/pjproject-2.17/third_party/yuv/include -DPJMEDIA_HAS_WEBRTC_AEC=1 -I/home/inrack/src/pjsip-build/pjproject-2.17/third_party/webrtc/src -DPJMEDIA_HAS_WEBRTC_AEC3=0 -DPJMEDIA_AUDIO_DEV_HAS_WMME=0 -DPJMEDIA_AUDIO_DEV_HAS_PORTAUDIO=0 -DPJMEDIA_AUDIO_DEV_HAS_WMME=0 -I../include -I../../pjlib/include -I../../pjlib-util/include -I../../pjmedia/include -I../../pjnath/include -I../.. \
	-c -o output/pjmedia-x86_64-pc-linux-gnu/transport_srtp.o \
	../src/pjmedia/transport_srtp.c 
gcc -Wall -DPJ_AUTOCONF=1 -fPIC -DPJ_IS_BIG_ENDIAN=0 -DPJ_IS_LITTLE_ENDIAN=1    -DPJMEDIA_USE_OLD_FFMPEG=1           -I/home/inrack/src/pjsip-build/pjproject-2.17/third_party/build/speex -I/home/inrack/src/pjsip-build/pjproject-2.17/third_party/speex/include -DPJMEDIA_HAS_OPENCORE_AMRNB_CODEC=0 -DPJMEDIA_HAS_OPENCORE_AMRWB_CODEC=0 -DPJMEDIA_HAS_ANDROID_MEDIACODEC=0 -DPJMEDIA_HAS_LYRA_CODEC=0 -I/home/inrack/src/pjsip-build/pjproject-2.17/third_party/build/srtp -I/home/inrack/src/pjsip-build/pjproject-2.17/third_party/srtp/crypto/include -I/home/inrack/src/pjsip-build/pjproject-2.17/third_party/srtp/include -DPJMEDIA_RESAMPLE_IMP=PJMEDIA_RESAMPLE_LIBRESAMPLE -DPJMEDIA_HAS_LIBYUV=1 -I/home/inrack/src/pjsip-build/pjproject-2.17/third_party/yuv/include -DPJMEDIA_HAS_WEBRTC_AEC=1 -I/home/inrack/src/pjsip-build/pjproject-2.17/third_party/webrtc/src -DPJMEDIA_HAS_WEBRTC_AEC3=0 -DPJMEDIA_AUDIO_DEV_HAS_WMME=0 -DPJMEDIA_AUDIO_DEV_HAS_PORTAUDIO=0 -DPJMEDIA_AUDIO_DEV_HAS_WMME=0 -I../include -I../../pjlib/include -I../../pjlib-util/include -I../../pjmedia/include -I../../pjnath/include -I../.. \
	-c -o output/pjmedia-x86_64-pc-linux-gnu/transport_udp.o \
	../src/pjmedia/transport_udp.c 
gcc -Wall -DPJ_AUTOCONF=1 -fPIC -DPJ_IS_BIG_ENDIAN=0 -DPJ_IS_LITTLE_ENDIAN=1    -DPJMEDIA_USE_OLD_FFMPEG=1           -I/home/inrack/src/pjsip-build/pjproject-2.17/third_party/build/speex -I/home/inrack/src/pjsip-build/pjproject-2.17/third_party/speex/include -DPJMEDIA_HAS_OPENCORE_AMRNB_CODEC=0 -DPJMEDIA_HAS_OPENCORE_AMRWB_CODEC=0 -DPJMEDIA_HAS_ANDROID_MEDIACODEC=0 -DPJMEDIA_HAS_LYRA_CODEC=0 -I/home/inrack/src/pjsip-build/pjproject-2.17/third_party/build/srtp -I/home/inrack/src/pjsip-build/pjproject-2.17/third_party/srtp/crypto/include -I/home/inrack/src/pjsip-build/pjproject-2.17/third_party/srtp/include -DPJMEDIA_RESAMPLE_IMP=PJMEDIA_RESAMPLE_LIBRESAMPLE -DPJMEDIA_HAS_LIBYUV=1 -I/home/inrack/src/pjsip-build/pjproject-2.17/third_party/yuv/include -DPJMEDIA_HAS_WEBRTC_AEC=1 -I/home/inrack/src/pjsip-build/pjproject-2.17/third_party/webrtc/src -DPJMEDIA_HAS_WEBRTC_AEC3=0 -DPJMEDIA_AUDIO_DEV_HAS_WMME=0 -DPJMEDIA_AUDIO_DEV_HAS_PORTAUDIO=0 -DPJMEDIA_AUDIO_DEV_HAS_WMME=0 -I../include -I../../pjlib/include -I../../pjlib-util/include -I../../pjmedia/include -I../../pjnath/include -I../.. \
	-c -o output/pjmedia-x86_64-pc-linux-gnu/types.o \
	../src/pjmedia/types.c 
gcc -Wall -DPJ_AUTOCONF=1 -fPIC -DPJ_IS_BIG_ENDIAN=0 -DPJ_IS_LITTLE_ENDIAN=1    -DPJMEDIA_USE_OLD_FFMPEG=1           -I/home/inrack/src/pjsip-build/pjproject-2.17/third_party/build/speex -I/home/inrack/src/pjsip-build/pjproject-2.17/third_party/speex/include -DPJMEDIA_HAS_OPENCORE_AMRNB_CODEC=0 -DPJMEDIA_HAS_OPENCORE_AMRWB_CODEC=0 -DPJMEDIA_HAS_ANDROID_MEDIACODEC=0 -DPJMEDIA_HAS_LYRA_CODEC=0 -I/home/inrack/src/pjsip-build/pjproject-2.17/third_party/build/srtp -I/home/inrack/src/pjsip-build/pjproject-2.17/third_party/srtp/crypto/include -I/home/inrack/src/pjsip-build/pjproject-2.17/third_party/srtp/include -DPJMEDIA_RESAMPLE_IMP=PJMEDIA_RESAMPLE_LIBRESAMPLE -DPJMEDIA_HAS_LIBYUV=1 -I/home/inrack/src/pjsip-build/pjproject-2.17/third_party/yuv/include -DPJMEDIA_HAS_WEBRTC_AEC=1 -I/home/inrack/src/pjsip-build/pjproject-2.17/third_party/webrtc/src -DPJMEDIA_HAS_WEBRTC_AEC3=0 -DPJMEDIA_AUDIO_DEV_HAS_WMME=0 -DPJMEDIA_AUDIO_DEV_HAS_PORTAUDIO=0 -DPJMEDIA_AUDIO_DEV_HAS_WMME=0 -I../include -I../../pjlib/include -I../../pjlib-util/include -I../../pjmedia/include -I../../pjnath/include -I../.. \
	-c -o output/pjmedia-x86_64-pc-linux-gnu/txt_stream.o \
	../src/pjmedia/txt_stream.c 
gcc -Wall -DPJ_AUTOCONF=1 -fPIC -DPJ_IS_BIG_ENDIAN=0 -DPJ_IS_LITTLE_ENDIAN=1    -DPJMEDIA_USE_OLD_FFMPEG=1           -I/home/inrack/src/pjsip-build/pjproject-2.17/third_party/build/speex -I/home/inrack/src/pjsip-build/pjproject-2.17/third_party/speex/include -DPJMEDIA_HAS_OPENCORE_AMRNB_CODEC=0 -DPJMEDIA_HAS_OPENCORE_AMRWB_CODEC=0 -DPJMEDIA_HAS_ANDROID_MEDIACODEC=0 -DPJMEDIA_HAS_LYRA_CODEC=0 -I/home/inrack/src/pjsip-build/pjproject-2.17/third_party/build/srtp -I/home/inrack/src/pjsip-build/pjproject-2.17/third_party/srtp/crypto/include -I/home/inrack/src/pjsip-build/pjproject-2.17/third_party/srtp/include -DPJMEDIA_RESAMPLE_IMP=PJMEDIA_RESAMPLE_LIBRESAMPLE -DPJMEDIA_HAS_LIBYUV=1 -I/home/inrack/src/pjsip-build/pjproject-2.17/third_party/yuv/include -DPJMEDIA_HAS_WEBRTC_AEC=1 -I/home/inrack/src/pjsip-build/pjproject-2.17/third_party/webrtc/src -DPJMEDIA_HAS_WEBRTC_AEC3=0 -DPJMEDIA_AUDIO_DEV_HAS_WMME=0 -DPJMEDIA_AUDIO_DEV_HAS_PORTAUDIO=0 -DPJMEDIA_AUDIO_DEV_HAS_WMME=0 -I../include -I../../pjlib/include -I../../pjlib-util/include -I../../pjmedia/include -I../../pjnath/include -I../.. \
	-c -o output/pjmedia-x86_64-pc-linux-gnu/vid_codec.o \
	../src/pjmedia/vid_codec.c 
gcc -Wall -DPJ_AUTOCONF=1 -fPIC -DPJ_IS_BIG_ENDIAN=0 -DPJ_IS_LITTLE_ENDIAN=1    -DPJMEDIA_USE_OLD_FFMPEG=1           -I/home/inrack/src/pjsip-build/pjproject-2.17/third_party/build/speex -I/home/inrack/src/pjsip-build/pjproject-2.17/third_party/speex/include -DPJMEDIA_HAS_OPENCORE_AMRNB_CODEC=0 -DPJMEDIA_HAS_OPENCORE_AMRWB_CODEC=0 -DPJMEDIA_HAS_ANDROID_MEDIACODEC=0 -DPJMEDIA_HAS_LYRA_CODEC=0 -I/home/inrack/src/pjsip-build/pjproject-2.17/third_party/build/srtp -I/home/inrack/src/pjsip-build/pjproject-2.17/third_party/srtp/crypto/include -I/home/inrack/src/pjsip-build/pjproject-2.17/third_party/srtp/include -DPJMEDIA_RESAMPLE_IMP=PJMEDIA_RESAMPLE_LIBRESAMPLE -DPJMEDIA_HAS_LIBYUV=1 -I/home/inrack/src/pjsip-build/pjproject-2.17/third_party/yuv/include -DPJMEDIA_HAS_WEBRTC_AEC=1 -I/home/inrack/src/pjsip-build/pjproject-2.17/third_party/webrtc/src -DPJMEDIA_HAS_WEBRTC_AEC3=0 -DPJMEDIA_AUDIO_DEV_HAS_WMME=0 -DPJMEDIA_AUDIO_DEV_HAS_PORTAUDIO=0 -DPJMEDIA_AUDIO_DEV_HAS_WMME=0 -I../include -I../../pjlib/include -I../../pjlib-util/include -I../../pjmedia/include -I../../pjnath/include -I../.. \
	-c -o output/pjmedia-x86_64-pc-linux-gnu/vid_codec_util.o \
	../src/pjmedia/vid_codec_util.c 
gcc -Wall -DPJ_AUTOCONF=1 -fPIC -DPJ_IS_BIG_ENDIAN=0 -DPJ_IS_LITTLE_ENDIAN=1    -DPJMEDIA_USE_OLD_FFMPEG=1           -I/home/inrack/src/pjsip-build/pjproject-2.17/third_party/build/speex -I/home/inrack/src/pjsip-build/pjproject-2.17/third_party/speex/include -DPJMEDIA_HAS_OPENCORE_AMRNB_CODEC=0 -DPJMEDIA_HAS_OPENCORE_AMRWB_CODEC=0 -DPJMEDIA_HAS_ANDROID_MEDIACODEC=0 -DPJMEDIA_HAS_LYRA_CODEC=0 -I/home/inrack/src/pjsip-build/pjproject-2.17/third_party/build/srtp -I/home/inrack/src/pjsip-build/pjproject-2.17/third_party/srtp/crypto/include -I/home/inrack/src/pjsip-build/pjproject-2.17/third_party/srtp/include -DPJMEDIA_RESAMPLE_IMP=PJMEDIA_RESAMPLE_LIBRESAMPLE -DPJMEDIA_HAS_LIBYUV=1 -I/home/inrack/src/pjsip-build/pjproject-2.17/third_party/yuv/include -DPJMEDIA_HAS_WEBRTC_AEC=1 -I/home/inrack/src/pjsip-build/pjproject-2.17/third_party/webrtc/src -DPJMEDIA_HAS_WEBRTC_AEC3=0 -DPJMEDIA_AUDIO_DEV_HAS_WMME=0 -DPJMEDIA_AUDIO_DEV_HAS_PORTAUDIO=0 -DPJMEDIA_AUDIO_DEV_HAS_WMME=0 -I../include -I../../pjlib/include -I../../pjlib-util/include -I../../pjmedia/include -I../../pjnath/include -I../.. \
	-c -o output/pjmedia-x86_64-pc-linux-gnu/vid_port.o \
	../src/pjmedia/vid_port.c 
gcc -Wall -DPJ_AUTOCONF=1 -fPIC -DPJ_IS_BIG_ENDIAN=0 -DPJ_IS_LITTLE_ENDIAN=1    -DPJMEDIA_USE_OLD_FFMPEG=1           -I/home/inrack/src/pjsip-build/pjproject-2.17/third_party/build/speex -I/home/inrack/src/pjsip-build/pjproject-2.17/third_party/speex/include -DPJMEDIA_HAS_OPENCORE_AMRNB_CODEC=0 -DPJMEDIA_HAS_OPENCORE_AMRWB_CODEC=0 -DPJMEDIA_HAS_ANDROID_MEDIACODEC=0 -DPJMEDIA_HAS_LYRA_CODEC=0 -I/home/inrack/src/pjsip-build/pjproject-2.17/third_party/build/srtp -I/home/inrack/src/pjsip-build/pjproject-2.17/third_party/srtp/crypto/include -I/home/inrack/src/pjsip-build/pjproject-2.17/third_party/srtp/include -DPJMEDIA_RESAMPLE_IMP=PJMEDIA_RESAMPLE_LIBRESAMPLE -DPJMEDIA_HAS_LIBYUV=1 -I/home/inrack/src/pjsip-build/pjproject-2.17/third_party/yuv/include -DPJMEDIA_HAS_WEBRTC_AEC=1 -I/home/inrack/src/pjsip-build/pjproject-2.17/third_party/webrtc/src -DPJMEDIA_HAS_WEBRTC_AEC3=0 -DPJMEDIA_AUDIO_DEV_HAS_WMME=0 -DPJMEDIA_AUDIO_DEV_HAS_PORTAUDIO=0 -DPJMEDIA_AUDIO_DEV_HAS_WMME=0 -I../include -I../../pjlib/include -I../../pjlib-util/include -I../../pjmedia/include -I../../pjnath/include -I../.. \
	-c -o output/pjmedia-x86_64-pc-linux-gnu/vid_stream.o \
	../src/pjmedia/vid_stream.c 
gcc -Wall -DPJ_AUTOCONF=1 -fPIC -DPJ_IS_BIG_ENDIAN=0 -DPJ_IS_LITTLE_ENDIAN=1    -DPJMEDIA_USE_OLD_FFMPEG=1           -I/home/inrack/src/pjsip-build/pjproject-2.17/third_party/build/speex -I/home/inrack/src/pjsip-build/pjproject-2.17/third_party/speex/include -DPJMEDIA_HAS_OPENCORE_AMRNB_CODEC=0 -DPJMEDIA_HAS_OPENCORE_AMRWB_CODEC=0 -DPJMEDIA_HAS_ANDROID_MEDIACODEC=0 -DPJMEDIA_HAS_LYRA_CODEC=0 -I/home/inrack/src/pjsip-build/pjproject-2.17/third_party/build/srtp -I/home/inrack/src/pjsip-build/pjproject-2.17/third_party/srtp/crypto/include -I/home/inrack/src/pjsip-build/pjproject-2.17/third_party/srtp/include -DPJMEDIA_RESAMPLE_IMP=PJMEDIA_RESAMPLE_LIBRESAMPLE -DPJMEDIA_HAS_LIBYUV=1 -I/home/inrack/src/pjsip-build/pjproject-2.17/third_party/yuv/include -DPJMEDIA_HAS_WEBRTC_AEC=1 -I/home/inrack/src/pjsip-build/pjproject-2.17/third_party/webrtc/src -DPJMEDIA_HAS_WEBRTC_AEC3=0 -DPJMEDIA_AUDIO_DEV_HAS_WMME=0 -DPJMEDIA_AUDIO_DEV_HAS_PORTAUDIO=0 -DPJMEDIA_AUDIO_DEV_HAS_WMME=0 -I../include -I../../pjlib/include -I../../pjlib-util/include -I../../pjmedia/include -I../../pjnath/include -I../.. \
	-c -o output/pjmedia-x86_64-pc-linux-gnu/vid_stream_info.o \
	../src/pjmedia/vid_stream_info.c 
gcc -Wall -DPJ_AUTOCONF=1 -fPIC -DPJ_IS_BIG_ENDIAN=0 -DPJ_IS_LITTLE_ENDIAN=1    -DPJMEDIA_USE_OLD_FFMPEG=1           -I/home/inrack/src/pjsip-build/pjproject-2.17/third_party/build/speex -I/home/inrack/src/pjsip-build/pjproject-2.17/third_party/speex/include -DPJMEDIA_HAS_OPENCORE_AMRNB_CODEC=0 -DPJMEDIA_HAS_OPENCORE_AMRWB_CODEC=0 -DPJMEDIA_HAS_ANDROID_MEDIACODEC=0 -DPJMEDIA_HAS_LYRA_CODEC=0 -I/home/inrack/src/pjsip-build/pjproject-2.17/third_party/build/srtp -I/home/inrack/src/pjsip-build/pjproject-2.17/third_party/srtp/crypto/include -I/home/inrack/src/pjsip-build/pjproject-2.17/third_party/srtp/include -DPJMEDIA_RESAMPLE_IMP=PJMEDIA_RESAMPLE_LIBRESAMPLE -DPJMEDIA_HAS_LIBYUV=1 -I/home/inrack/src/pjsip-build/pjproject-2.17/third_party/yuv/include -DPJMEDIA_HAS_WEBRTC_AEC=1 -I/home/inrack/src/pjsip-build/pjproject-2.17/third_party/webrtc/src -DPJMEDIA_HAS_WEBRTC_AEC3=0 -DPJMEDIA_AUDIO_DEV_HAS_WMME=0 -DPJMEDIA_AUDIO_DEV_HAS_PORTAUDIO=0 -DPJMEDIA_AUDIO_DEV_HAS_WMME=0 -I../include -I../../pjlib/include -I../../pjlib-util/include -I../../pjmedia/include -I../../pjnath/include -I../.. \
	-c -o output/pjmedia-x86_64-pc-linux-gnu/vid_conf.o \
	../src/pjmedia/vid_conf.c 
gcc -Wall -DPJ_AUTOCONF=1 -fPIC -DPJ_IS_BIG_ENDIAN=0 -DPJ_IS_LITTLE_ENDIAN=1    -DPJMEDIA_USE_OLD_FFMPEG=1           -I/home/inrack/src/pjsip-build/pjproject-2.17/third_party/build/speex -I/home/inrack/src/pjsip-build/pjproject-2.17/third_party/speex/include -DPJMEDIA_HAS_OPENCORE_AMRNB_CODEC=0 -DPJMEDIA_HAS_OPENCORE_AMRWB_CODEC=0 -DPJMEDIA_HAS_ANDROID_MEDIACODEC=0 -DPJMEDIA_HAS_LYRA_CODEC=0 -I/home/inrack/src/pjsip-build/pjproject-2.17/third_party/build/srtp -I/home/inrack/src/pjsip-build/pjproject-2.17/third_party/srtp/crypto/include -I/home/inrack/src/pjsip-build/pjproject-2.17/third_party/srtp/include -DPJMEDIA_RESAMPLE_IMP=PJMEDIA_RESAMPLE_LIBRESAMPLE -DPJMEDIA_HAS_LIBYUV=1 -I/home/inrack/src/pjsip-build/pjproject-2.17/third_party/yuv/include -DPJMEDIA_HAS_WEBRTC_AEC=1 -I/home/inrack/src/pjsip-build/pjproject-2.17/third_party/webrtc/src -DPJMEDIA_HAS_WEBRTC_AEC3=0 -DPJMEDIA_AUDIO_DEV_HAS_WMME=0 -DPJMEDIA_AUDIO_DEV_HAS_PORTAUDIO=0 -DPJMEDIA_AUDIO_DEV_HAS_WMME=0 -I../include -I../../pjlib/include -I../../pjlib-util/include -I../../pjmedia/include -I../../pjnath/include -I../.. \
	-c -o output/pjmedia-x86_64-pc-linux-gnu/wav_player.o \
	../src/pjmedia/wav_player.c 
gcc -Wall -DPJ_AUTOCONF=1 -fPIC -DPJ_IS_BIG_ENDIAN=0 -DPJ_IS_LITTLE_ENDIAN=1    -DPJMEDIA_USE_OLD_FFMPEG=1           -I/home/inrack/src/pjsip-build/pjproject-2.17/third_party/build/speex -I/home/inrack/src/pjsip-build/pjproject-2.17/third_party/speex/include -DPJMEDIA_HAS_OPENCORE_AMRNB_CODEC=0 -DPJMEDIA_HAS_OPENCORE_AMRWB_CODEC=0 -DPJMEDIA_HAS_ANDROID_MEDIACODEC=0 -DPJMEDIA_HAS_LYRA_CODEC=0 -I/home/inrack/src/pjsip-build/pjproject-2.17/third_party/build/srtp -I/home/inrack/src/pjsip-build/pjproject-2.17/third_party/srtp/crypto/include -I/home/inrack/src/pjsip-build/pjproject-2.17/third_party/srtp/include -DPJMEDIA_RESAMPLE_IMP=PJMEDIA_RESAMPLE_LIBRESAMPLE -DPJMEDIA_HAS_LIBYUV=1 -I/home/inrack/src/pjsip-build/pjproject-2.17/third_party/yuv/include -DPJMEDIA_HAS_WEBRTC_AEC=1 -I/home/inrack/src/pjsip-build/pjproject-2.17/third_party/webrtc/src -DPJMEDIA_HAS_WEBRTC_AEC3=0 -DPJMEDIA_AUDIO_DEV_HAS_WMME=0 -DPJMEDIA_AUDIO_DEV_HAS_PORTAUDIO=0 -DPJMEDIA_AUDIO_DEV_HAS_WMME=0 -I../include -I../../pjlib/include -I../../pjlib-util/include -I../../pjmedia/include -I../../pjnath/include -I../.. \
	-c -o output/pjmedia-x86_64-pc-linux-gnu/wav_playlist.o \
	../src/pjmedia/wav_playlist.c 
gcc -Wall -DPJ_AUTOCONF=1 -fPIC -DPJ_IS_BIG_ENDIAN=0 -DPJ_IS_LITTLE_ENDIAN=1    -DPJMEDIA_USE_OLD_FFMPEG=1           -I/home/inrack/src/pjsip-build/pjproject-2.17/third_party/build/speex -I/home/inrack/src/pjsip-build/pjproject-2.17/third_party/speex/include -DPJMEDIA_HAS_OPENCORE_AMRNB_CODEC=0 -DPJMEDIA_HAS_OPENCORE_AMRWB_CODEC=0 -DPJMEDIA_HAS_ANDROID_MEDIACODEC=0 -DPJMEDIA_HAS_LYRA_CODEC=0 -I/home/inrack/src/pjsip-build/pjproject-2.17/third_party/build/srtp -I/home/inrack/src/pjsip-build/pjproject-2.17/third_party/srtp/crypto/include -I/home/inrack/src/pjsip-build/pjproject-2.17/third_party/srtp/include -DPJMEDIA_RESAMPLE_IMP=PJMEDIA_RESAMPLE_LIBRESAMPLE -DPJMEDIA_HAS_LIBYUV=1 -I/home/inrack/src/pjsip-build/pjproject-2.17/third_party/yuv/include -DPJMEDIA_HAS_WEBRTC_AEC=1 -I/home/inrack/src/pjsip-build/pjproject-2.17/third_party/webrtc/src -DPJMEDIA_HAS_WEBRTC_AEC3=0 -DPJMEDIA_AUDIO_DEV_HAS_WMME=0 -DPJMEDIA_AUDIO_DEV_HAS_PORTAUDIO=0 -DPJMEDIA_AUDIO_DEV_HAS_WMME=0 -I../include -I../../pjlib/include -I../../pjlib-util/include -I../../pjmedia/include -I../../pjnath/include -I../.. \
	-c -o output/pjmedia-x86_64-pc-linux-gnu/wav_writer.o \
	../src/pjmedia/wav_writer.c 
gcc -Wall -DPJ_AUTOCONF=1 -fPIC -DPJ_IS_BIG_ENDIAN=0 -DPJ_IS_LITTLE_ENDIAN=1    -DPJMEDIA_USE_OLD_FFMPEG=1           -I/home/inrack/src/pjsip-build/pjproject-2.17/third_party/build/speex -I/home/inrack/src/pjsip-build/pjproject-2.17/third_party/speex/include -DPJMEDIA_HAS_OPENCORE_AMRNB_CODEC=0 -DPJMEDIA_HAS_OPENCORE_AMRWB_CODEC=0 -DPJMEDIA_HAS_ANDROID_MEDIACODEC=0 -DPJMEDIA_HAS_LYRA_CODEC=0 -I/home/inrack/src/pjsip-build/pjproject-2.17/third_party/build/srtp -I/home/inrack/src/pjsip-build/pjproject-2.17/third_party/srtp/crypto/include -I/home/inrack/src/pjsip-build/pjproject-2.17/third_party/srtp/include -DPJMEDIA_RESAMPLE_IMP=PJMEDIA_RESAMPLE_LIBRESAMPLE -DPJMEDIA_HAS_LIBYUV=1 -I/home/inrack/src/pjsip-build/pjproject-2.17/third_party/yuv/include -DPJMEDIA_HAS_WEBRTC_AEC=1 -I/home/inrack/src/pjsip-build/pjproject-2.17/third_party/webrtc/src -DPJMEDIA_HAS_WEBRTC_AEC3=0 -DPJMEDIA_AUDIO_DEV_HAS_WMME=0 -DPJMEDIA_AUDIO_DEV_HAS_PORTAUDIO=0 -DPJMEDIA_AUDIO_DEV_HAS_WMME=0 -I../include -I../../pjlib/include -I../../pjlib-util/include -I../../pjmedia/include -I../../pjnath/include -I../.. \
	-c -o output/pjmedia-x86_64-pc-linux-gnu/wave.o \
	../src/pjmedia/wave.c 
gcc -Wall -DPJ_AUTOCONF=1 -fPIC -DPJ_IS_BIG_ENDIAN=0 -DPJ_IS_LITTLE_ENDIAN=1    -DPJMEDIA_USE_OLD_FFMPEG=1           -I/home/inrack/src/pjsip-build/pjproject-2.17/third_party/build/speex -I/home/inrack/src/pjsip-build/pjproject-2.17/third_party/speex/include -DPJMEDIA_HAS_OPENCORE_AMRNB_CODEC=0 -DPJMEDIA_HAS_OPENCORE_AMRWB_CODEC=0 -DPJMEDIA_HAS_ANDROID_MEDIACODEC=0 -DPJMEDIA_HAS_LYRA_CODEC=0 -I/home/inrack/src/pjsip-build/pjproject-2.17/third_party/build/srtp -I/home/inrack/src/pjsip-build/pjproject-2.17/third_party/srtp/crypto/include -I/home/inrack/src/pjsip-build/pjproject-2.17/third_party/srtp/include -DPJMEDIA_RESAMPLE_IMP=PJMEDIA_RESAMPLE_LIBRESAMPLE -DPJMEDIA_HAS_LIBYUV=1 -I/home/inrack/src/pjsip-build/pjproject-2.17/third_party/yuv/include -DPJMEDIA_HAS_WEBRTC_AEC=1 -I/home/inrack/src/pjsip-build/pjproject-2.17/third_party/webrtc/src -DPJMEDIA_HAS_WEBRTC_AEC3=0 -DPJMEDIA_AUDIO_DEV_HAS_WMME=0 -DPJMEDIA_AUDIO_DEV_HAS_PORTAUDIO=0 -DPJMEDIA_AUDIO_DEV_HAS_WMME=0 -I../include -I../../pjlib/include -I../../pjlib-util/include -I../../pjmedia/include -I../../pjnath/include -I../.. \
	-c -o output/pjmedia-x86_64-pc-linux-gnu/wsola.o \
	../src/pjmedia/wsola.c 
gcc -Wall -DPJ_AUTOCONF=1 -fPIC -DPJ_IS_BIG_ENDIAN=0 -DPJ_IS_LITTLE_ENDIAN=1    -DPJMEDIA_USE_OLD_FFMPEG=1           -I/home/inrack/src/pjsip-build/pjproject-2.17/third_party/build/speex -I/home/inrack/src/pjsip-build/pjproject-2.17/third_party/speex/include -DPJMEDIA_HAS_OPENCORE_AMRNB_CODEC=0 -DPJMEDIA_HAS_OPENCORE_AMRWB_CODEC=0 -DPJMEDIA_HAS_ANDROID_MEDIACODEC=0 -DPJMEDIA_HAS_LYRA_CODEC=0 -I/home/inrack/src/pjsip-build/pjproject-2.17/third_party/build/srtp -I/home/inrack/src/pjsip-build/pjproject-2.17/third_party/srtp/crypto/include -I/home/inrack/src/pjsip-build/pjproject-2.17/third_party/srtp/include -DPJMEDIA_RESAMPLE_IMP=PJMEDIA_RESAMPLE_LIBRESAMPLE -DPJMEDIA_HAS_LIBYUV=1 -I/home/inrack/src/pjsip-build/pjproject-2.17/third_party/yuv/include -DPJMEDIA_HAS_WEBRTC_AEC=1 -I/home/inrack/src/pjsip-build/pjproject-2.17/third_party/webrtc/src -DPJMEDIA_HAS_WEBRTC_AEC3=0 -DPJMEDIA_AUDIO_DEV_HAS_WMME=0 -DPJMEDIA_AUDIO_DEV_HAS_PORTAUDIO=0 -DPJMEDIA_AUDIO_DEV_HAS_WMME=0 -I../include -I../../pjlib/include -I../../pjlib-util/include -I../../pjmedia/include -I../../pjnath/include -I../.. \
	-c -o output/pjmedia-x86_64-pc-linux-gnu/audiodev.o \
	../src/pjmedia/audiodev.c 
gcc -Wall -DPJ_AUTOCONF=1 -fPIC -DPJ_IS_BIG_ENDIAN=0 -DPJ_IS_LITTLE_ENDIAN=1    -DPJMEDIA_USE_OLD_FFMPEG=1           -I/home/inrack/src/pjsip-build/pjproject-2.17/third_party/build/speex -I/home/inrack/src/pjsip-build/pjproject-2.17/third_party/speex/include -DPJMEDIA_HAS_OPENCORE_AMRNB_CODEC=0 -DPJMEDIA_HAS_OPENCORE_AMRWB_CODEC=0 -DPJMEDIA_HAS_ANDROID_MEDIACODEC=0 -DPJMEDIA_HAS_LYRA_CODEC=0 -I/home/inrack/src/pjsip-build/pjproject-2.17/third_party/build/srtp -I/home/inrack/src/pjsip-build/pjproject-2.17/third_party/srtp/crypto/include -I/home/inrack/src/pjsip-build/pjproject-2.17/third_party/srtp/include -DPJMEDIA_RESAMPLE_IMP=PJMEDIA_RESAMPLE_LIBRESAMPLE -DPJMEDIA_HAS_LIBYUV=1 -I/home/inrack/src/pjsip-build/pjproject-2.17/third_party/yuv/include -DPJMEDIA_HAS_WEBRTC_AEC=1 -I/home/inrack/src/pjsip-build/pjproject-2.17/third_party/webrtc/src -DPJMEDIA_HAS_WEBRTC_AEC3=0 -DPJMEDIA_AUDIO_DEV_HAS_WMME=0 -DPJMEDIA_AUDIO_DEV_HAS_PORTAUDIO=0 -DPJMEDIA_AUDIO_DEV_HAS_WMME=0 -I../include -I../../pjlib/include -I../../pjlib-util/include -I../../pjmedia/include -I../../pjnath/include -I../.. \
	-c -o output/pjmedia-x86_64-pc-linux-gnu/videodev.o \
	../src/pjmedia/videodev.c 
if test ! -d ../lib; then mkdir -p ../lib; fi
ar rv ../lib/libpjmedia-x86_64-pc-linux-gnu.a  output/pjmedia-x86_64-pc-linux-gnu/echo_speex.o  output/pjmedia-x86_64-pc-linux-gnu/ai_port.o  output/pjmedia-x86_64-pc-linux-gnu/ai_port_openai.o  output/pjmedia-x86_64-pc-linux-gnu/alaw_ulaw.o  output/pjmedia-x86_64-pc-linux-gnu/alaw_ulaw_table.o  output/pjmedia-x86_64-pc-linux-gnu/avi_player.o  output/pjmedia-x86_64-pc-linux-gnu/avi_writer.o  output/pjmedia-x86_64-pc-linux-gnu/av_sync.o  output/pjmedia-x86_64-pc-linux-gnu/bidirectional.o  output/pjmedia-x86_64-pc-linux-gnu/clock_thread.o  output/pjmedia-x86_64-pc-linux-gnu/codec.o  output/pjmedia-x86_64-pc-linux-gnu/conference.o  output/pjmedia-x86_64-pc-linux-gnu/conf_thread.o  output/pjmedia-x86_64-pc-linux-gnu/conf_switch.o  output/pjmedia-x86_64-pc-linux-gnu/converter.o  output/pjmedia-x86_64-pc-linux-gnu/converter_libswscale.o  output/pjmedia-x86_64-pc-linux-gnu/converter_libyuv.o  output/pjmedia-x86_64-pc-linux-gnu/delaybuf.o  output/pjmedia-x86_64-pc-linux-gnu/echo_common.o  output/pjmedia-x86_64-pc-linux-gnu/echo_port.o  output/pjmedia-x86_64-pc-linux-gnu/echo_suppress.o  output/pjmedia-x86_64-pc-linux-gnu/echo_webrtc.o  output/pjmedia-x86_64-pc-linux-gnu/echo_webrtc_aec3.o  output/pjmedia-x86_64-pc-linux-gnu/endpoint.o  output/pjmedia-x86_64-pc-linux-gnu/errno.o  output/pjmedia-x86_64-pc-linux-gnu/event.o  output/pjmedia-x86_64-pc-linux-gnu/format.o  output/pjmedia-x86_64-pc-linux-gnu/ffmpeg_util.o  output/pjmedia-x86_64-pc-linux-gnu/g711.o  output/pjmedia-x86_64-pc-linux-gnu/jbuf.o  output/pjmedia-x86_64-pc-linux-gnu/master_port.o  output/pjmedia-x86_64-pc-linux-gnu/mem_capture.o  output/pjmedia-x86_64-pc-linux-gnu/mem_player.o  output/pjmedia-x86_64-pc-linux-gnu/null_port.o  output/pjmedia-x86_64-pc-linux-gnu/plc_common.o  output/pjmedia-x86_64-pc-linux-gnu/port.o  output/pjmedia-x86_64-pc-linux-gnu/splitcomb.o  output/pjmedia-x86_64-pc-linux-gnu/resample_resample.o  output/pjmedia-x86_64-pc-linux-gnu/resample_libsamplerate.o  output/pjmedia-x86_64-pc-linux-gnu/resample_speex.o  output/pjmedia-x86_64-pc-linux-gnu/resample_port.o  output/pjmedia-x86_64-pc-linux-gnu/rtcp.o  output/pjmedia-x86_64-pc-linux-gnu/rtcp_xr.o  output/pjmedia-x86_64-pc-linux-gnu/rtcp_fb.o  output/pjmedia-x86_64-pc-linux-gnu/rtp.o  output/pjmedia-x86_64-pc-linux-gnu/sdp.o  output/pjmedia-x86_64-pc-linux-gnu/sdp_cmp.o  output/pjmedia-x86_64-pc-linux-gnu/sdp_neg.o  output/pjmedia-x86_64-pc-linux-gnu/session.o  output/pjmedia-x86_64-pc-linux-gnu/silencedet.o  output/pjmedia-x86_64-pc-linux-gnu/sound_legacy.o  output/pjmedia-x86_64-pc-linux-gnu/sound_port.o  output/pjmedia-x86_64-pc-linux-gnu/stereo_port.o  output/pjmedia-x86_64-pc-linux-gnu/stream_common.o  output/pjmedia-x86_64-pc-linux-gnu/stream.o  output/pjmedia-x86_64-pc-linux-gnu/stream_info.o  output/pjmedia-x86_64-pc-linux-gnu/tonegen.o  output/pjmedia-x86_64-pc-linux-gnu/transport_adapter_sample.o  output/pjmedia-x86_64-pc-linux-gnu/transport_ice.o  output/pjmedia-x86_64-pc-linux-gnu/transport_loop.o  output/pjmedia-x86_64-pc-linux-gnu/transport_srtp.o  output/pjmedia-x86_64-pc-linux-gnu/transport_udp.o  output/pjmedia-x86_64-pc-linux-gnu/types.o  output/pjmedia-x86_64-pc-linux-gnu/txt_stream.o  output/pjmedia-x86_64-pc-linux-gnu/vid_codec.o  output/pjmedia-x86_64-pc-linux-gnu/vid_codec_util.o  output/pjmedia-x86_64-pc-linux-gnu/vid_port.o  output/pjmedia-x86_64-pc-linux-gnu/vid_stream.o  output/pjmedia-x86_64-pc-linux-gnu/vid_stream_info.o  output/pjmedia-x86_64-pc-linux-gnu/vid_conf.o  output/pjmedia-x86_64-pc-linux-gnu/wav_player.o  output/pjmedia-x86_64-pc-linux-gnu/wav_playlist.o  output/pjmedia-x86_64-pc-linux-gnu/wav_writer.o  output/pjmedia-x86_64-pc-linux-gnu/wave.o  output/pjmedia-x86_64-pc-linux-gnu/wsola.o  output/pjmedia-x86_64-pc-linux-gnu/audiodev.o  output/pjmedia-x86_64-pc-linux-gnu/videodev.o
ar: creating ../lib/libpjmedia-x86_64-pc-linux-gnu.a
a - output/pjmedia-x86_64-pc-linux-gnu/echo_speex.o
a - output/pjmedia-x86_64-pc-linux-gnu/ai_port.o
a - output/pjmedia-x86_64-pc-linux-gnu/ai_port_openai.o
a - output/pjmedia-x86_64-pc-linux-gnu/alaw_ulaw.o
a - output/pjmedia-x86_64-pc-linux-gnu/alaw_ulaw_table.o
a - output/pjmedia-x86_64-pc-linux-gnu/avi_player.o
a - output/pjmedia-x86_64-pc-linux-gnu/avi_writer.o
a - output/pjmedia-x86_64-pc-linux-gnu/av_sync.o
a - output/pjmedia-x86_64-pc-linux-gnu/bidirectional.o
a - output/pjmedia-x86_64-pc-linux-gnu/clock_thread.o
a - output/pjmedia-x86_64-pc-linux-gnu/codec.o
a - output/pjmedia-x86_64-pc-linux-gnu/conference.o
a - output/pjmedia-x86_64-pc-linux-gnu/conf_thread.o
a - output/pjmedia-x86_64-pc-linux-gnu/conf_switch.o
a - output/pjmedia-x86_64-pc-linux-gnu/converter.o
a - output/pjmedia-x86_64-pc-linux-gnu/converter_libswscale.o
a - output/pjmedia-x86_64-pc-linux-gnu/converter_libyuv.o
a - output/pjmedia-x86_64-pc-linux-gnu/delaybuf.o
a - output/pjmedia-x86_64-pc-linux-gnu/echo_common.o
a - output/pjmedia-x86_64-pc-linux-gnu/echo_port.o
a - output/pjmedia-x86_64-pc-linux-gnu/echo_suppress.o
a - output/pjmedia-x86_64-pc-linux-gnu/echo_webrtc.o
a - output/pjmedia-x86_64-pc-linux-gnu/echo_webrtc_aec3.o
a - output/pjmedia-x86_64-pc-linux-gnu/endpoint.o
a - output/pjmedia-x86_64-pc-linux-gnu/errno.o
a - output/pjmedia-x86_64-pc-linux-gnu/event.o
a - output/pjmedia-x86_64-pc-linux-gnu/format.o
a - output/pjmedia-x86_64-pc-linux-gnu/ffmpeg_util.o
a - output/pjmedia-x86_64-pc-linux-gnu/g711.o
a - output/pjmedia-x86_64-pc-linux-gnu/jbuf.o
a - output/pjmedia-x86_64-pc-linux-gnu/master_port.o
a - output/pjmedia-x86_64-pc-linux-gnu/mem_capture.o
a - output/pjmedia-x86_64-pc-linux-gnu/mem_player.o
a - output/pjmedia-x86_64-pc-linux-gnu/null_port.o
a - output/pjmedia-x86_64-pc-linux-gnu/plc_common.o
a - output/pjmedia-x86_64-pc-linux-gnu/port.o
a - output/pjmedia-x86_64-pc-linux-gnu/splitcomb.o
a - output/pjmedia-x86_64-pc-linux-gnu/resample_resample.o
a - output/pjmedia-x86_64-pc-linux-gnu/resample_libsamplerate.o
a - output/pjmedia-x86_64-pc-linux-gnu/resample_speex.o
a - output/pjmedia-x86_64-pc-linux-gnu/resample_port.o
a - output/pjmedia-x86_64-pc-linux-gnu/rtcp.o
a - output/pjmedia-x86_64-pc-linux-gnu/rtcp_xr.o
a - output/pjmedia-x86_64-pc-linux-gnu/rtcp_fb.o
a - output/pjmedia-x86_64-pc-linux-gnu/rtp.o
a - output/pjmedia-x86_64-pc-linux-gnu/sdp.o
a - output/pjmedia-x86_64-pc-linux-gnu/sdp_cmp.o
a - output/pjmedia-x86_64-pc-linux-gnu/sdp_neg.o
a - output/pjmedia-x86_64-pc-linux-gnu/session.o
a - output/pjmedia-x86_64-pc-linux-gnu/silencedet.o
a - output/pjmedia-x86_64-pc-linux-gnu/sound_legacy.o
a - output/pjmedia-x86_64-pc-linux-gnu/sound_port.o
a - output/pjmedia-x86_64-pc-linux-gnu/stereo_port.o
a - output/pjmedia-x86_64-pc-linux-gnu/stream_common.o
a - output/pjmedia-x86_64-pc-linux-gnu/stream.o
a - output/pjmedia-x86_64-pc-linux-gnu/stream_info.o
a - output/pjmedia-x86_64-pc-linux-gnu/tonegen.o
a - output/pjmedia-x86_64-pc-linux-gnu/transport_adapter_sample.o
a - output/pjmedia-x86_64-pc-linux-gnu/transport_ice.o
a - output/pjmedia-x86_64-pc-linux-gnu/transport_loop.o
a - output/pjmedia-x86_64-pc-linux-gnu/transport_srtp.o
a - output/pjmedia-x86_64-pc-linux-gnu/transport_udp.o
a - output/pjmedia-x86_64-pc-linux-gnu/types.o
a - output/pjmedia-x86_64-pc-linux-gnu/txt_stream.o
a - output/pjmedia-x86_64-pc-linux-gnu/vid_codec.o
a - output/pjmedia-x86_64-pc-linux-gnu/vid_codec_util.o
a - output/pjmedia-x86_64-pc-linux-gnu/vid_port.o
a - output/pjmedia-x86_64-pc-linux-gnu/vid_stream.o
a - output/pjmedia-x86_64-pc-linux-gnu/vid_stream_info.o
a - output/pjmedia-x86_64-pc-linux-gnu/vid_conf.o
a - output/pjmedia-x86_64-pc-linux-gnu/wav_player.o
a - output/pjmedia-x86_64-pc-linux-gnu/wav_playlist.o
a - output/pjmedia-x86_64-pc-linux-gnu/wav_writer.o
a - output/pjmedia-x86_64-pc-linux-gnu/wave.o
a - output/pjmedia-x86_64-pc-linux-gnu/wsola.o
a - output/pjmedia-x86_64-pc-linux-gnu/audiodev.o
a - output/pjmedia-x86_64-pc-linux-gnu/videodev.o
ranlib ../lib/libpjmedia-x86_64-pc-linux-gnu.a
make[2]: Leaving directory '/home/inrack/src/pjsip-build/pjproject-2.17/pjmedia/build'
make -f /home/inrack/src/pjsip-build/pjproject-2.17/build/rules.mak APP=PJMEDIA_CODEC app=pjmedia-codec ../lib/libpjmedia-codec-x86_64-pc-linux-gnu.a
make -f /home/inrack/src/pjsip-build/pjproject-2.17/build/rules.mak APP=PJMEDIA_VIDEODEV app=pjmedia-videodev ../lib/libpjmedia-videodev-x86_64-pc-linux-gnu.a
make -f /home/inrack/src/pjsip-build/pjproject-2.17/build/rules.mak APP=PJMEDIA_AUDIODEV app=pjmedia-audiodev ../lib/libpjmedia-audiodev-x86_64-pc-linux-gnu.a
make -f /home/inrack/src/pjsip-build/pjproject-2.17/build/rules.mak APP=PJSDP app=pjsdp ../lib/libpjsdp-x86_64-pc-linux-gnu.a
make[2]: Entering directory '/home/inrack/src/pjsip-build/pjproject-2.17/pjmedia/build'
mkdir -p output/pjsdp-x86_64-pc-linux-gnu/
gcc -Wall -DPJ_AUTOCONF=1 -fPIC -DPJ_IS_BIG_ENDIAN=0 -DPJ_IS_LITTLE_ENDIAN=1    -DPJMEDIA_USE_OLD_FFMPEG=1           -I/home/inrack/src/pjsip-build/pjproject-2.17/third_party/build/speex -I/home/inrack/src/pjsip-build/pjproject-2.17/third_party/speex/include -DPJMEDIA_HAS_OPENCORE_AMRNB_CODEC=0 -DPJMEDIA_HAS_OPENCORE_AMRWB_CODEC=0 -DPJMEDIA_HAS_ANDROID_MEDIACODEC=0 -DPJMEDIA_HAS_LYRA_CODEC=0 -I/home/inrack/src/pjsip-build/pjproject-2.17/third_party/build/srtp -I/home/inrack/src/pjsip-build/pjproject-2.17/third_party/srtp/crypto/include -I/home/inrack/src/pjsip-build/pjproject-2.17/third_party/srtp/include -DPJMEDIA_RESAMPLE_IMP=PJMEDIA_RESAMPLE_LIBRESAMPLE -DPJMEDIA_HAS_LIBYUV=1 -I/home/inrack/src/pjsip-build/pjproject-2.17/third_party/yuv/include -DPJMEDIA_HAS_WEBRTC_AEC=1 -I/home/inrack/src/pjsip-build/pjproject-2.17/third_party/webrtc/src -DPJMEDIA_HAS_WEBRTC_AEC3=0 -DPJMEDIA_AUDIO_DEV_HAS_WMME=0 -DPJMEDIA_AUDIO_DEV_HAS_PORTAUDIO=0 -DPJMEDIA_AUDIO_DEV_HAS_WMME=0 -I../include -I../../pjlib/include -I../../pjlib-util/include -I../../pjmedia/include -I../../pjnath/include -I../.. \
	-c -o output/pjsdp-x86_64-pc-linux-gnu/errno.o \
	../src/pjmedia/errno.c 
gcc -Wall -DPJ_AUTOCONF=1 -fPIC -DPJ_IS_BIG_ENDIAN=0 -DPJ_IS_LITTLE_ENDIAN=1    -DPJMEDIA_USE_OLD_FFMPEG=1           -I/home/inrack/src/pjsip-build/pjproject-2.17/third_party/build/speex -I/home/inrack/src/pjsip-build/pjproject-2.17/third_party/speex/include -DPJMEDIA_HAS_OPENCORE_AMRNB_CODEC=0 -DPJMEDIA_HAS_OPENCORE_AMRWB_CODEC=0 -DPJMEDIA_HAS_ANDROID_MEDIACODEC=0 -DPJMEDIA_HAS_LYRA_CODEC=0 -I/home/inrack/src/pjsip-build/pjproject-2.17/third_party/build/srtp -I/home/inrack/src/pjsip-build/pjproject-2.17/third_party/srtp/crypto/include -I/home/inrack/src/pjsip-build/pjproject-2.17/third_party/srtp/include -DPJMEDIA_RESAMPLE_IMP=PJMEDIA_RESAMPLE_LIBRESAMPLE -DPJMEDIA_HAS_LIBYUV=1 -I/home/inrack/src/pjsip-build/pjproject-2.17/third_party/yuv/include -DPJMEDIA_HAS_WEBRTC_AEC=1 -I/home/inrack/src/pjsip-build/pjproject-2.17/third_party/webrtc/src -DPJMEDIA_HAS_WEBRTC_AEC3=0 -DPJMEDIA_AUDIO_DEV_HAS_WMME=0 -DPJMEDIA_AUDIO_DEV_HAS_PORTAUDIO=0 -DPJMEDIA_AUDIO_DEV_HAS_WMME=0 -I../include -I../../pjlib/include -I../../pjlib-util/include -I../../pjmedia/include -I../../pjnath/include -I../.. \
	-c -o output/pjsdp-x86_64-pc-linux-gnu/sdp.o \
	../src/pjmedia/sdp.c 
gcc -Wall -DPJ_AUTOCONF=1 -fPIC -DPJ_IS_BIG_ENDIAN=0 -DPJ_IS_LITTLE_ENDIAN=1    -DPJMEDIA_USE_OLD_FFMPEG=1           -I/home/inrack/src/pjsip-build/pjproject-2.17/third_party/build/speex -I/home/inrack/src/pjsip-build/pjproject-2.17/third_party/speex/include -DPJMEDIA_HAS_OPENCORE_AMRNB_CODEC=0 -DPJMEDIA_HAS_OPENCORE_AMRWB_CODEC=0 -DPJMEDIA_HAS_ANDROID_MEDIACODEC=0 -DPJMEDIA_HAS_LYRA_CODEC=0 -I/home/inrack/src/pjsip-build/pjproject-2.17/third_party/build/srtp -I/home/inrack/src/pjsip-build/pjproject-2.17/third_party/srtp/crypto/include -I/home/inrack/src/pjsip-build/pjproject-2.17/third_party/srtp/include -DPJMEDIA_RESAMPLE_IMP=PJMEDIA_RESAMPLE_LIBRESAMPLE -DPJMEDIA_HAS_LIBYUV=1 -I/home/inrack/src/pjsip-build/pjproject-2.17/third_party/yuv/include -DPJMEDIA_HAS_WEBRTC_AEC=1 -I/home/inrack/src/pjsip-build/pjproject-2.17/third_party/webrtc/src -DPJMEDIA_HAS_WEBRTC_AEC3=0 -DPJMEDIA_AUDIO_DEV_HAS_WMME=0 -DPJMEDIA_AUDIO_DEV_HAS_PORTAUDIO=0 -DPJMEDIA_AUDIO_DEV_HAS_WMME=0 -I../include -I../../pjlib/include -I../../pjlib-util/include -I../../pjmedia/include -I../../pjnath/include -I../.. \
	-c -o output/pjsdp-x86_64-pc-linux-gnu/sdp_cmp.o \
	../src/pjmedia/sdp_cmp.c 
make[2]: Entering directory '/home/inrack/src/pjsip-build/pjproject-2.17/pjmedia/build'
mkdir -p output/pjmedia-videodev-x86_64-pc-linux-gnu/
gcc -Wall -DPJ_AUTOCONF=1 -fPIC -DPJ_IS_BIG_ENDIAN=0 -DPJ_IS_LITTLE_ENDIAN=1    -DPJMEDIA_USE_OLD_FFMPEG=1           -I/home/inrack/src/pjsip-build/pjproject-2.17/third_party/build/speex -I/home/inrack/src/pjsip-build/pjproject-2.17/third_party/speex/include -DPJMEDIA_HAS_OPENCORE_AMRNB_CODEC=0 -DPJMEDIA_HAS_OPENCORE_AMRWB_CODEC=0 -DPJMEDIA_HAS_ANDROID_MEDIACODEC=0 -DPJMEDIA_HAS_LYRA_CODEC=0 -I/home/inrack/src/pjsip-build/pjproject-2.17/third_party/build/srtp -I/home/inrack/src/pjsip-build/pjproject-2.17/third_party/srtp/crypto/include -I/home/inrack/src/pjsip-build/pjproject-2.17/third_party/srtp/include -DPJMEDIA_RESAMPLE_IMP=PJMEDIA_RESAMPLE_LIBRESAMPLE -DPJMEDIA_HAS_LIBYUV=1 -I/home/inrack/src/pjsip-build/pjproject-2.17/third_party/yuv/include -DPJMEDIA_HAS_WEBRTC_AEC=1 -I/home/inrack/src/pjsip-build/pjproject-2.17/third_party/webrtc/src -DPJMEDIA_HAS_WEBRTC_AEC3=0 -DPJMEDIA_AUDIO_DEV_HAS_WMME=0 -DPJMEDIA_AUDIO_DEV_HAS_PORTAUDIO=0 -DPJMEDIA_AUDIO_DEV_HAS_WMME=0 -I../include -I../../pjlib/include -I../../pjlib-util/include -I../../pjmedia/include -I../../pjnath/include -I../.. \
	-c -o output/pjsdp-x86_64-pc-linux-gnu/sdp_neg.o \
	../src/pjmedia/sdp_neg.c 
make[2]: Entering directory '/home/inrack/src/pjsip-build/pjproject-2.17/pjmedia/build'
mkdir -p output/pjmedia-audiodev-x86_64-pc-linux-gnu/
make[2]: Entering directory '/home/inrack/src/pjsip-build/pjproject-2.17/pjmedia/build'
mkdir -p output/pjmedia-codec-x86_64-pc-linux-gnu/
mkdir -p output/pjmedia-codec-x86_64-pc-linux-gnu/g722/
gcc -Wall -DPJ_AUTOCONF=1 -fPIC -DPJ_IS_BIG_ENDIAN=0 -DPJ_IS_LITTLE_ENDIAN=1    -DPJMEDIA_USE_OLD_FFMPEG=1           -I/home/inrack/src/pjsip-build/pjproject-2.17/third_party/build/speex -I/home/inrack/src/pjsip-build/pjproject-2.17/third_party/speex/include -DPJMEDIA_HAS_OPENCORE_AMRNB_CODEC=0 -DPJMEDIA_HAS_OPENCORE_AMRWB_CODEC=0 -DPJMEDIA_HAS_ANDROID_MEDIACODEC=0 -DPJMEDIA_HAS_LYRA_CODEC=0 -I/home/inrack/src/pjsip-build/pjproject-2.17/third_party/build/srtp -I/home/inrack/src/pjsip-build/pjproject-2.17/third_party/srtp/crypto/include -I/home/inrack/src/pjsip-build/pjproject-2.17/third_party/srtp/include -DPJMEDIA_RESAMPLE_IMP=PJMEDIA_RESAMPLE_LIBRESAMPLE -DPJMEDIA_HAS_LIBYUV=1 -I/home/inrack/src/pjsip-build/pjproject-2.17/third_party/yuv/include -DPJMEDIA_HAS_WEBRTC_AEC=1 -I/home/inrack/src/pjsip-build/pjproject-2.17/third_party/webrtc/src -DPJMEDIA_HAS_WEBRTC_AEC3=0 -DPJMEDIA_AUDIO_DEV_HAS_WMME=0 -DPJMEDIA_AUDIO_DEV_HAS_PORTAUDIO=0 -DPJMEDIA_AUDIO_DEV_HAS_WMME=0 -I../include -I../../pjlib/include -I../../pjlib-util/include -I../../pjmedia/include -I../../pjnath/include -I../.. \
	-c -o output/pjmedia-videodev-x86_64-pc-linux-gnu/sdl_dev.o \
	../src/pjmedia-videodev/sdl_dev.c 
gcc -Wall -DPJ_AUTOCONF=1 -fPIC -DPJ_IS_BIG_ENDIAN=0 -DPJ_IS_LITTLE_ENDIAN=1    -DPJMEDIA_USE_OLD_FFMPEG=1           -I/home/inrack/src/pjsip-build/pjproject-2.17/third_party/build/speex -I/home/inrack/src/pjsip-build/pjproject-2.17/third_party/speex/include -DPJMEDIA_HAS_OPENCORE_AMRNB_CODEC=0 -DPJMEDIA_HAS_OPENCORE_AMRWB_CODEC=0 -DPJMEDIA_HAS_ANDROID_MEDIACODEC=0 -DPJMEDIA_HAS_LYRA_CODEC=0 -I/home/inrack/src/pjsip-build/pjproject-2.17/third_party/build/srtp -I/home/inrack/src/pjsip-build/pjproject-2.17/third_party/srtp/crypto/include -I/home/inrack/src/pjsip-build/pjproject-2.17/third_party/srtp/include -DPJMEDIA_RESAMPLE_IMP=PJMEDIA_RESAMPLE_LIBRESAMPLE -DPJMEDIA_HAS_LIBYUV=1 -I/home/inrack/src/pjsip-build/pjproject-2.17/third_party/yuv/include -DPJMEDIA_HAS_WEBRTC_AEC=1 -I/home/inrack/src/pjsip-build/pjproject-2.17/third_party/webrtc/src -DPJMEDIA_HAS_WEBRTC_AEC3=0 -DPJMEDIA_AUDIO_DEV_HAS_WMME=0 -DPJMEDIA_AUDIO_DEV_HAS_PORTAUDIO=0 -DPJMEDIA_AUDIO_DEV_HAS_WMME=0 -I../include -I../../pjlib/include -I../../pjlib-util/include -I../../pjmedia/include -I../../pjnath/include -I../.. \
	-c -o output/pjmedia-audiodev-x86_64-pc-linux-gnu/audiodev.o \
	../src/pjmedia-audiodev/audiodev.c 
gcc -Wall -DPJ_AUTOCONF=1 -fPIC -DPJ_IS_BIG_ENDIAN=0 -DPJ_IS_LITTLE_ENDIAN=1    -DPJMEDIA_USE_OLD_FFMPEG=1           -I/home/inrack/src/pjsip-build/pjproject-2.17/third_party/build/speex -I/home/inrack/src/pjsip-build/pjproject-2.17/third_party/speex/include -DPJMEDIA_HAS_OPENCORE_AMRNB_CODEC=0 -DPJMEDIA_HAS_OPENCORE_AMRWB_CODEC=0 -DPJMEDIA_HAS_ANDROID_MEDIACODEC=0 -DPJMEDIA_HAS_LYRA_CODEC=0 -I/home/inrack/src/pjsip-build/pjproject-2.17/third_party/build/srtp -I/home/inrack/src/pjsip-build/pjproject-2.17/third_party/srtp/crypto/include -I/home/inrack/src/pjsip-build/pjproject-2.17/third_party/srtp/include -DPJMEDIA_RESAMPLE_IMP=PJMEDIA_RESAMPLE_LIBRESAMPLE -DPJMEDIA_HAS_LIBYUV=1 -I/home/inrack/src/pjsip-build/pjproject-2.17/third_party/yuv/include -DPJMEDIA_HAS_WEBRTC_AEC=1 -I/home/inrack/src/pjsip-build/pjproject-2.17/third_party/webrtc/src -DPJMEDIA_HAS_WEBRTC_AEC3=0 -DPJMEDIA_AUDIO_DEV_HAS_WMME=0 -DPJMEDIA_AUDIO_DEV_HAS_PORTAUDIO=0 -DPJMEDIA_AUDIO_DEV_HAS_WMME=0 -I../include -I../../pjlib/include -I../../pjlib-util/include -I../../pjmedia/include -I../../pjnath/include -I../.. \
	-c -o output/pjmedia-audiodev-x86_64-pc-linux-gnu/audiotest.o \
	../src/pjmedia-audiodev/audiotest.c 
gcc -Wall -DPJ_AUTOCONF=1 -fPIC -DPJ_IS_BIG_ENDIAN=0 -DPJ_IS_LITTLE_ENDIAN=1    -DPJMEDIA_USE_OLD_FFMPEG=1           -I/home/inrack/src/pjsip-build/pjproject-2.17/third_party/build/speex -I/home/inrack/src/pjsip-build/pjproject-2.17/third_party/speex/include -DPJMEDIA_HAS_OPENCORE_AMRNB_CODEC=0 -DPJMEDIA_HAS_OPENCORE_AMRWB_CODEC=0 -DPJMEDIA_HAS_ANDROID_MEDIACODEC=0 -DPJMEDIA_HAS_LYRA_CODEC=0 -I/home/inrack/src/pjsip-build/pjproject-2.17/third_party/build/srtp -I/home/inrack/src/pjsip-build/pjproject-2.17/third_party/srtp/crypto/include -I/home/inrack/src/pjsip-build/pjproject-2.17/third_party/srtp/include -DPJMEDIA_RESAMPLE_IMP=PJMEDIA_RESAMPLE_LIBRESAMPLE -DPJMEDIA_HAS_LIBYUV=1 -I/home/inrack/src/pjsip-build/pjproject-2.17/third_party/yuv/include -DPJMEDIA_HAS_WEBRTC_AEC=1 -I/home/inrack/src/pjsip-build/pjproject-2.17/third_party/webrtc/src -DPJMEDIA_HAS_WEBRTC_AEC3=0 -DPJMEDIA_AUDIO_DEV_HAS_WMME=0 -DPJMEDIA_AUDIO_DEV_HAS_PORTAUDIO=0 -DPJMEDIA_AUDIO_DEV_HAS_WMME=0 -I../include -I../../pjlib/include -I../../pjlib-util/include -I../../pjmedia/include -I../../pjnath/include -I../..     -I/home/inrack/src/pjsip-build/pjproject-2.17/third_party \
	-c -o output/pjmedia-codec-x86_64-pc-linux-gnu/audio_codecs.o \
	../src/pjmedia-codec/audio_codecs.c 
gcc -Wall -DPJ_AUTOCONF=1 -fPIC -DPJ_IS_BIG_ENDIAN=0 -DPJ_IS_LITTLE_ENDIAN=1    -DPJMEDIA_USE_OLD_FFMPEG=1           -I/home/inrack/src/pjsip-build/pjproject-2.17/third_party/build/speex -I/home/inrack/src/pjsip-build/pjproject-2.17/third_party/speex/include -DPJMEDIA_HAS_OPENCORE_AMRNB_CODEC=0 -DPJMEDIA_HAS_OPENCORE_AMRWB_CODEC=0 -DPJMEDIA_HAS_ANDROID_MEDIACODEC=0 -DPJMEDIA_HAS_LYRA_CODEC=0 -I/home/inrack/src/pjsip-build/pjproject-2.17/third_party/build/srtp -I/home/inrack/src/pjsip-build/pjproject-2.17/third_party/srtp/crypto/include -I/home/inrack/src/pjsip-build/pjproject-2.17/third_party/srtp/include -DPJMEDIA_RESAMPLE_IMP=PJMEDIA_RESAMPLE_LIBRESAMPLE -DPJMEDIA_HAS_LIBYUV=1 -I/home/inrack/src/pjsip-build/pjproject-2.17/third_party/yuv/include -DPJMEDIA_HAS_WEBRTC_AEC=1 -I/home/inrack/src/pjsip-build/pjproject-2.17/third_party/webrtc/src -DPJMEDIA_HAS_WEBRTC_AEC3=0 -DPJMEDIA_AUDIO_DEV_HAS_WMME=0 -DPJMEDIA_AUDIO_DEV_HAS_PORTAUDIO=0 -DPJMEDIA_AUDIO_DEV_HAS_WMME=0 -I../include -I../../pjlib/include -I../../pjlib-util/include -I../../pjmedia/include -I../../pjnath/include -I../..     -I/home/inrack/src/pjsip-build/pjproject-2.17/third_party \
	-c -o output/pjmedia-codec-x86_64-pc-linux-gnu/ffmpeg_vid_codecs.o \
	../src/pjmedia-codec/ffmpeg_vid_codecs.c 
gcc -Wall -DPJ_AUTOCONF=1 -fPIC -DPJ_IS_BIG_ENDIAN=0 -DPJ_IS_LITTLE_ENDIAN=1    -DPJMEDIA_USE_OLD_FFMPEG=1           -I/home/inrack/src/pjsip-build/pjproject-2.17/third_party/build/speex -I/home/inrack/src/pjsip-build/pjproject-2.17/third_party/speex/include -DPJMEDIA_HAS_OPENCORE_AMRNB_CODEC=0 -DPJMEDIA_HAS_OPENCORE_AMRWB_CODEC=0 -DPJMEDIA_HAS_ANDROID_MEDIACODEC=0 -DPJMEDIA_HAS_LYRA_CODEC=0 -I/home/inrack/src/pjsip-build/pjproject-2.17/third_party/build/srtp -I/home/inrack/src/pjsip-build/pjproject-2.17/third_party/srtp/crypto/include -I/home/inrack/src/pjsip-build/pjproject-2.17/third_party/srtp/include -DPJMEDIA_RESAMPLE_IMP=PJMEDIA_RESAMPLE_LIBRESAMPLE -DPJMEDIA_HAS_LIBYUV=1 -I/home/inrack/src/pjsip-build/pjproject-2.17/third_party/yuv/include -DPJMEDIA_HAS_WEBRTC_AEC=1 -I/home/inrack/src/pjsip-build/pjproject-2.17/third_party/webrtc/src -DPJMEDIA_HAS_WEBRTC_AEC3=0 -DPJMEDIA_AUDIO_DEV_HAS_WMME=0 -DPJMEDIA_AUDIO_DEV_HAS_PORTAUDIO=0 -DPJMEDIA_AUDIO_DEV_HAS_WMME=0 -I../include -I../../pjlib/include -I../../pjlib-util/include -I../../pjmedia/include -I../../pjnath/include -I../.. \
	-c -o output/pjmedia-audiodev-x86_64-pc-linux-gnu/errno.o \
	../src/pjmedia-audiodev/errno.c 
In file included from ../include/pjmedia/config.h:26,
                 from ../include/pjmedia/types.h:27,
                 from ../include/pjmedia/sdp.h:26,
                 from ../include/pjmedia/sdp_neg.h:260,
                 from ../src/pjmedia/sdp_neg.c:19:
../src/pjmedia/sdp_neg.c: In function ‘process_m_answer’:
../../pjlib/include/pj/config.h:1617:29: warning: label ‘TODO___CHECK_SDP_NEGOTIATION_WHEN_ASYMETRIC_MEDIA_IS_ALLOWED’ defined but not used [-Wunused-label]
 1617 | #  define PJ_TODO(id)       TODO___##id:
      |                             ^~~~~~~
../src/pjmedia/sdp_neg.c:855:9: note: in expansion of macro ‘PJ_TODO’
  855 |         PJ_TODO(CHECK_SDP_NEGOTIATION_WHEN_ASYMETRIC_MEDIA_IS_ALLOWED);
      |         ^~~~~~~
gcc -Wall -DPJ_AUTOCONF=1 -fPIC -DPJ_IS_BIG_ENDIAN=0 -DPJ_IS_LITTLE_ENDIAN=1    -DPJMEDIA_USE_OLD_FFMPEG=1           -I/home/inrack/src/pjsip-build/pjproject-2.17/third_party/build/speex -I/home/inrack/src/pjsip-build/pjproject-2.17/third_party/speex/include -DPJMEDIA_HAS_OPENCORE_AMRNB_CODEC=0 -DPJMEDIA_HAS_OPENCORE_AMRWB_CODEC=0 -DPJMEDIA_HAS_ANDROID_MEDIACODEC=0 -DPJMEDIA_HAS_LYRA_CODEC=0 -I/home/inrack/src/pjsip-build/pjproject-2.17/third_party/build/srtp -I/home/inrack/src/pjsip-build/pjproject-2.17/third_party/srtp/crypto/include -I/home/inrack/src/pjsip-build/pjproject-2.17/third_party/srtp/include -DPJMEDIA_RESAMPLE_IMP=PJMEDIA_RESAMPLE_LIBRESAMPLE -DPJMEDIA_HAS_LIBYUV=1 -I/home/inrack/src/pjsip-build/pjproject-2.17/third_party/yuv/include -DPJMEDIA_HAS_WEBRTC_AEC=1 -I/home/inrack/src/pjsip-build/pjproject-2.17/third_party/webrtc/src -DPJMEDIA_HAS_WEBRTC_AEC3=0 -DPJMEDIA_AUDIO_DEV_HAS_WMME=0 -DPJMEDIA_AUDIO_DEV_HAS_PORTAUDIO=0 -DPJMEDIA_AUDIO_DEV_HAS_WMME=0 -I../include -I../../pjlib/include -I../../pjlib-util/include -I../../pjmedia/include -I../../pjnath/include -I../.. \
	-c -o output/pjmedia-videodev-x86_64-pc-linux-gnu/videodev.o \
	../src/pjmedia-videodev/videodev.c 
gcc -Wall -DPJ_AUTOCONF=1 -fPIC -DPJ_IS_BIG_ENDIAN=0 -DPJ_IS_LITTLE_ENDIAN=1    -DPJMEDIA_USE_OLD_FFMPEG=1           -I/home/inrack/src/pjsip-build/pjproject-2.17/third_party/build/speex -I/home/inrack/src/pjsip-build/pjproject-2.17/third_party/speex/include -DPJMEDIA_HAS_OPENCORE_AMRNB_CODEC=0 -DPJMEDIA_HAS_OPENCORE_AMRWB_CODEC=0 -DPJMEDIA_HAS_ANDROID_MEDIACODEC=0 -DPJMEDIA_HAS_LYRA_CODEC=0 -I/home/inrack/src/pjsip-build/pjproject-2.17/third_party/build/srtp -I/home/inrack/src/pjsip-build/pjproject-2.17/third_party/srtp/crypto/include -I/home/inrack/src/pjsip-build/pjproject-2.17/third_party/srtp/include -DPJMEDIA_RESAMPLE_IMP=PJMEDIA_RESAMPLE_LIBRESAMPLE -DPJMEDIA_HAS_LIBYUV=1 -I/home/inrack/src/pjsip-build/pjproject-2.17/third_party/yuv/include -DPJMEDIA_HAS_WEBRTC_AEC=1 -I/home/inrack/src/pjsip-build/pjproject-2.17/third_party/webrtc/src -DPJMEDIA_HAS_WEBRTC_AEC3=0 -DPJMEDIA_AUDIO_DEV_HAS_WMME=0 -DPJMEDIA_AUDIO_DEV_HAS_PORTAUDIO=0 -DPJMEDIA_AUDIO_DEV_HAS_WMME=0 -I../include -I../../pjlib/include -I../../pjlib-util/include -I../../pjmedia/include -I../../pjnath/include -I../.. \
	-c -o output/pjmedia-videodev-x86_64-pc-linux-gnu/errno.o \
	../src/pjmedia-videodev/errno.c 
g++  -DPJ_AUTOCONF=1 -fPIC    -Wall -DPJ_AUTOCONF=1 -fPIC -DPJ_IS_BIG_ENDIAN=0 -DPJ_IS_LITTLE_ENDIAN=1    -DPJMEDIA_USE_OLD_FFMPEG=1           -I/home/inrack/src/pjsip-build/pjproject-2.17/third_party/build/speex -I/home/inrack/src/pjsip-build/pjproject-2.17/third_party/speex/include -DPJMEDIA_HAS_OPENCORE_AMRNB_CODEC=0 -DPJMEDIA_HAS_OPENCORE_AMRWB_CODEC=0 -DPJMEDIA_HAS_ANDROID_MEDIACODEC=0 -DPJMEDIA_HAS_LYRA_CODEC=0 -I/home/inrack/src/pjsip-build/pjproject-2.17/third_party/build/srtp -I/home/inrack/src/pjsip-build/pjproject-2.17/third_party/srtp/crypto/include -I/home/inrack/src/pjsip-build/pjproject-2.17/third_party/srtp/include -DPJMEDIA_RESAMPLE_IMP=PJMEDIA_RESAMPLE_LIBRESAMPLE -DPJMEDIA_HAS_LIBYUV=1 -I/home/inrack/src/pjsip-build/pjproject-2.17/third_party/yuv/include -DPJMEDIA_HAS_WEBRTC_AEC=1 -I/home/inrack/src/pjsip-build/pjproject-2.17/third_party/webrtc/src -DPJMEDIA_HAS_WEBRTC_AEC3=0 -DPJMEDIA_AUDIO_DEV_HAS_WMME=0 -DPJMEDIA_AUDIO_DEV_HAS_PORTAUDIO=0 -DPJMEDIA_AUDIO_DEV_HAS_WMME=0 -I../include -I../../pjlib/include -I../../pjlib-util/include -I../../pjmedia/include -I../../pjnath/include -I../..      -I/home/inrack/src/pjsip-build/pjproject-2.17/third_party \
	-c -o output/pjmedia-codec-x86_64-pc-linux-gnu/openh264.o \
	../src/pjmedia-codec/openh264.cpp
gcc -Wall -DPJ_AUTOCONF=1 -fPIC -DPJ_IS_BIG_ENDIAN=0 -DPJ_IS_LITTLE_ENDIAN=1    -DPJMEDIA_USE_OLD_FFMPEG=1           -I/home/inrack/src/pjsip-build/pjproject-2.17/third_party/build/speex -I/home/inrack/src/pjsip-build/pjproject-2.17/third_party/speex/include -DPJMEDIA_HAS_OPENCORE_AMRNB_CODEC=0 -DPJMEDIA_HAS_OPENCORE_AMRWB_CODEC=0 -DPJMEDIA_HAS_ANDROID_MEDIACODEC=0 -DPJMEDIA_HAS_LYRA_CODEC=0 -I/home/inrack/src/pjsip-build/pjproject-2.17/third_party/build/srtp -I/home/inrack/src/pjsip-build/pjproject-2.17/third_party/srtp/crypto/include -I/home/inrack/src/pjsip-build/pjproject-2.17/third_party/srtp/include -DPJMEDIA_RESAMPLE_IMP=PJMEDIA_RESAMPLE_LIBRESAMPLE -DPJMEDIA_HAS_LIBYUV=1 -I/home/inrack/src/pjsip-build/pjproject-2.17/third_party/yuv/include -DPJMEDIA_HAS_WEBRTC_AEC=1 -I/home/inrack/src/pjsip-build/pjproject-2.17/third_party/webrtc/src -DPJMEDIA_HAS_WEBRTC_AEC3=0 -DPJMEDIA_AUDIO_DEV_HAS_WMME=0 -DPJMEDIA_AUDIO_DEV_HAS_PORTAUDIO=0 -DPJMEDIA_AUDIO_DEV_HAS_WMME=0 -I../include -I../../pjlib/include -I../../pjlib-util/include -I../../pjmedia/include -I../../pjnath/include -I../..     -I/home/inrack/src/pjsip-build/pjproject-2.17/third_party \
	-c -o output/pjmedia-codec-x86_64-pc-linux-gnu/h263_packetizer.o \
	../src/pjmedia-codec/h263_packetizer.c 
gcc -Wall -DPJ_AUTOCONF=1 -fPIC -DPJ_IS_BIG_ENDIAN=0 -DPJ_IS_LITTLE_ENDIAN=1    -DPJMEDIA_USE_OLD_FFMPEG=1           -I/home/inrack/src/pjsip-build/pjproject-2.17/third_party/build/speex -I/home/inrack/src/pjsip-build/pjproject-2.17/third_party/speex/include -DPJMEDIA_HAS_OPENCORE_AMRNB_CODEC=0 -DPJMEDIA_HAS_OPENCORE_AMRWB_CODEC=0 -DPJMEDIA_HAS_ANDROID_MEDIACODEC=0 -DPJMEDIA_HAS_LYRA_CODEC=0 -I/home/inrack/src/pjsip-build/pjproject-2.17/third_party/build/srtp -I/home/inrack/src/pjsip-build/pjproject-2.17/third_party/srtp/crypto/include -I/home/inrack/src/pjsip-build/pjproject-2.17/third_party/srtp/include -DPJMEDIA_RESAMPLE_IMP=PJMEDIA_RESAMPLE_LIBRESAMPLE -DPJMEDIA_HAS_LIBYUV=1 -I/home/inrack/src/pjsip-build/pjproject-2.17/third_party/yuv/include -DPJMEDIA_HAS_WEBRTC_AEC=1 -I/home/inrack/src/pjsip-build/pjproject-2.17/third_party/webrtc/src -DPJMEDIA_HAS_WEBRTC_AEC3=0 -DPJMEDIA_AUDIO_DEV_HAS_WMME=0 -DPJMEDIA_AUDIO_DEV_HAS_PORTAUDIO=0 -DPJMEDIA_AUDIO_DEV_HAS_WMME=0 -I../include -I../../pjlib/include -I../../pjlib-util/include -I../../pjmedia/include -I../../pjnath/include -I../..     -I/home/inrack/src/pjsip-build/pjproject-2.17/third_party \
	-c -o output/pjmedia-codec-x86_64-pc-linux-gnu/h264_packetizer.o \
	../src/pjmedia-codec/h264_packetizer.c 
gcc -Wall -DPJ_AUTOCONF=1 -fPIC -DPJ_IS_BIG_ENDIAN=0 -DPJ_IS_LITTLE_ENDIAN=1    -DPJMEDIA_USE_OLD_FFMPEG=1           -I/home/inrack/src/pjsip-build/pjproject-2.17/third_party/build/speex -I/home/inrack/src/pjsip-build/pjproject-2.17/third_party/speex/include -DPJMEDIA_HAS_OPENCORE_AMRNB_CODEC=0 -DPJMEDIA_HAS_OPENCORE_AMRWB_CODEC=0 -DPJMEDIA_HAS_ANDROID_MEDIACODEC=0 -DPJMEDIA_HAS_LYRA_CODEC=0 -I/home/inrack/src/pjsip-build/pjproject-2.17/third_party/build/srtp -I/home/inrack/src/pjsip-build/pjproject-2.17/third_party/srtp/crypto/include -I/home/inrack/src/pjsip-build/pjproject-2.17/third_party/srtp/include -DPJMEDIA_RESAMPLE_IMP=PJMEDIA_RESAMPLE_LIBRESAMPLE -DPJMEDIA_HAS_LIBYUV=1 -I/home/inrack/src/pjsip-build/pjproject-2.17/third_party/yuv/include -DPJMEDIA_HAS_WEBRTC_AEC=1 -I/home/inrack/src/pjsip-build/pjproject-2.17/third_party/webrtc/src -DPJMEDIA_HAS_WEBRTC_AEC3=0 -DPJMEDIA_AUDIO_DEV_HAS_WMME=0 -DPJMEDIA_AUDIO_DEV_HAS_PORTAUDIO=0 -DPJMEDIA_AUDIO_DEV_HAS_WMME=0 -I../include -I../../pjlib/include -I../../pjlib-util/include -I../../pjmedia/include -I../../pjnath/include -I../.. \
	-c -o output/pjmedia-videodev-x86_64-pc-linux-gnu/avi_dev.o \
	../src/pjmedia-videodev/avi_dev.c 
gcc -Wall -DPJ_AUTOCONF=1 -fPIC -DPJ_IS_BIG_ENDIAN=0 -DPJ_IS_LITTLE_ENDIAN=1    -DPJMEDIA_USE_OLD_FFMPEG=1           -I/home/inrack/src/pjsip-build/pjproject-2.17/third_party/build/speex -I/home/inrack/src/pjsip-build/pjproject-2.17/third_party/speex/include -DPJMEDIA_HAS_OPENCORE_AMRNB_CODEC=0 -DPJMEDIA_HAS_OPENCORE_AMRWB_CODEC=0 -DPJMEDIA_HAS_ANDROID_MEDIACODEC=0 -DPJMEDIA_HAS_LYRA_CODEC=0 -I/home/inrack/src/pjsip-build/pjproject-2.17/third_party/build/srtp -I/home/inrack/src/pjsip-build/pjproject-2.17/third_party/srtp/crypto/include -I/home/inrack/src/pjsip-build/pjproject-2.17/third_party/srtp/include -DPJMEDIA_RESAMPLE_IMP=PJMEDIA_RESAMPLE_LIBRESAMPLE -DPJMEDIA_HAS_LIBYUV=1 -I/home/inrack/src/pjsip-build/pjproject-2.17/third_party/yuv/include -DPJMEDIA_HAS_WEBRTC_AEC=1 -I/home/inrack/src/pjsip-build/pjproject-2.17/third_party/webrtc/src -DPJMEDIA_HAS_WEBRTC_AEC3=0 -DPJMEDIA_AUDIO_DEV_HAS_WMME=0 -DPJMEDIA_AUDIO_DEV_HAS_PORTAUDIO=0 -DPJMEDIA_AUDIO_DEV_HAS_WMME=0 -I../include -I../../pjlib/include -I../../pjlib-util/include -I../../pjmedia/include -I../../pjnath/include -I../..     -I/home/inrack/src/pjsip-build/pjproject-2.17/third_party \
	-c -o output/pjmedia-codec-x86_64-pc-linux-gnu/vpx_packetizer.o \
	../src/pjmedia-codec/vpx_packetizer.c 
gcc -Wall -DPJ_AUTOCONF=1 -fPIC -DPJ_IS_BIG_ENDIAN=0 -DPJ_IS_LITTLE_ENDIAN=1    -DPJMEDIA_USE_OLD_FFMPEG=1           -I/home/inrack/src/pjsip-build/pjproject-2.17/third_party/build/speex -I/home/inrack/src/pjsip-build/pjproject-2.17/third_party/speex/include -DPJMEDIA_HAS_OPENCORE_AMRNB_CODEC=0 -DPJMEDIA_HAS_OPENCORE_AMRWB_CODEC=0 -DPJMEDIA_HAS_ANDROID_MEDIACODEC=0 -DPJMEDIA_HAS_LYRA_CODEC=0 -I/home/inrack/src/pjsip-build/pjproject-2.17/third_party/build/srtp -I/home/inrack/src/pjsip-build/pjproject-2.17/third_party/srtp/crypto/include -I/home/inrack/src/pjsip-build/pjproject-2.17/third_party/srtp/include -DPJMEDIA_RESAMPLE_IMP=PJMEDIA_RESAMPLE_LIBRESAMPLE -DPJMEDIA_HAS_LIBYUV=1 -I/home/inrack/src/pjsip-build/pjproject-2.17/third_party/yuv/include -DPJMEDIA_HAS_WEBRTC_AEC=1 -I/home/inrack/src/pjsip-build/pjproject-2.17/third_party/webrtc/src -DPJMEDIA_HAS_WEBRTC_AEC3=0 -DPJMEDIA_AUDIO_DEV_HAS_WMME=0 -DPJMEDIA_AUDIO_DEV_HAS_PORTAUDIO=0 -DPJMEDIA_AUDIO_DEV_HAS_WMME=0 -I../include -I../../pjlib/include -I../../pjlib-util/include -I../../pjmedia/include -I../../pjnath/include -I../.. \
	-c -o output/pjmedia-audiodev-x86_64-pc-linux-gnu/legacy_dev.o \
	../src/pjmedia-audiodev/legacy_dev.c 
gcc -Wall -DPJ_AUTOCONF=1 -fPIC -DPJ_IS_BIG_ENDIAN=0 -DPJ_IS_LITTLE_ENDIAN=1    -DPJMEDIA_USE_OLD_FFMPEG=1           -I/home/inrack/src/pjsip-build/pjproject-2.17/third_party/build/speex -I/home/inrack/src/pjsip-build/pjproject-2.17/third_party/speex/include -DPJMEDIA_HAS_OPENCORE_AMRNB_CODEC=0 -DPJMEDIA_HAS_OPENCORE_AMRWB_CODEC=0 -DPJMEDIA_HAS_ANDROID_MEDIACODEC=0 -DPJMEDIA_HAS_LYRA_CODEC=0 -I/home/inrack/src/pjsip-build/pjproject-2.17/third_party/build/srtp -I/home/inrack/src/pjsip-build/pjproject-2.17/third_party/srtp/crypto/include -I/home/inrack/src/pjsip-build/pjproject-2.17/third_party/srtp/include -DPJMEDIA_RESAMPLE_IMP=PJMEDIA_RESAMPLE_LIBRESAMPLE -DPJMEDIA_HAS_LIBYUV=1 -I/home/inrack/src/pjsip-build/pjproject-2.17/third_party/yuv/include -DPJMEDIA_HAS_WEBRTC_AEC=1 -I/home/inrack/src/pjsip-build/pjproject-2.17/third_party/webrtc/src -DPJMEDIA_HAS_WEBRTC_AEC3=0 -DPJMEDIA_AUDIO_DEV_HAS_WMME=0 -DPJMEDIA_AUDIO_DEV_HAS_PORTAUDIO=0 -DPJMEDIA_AUDIO_DEV_HAS_WMME=0 -I../include -I../../pjlib/include -I../../pjlib-util/include -I../../pjmedia/include -I../../pjnath/include -I../.. \
	-c -o output/pjmedia-videodev-x86_64-pc-linux-gnu/ffmpeg_dev.o \
	../src/pjmedia-videodev/ffmpeg_dev.c 
gcc -Wall -DPJ_AUTOCONF=1 -fPIC -DPJ_IS_BIG_ENDIAN=0 -DPJ_IS_LITTLE_ENDIAN=1    -DPJMEDIA_USE_OLD_FFMPEG=1           -I/home/inrack/src/pjsip-build/pjproject-2.17/third_party/build/speex -I/home/inrack/src/pjsip-build/pjproject-2.17/third_party/speex/include -DPJMEDIA_HAS_OPENCORE_AMRNB_CODEC=0 -DPJMEDIA_HAS_OPENCORE_AMRWB_CODEC=0 -DPJMEDIA_HAS_ANDROID_MEDIACODEC=0 -DPJMEDIA_HAS_LYRA_CODEC=0 -I/home/inrack/src/pjsip-build/pjproject-2.17/third_party/build/srtp -I/home/inrack/src/pjsip-build/pjproject-2.17/third_party/srtp/crypto/include -I/home/inrack/src/pjsip-build/pjproject-2.17/third_party/srtp/include -DPJMEDIA_RESAMPLE_IMP=PJMEDIA_RESAMPLE_LIBRESAMPLE -DPJMEDIA_HAS_LIBYUV=1 -I/home/inrack/src/pjsip-build/pjproject-2.17/third_party/yuv/include -DPJMEDIA_HAS_WEBRTC_AEC=1 -I/home/inrack/src/pjsip-build/pjproject-2.17/third_party/webrtc/src -DPJMEDIA_HAS_WEBRTC_AEC3=0 -DPJMEDIA_AUDIO_DEV_HAS_WMME=0 -DPJMEDIA_AUDIO_DEV_HAS_PORTAUDIO=0 -DPJMEDIA_AUDIO_DEV_HAS_WMME=0 -I../include -I../../pjlib/include -I../../pjlib-util/include -I../../pjmedia/include -I../../pjnath/include -I../.. \
	-c -o output/pjmedia-audiodev-x86_64-pc-linux-gnu/null_dev.o \
	../src/pjmedia-audiodev/null_dev.c 
gcc -Wall -DPJ_AUTOCONF=1 -fPIC -DPJ_IS_BIG_ENDIAN=0 -DPJ_IS_LITTLE_ENDIAN=1    -DPJMEDIA_USE_OLD_FFMPEG=1           -I/home/inrack/src/pjsip-build/pjproject-2.17/third_party/build/speex -I/home/inrack/src/pjsip-build/pjproject-2.17/third_party/speex/include -DPJMEDIA_HAS_OPENCORE_AMRNB_CODEC=0 -DPJMEDIA_HAS_OPENCORE_AMRWB_CODEC=0 -DPJMEDIA_HAS_ANDROID_MEDIACODEC=0 -DPJMEDIA_HAS_LYRA_CODEC=0 -I/home/inrack/src/pjsip-build/pjproject-2.17/third_party/build/srtp -I/home/inrack/src/pjsip-build/pjproject-2.17/third_party/srtp/crypto/include -I/home/inrack/src/pjsip-build/pjproject-2.17/third_party/srtp/include -DPJMEDIA_RESAMPLE_IMP=PJMEDIA_RESAMPLE_LIBRESAMPLE -DPJMEDIA_HAS_LIBYUV=1 -I/home/inrack/src/pjsip-build/pjproject-2.17/third_party/yuv/include -DPJMEDIA_HAS_WEBRTC_AEC=1 -I/home/inrack/src/pjsip-build/pjproject-2.17/third_party/webrtc/src -DPJMEDIA_HAS_WEBRTC_AEC3=0 -DPJMEDIA_AUDIO_DEV_HAS_WMME=0 -DPJMEDIA_AUDIO_DEV_HAS_PORTAUDIO=0 -DPJMEDIA_AUDIO_DEV_HAS_WMME=0 -I../include -I../../pjlib/include -I../../pjlib-util/include -I../../pjmedia/include -I../../pjnath/include -I../.. \
	-c -o output/pjmedia-audiodev-x86_64-pc-linux-gnu/pa_dev.o \
	../src/pjmedia-audiodev/pa_dev.c 
gcc -Wall -DPJ_AUTOCONF=1 -fPIC -DPJ_IS_BIG_ENDIAN=0 -DPJ_IS_LITTLE_ENDIAN=1    -DPJMEDIA_USE_OLD_FFMPEG=1           -I/home/inrack/src/pjsip-build/pjproject-2.17/third_party/build/speex -I/home/inrack/src/pjsip-build/pjproject-2.17/third_party/speex/include -DPJMEDIA_HAS_OPENCORE_AMRNB_CODEC=0 -DPJMEDIA_HAS_OPENCORE_AMRWB_CODEC=0 -DPJMEDIA_HAS_ANDROID_MEDIACODEC=0 -DPJMEDIA_HAS_LYRA_CODEC=0 -I/home/inrack/src/pjsip-build/pjproject-2.17/third_party/build/srtp -I/home/inrack/src/pjsip-build/pjproject-2.17/third_party/srtp/crypto/include -I/home/inrack/src/pjsip-build/pjproject-2.17/third_party/srtp/include -DPJMEDIA_RESAMPLE_IMP=PJMEDIA_RESAMPLE_LIBRESAMPLE -DPJMEDIA_HAS_LIBYUV=1 -I/home/inrack/src/pjsip-build/pjproject-2.17/third_party/yuv/include -DPJMEDIA_HAS_WEBRTC_AEC=1 -I/home/inrack/src/pjsip-build/pjproject-2.17/third_party/webrtc/src -DPJMEDIA_HAS_WEBRTC_AEC3=0 -DPJMEDIA_AUDIO_DEV_HAS_WMME=0 -DPJMEDIA_AUDIO_DEV_HAS_PORTAUDIO=0 -DPJMEDIA_AUDIO_DEV_HAS_WMME=0 -I../include -I../../pjlib/include -I../../pjlib-util/include -I../../pjmedia/include -I../../pjnath/include -I../.. \
	-c -o output/pjmedia-videodev-x86_64-pc-linux-gnu/colorbar_dev.o \
	../src/pjmedia-videodev/colorbar_dev.c 
if test ! -d ../lib; then mkdir -p ../lib; fi
ar rv ../lib/libpjsdp-x86_64-pc-linux-gnu.a  output/pjsdp-x86_64-pc-linux-gnu/errno.o  output/pjsdp-x86_64-pc-linux-gnu/sdp.o  output/pjsdp-x86_64-pc-linux-gnu/sdp_cmp.o  output/pjsdp-x86_64-pc-linux-gnu/sdp_neg.o
ar: creating ../lib/libpjsdp-x86_64-pc-linux-gnu.a
gcc -Wall -DPJ_AUTOCONF=1 -fPIC -DPJ_IS_BIG_ENDIAN=0 -DPJ_IS_LITTLE_ENDIAN=1    -DPJMEDIA_USE_OLD_FFMPEG=1           -I/home/inrack/src/pjsip-build/pjproject-2.17/third_party/build/speex -I/home/inrack/src/pjsip-build/pjproject-2.17/third_party/speex/include -DPJMEDIA_HAS_OPENCORE_AMRNB_CODEC=0 -DPJMEDIA_HAS_OPENCORE_AMRWB_CODEC=0 -DPJMEDIA_HAS_ANDROID_MEDIACODEC=0 -DPJMEDIA_HAS_LYRA_CODEC=0 -I/home/inrack/src/pjsip-build/pjproject-2.17/third_party/build/srtp -I/home/inrack/src/pjsip-build/pjproject-2.17/third_party/srtp/crypto/include -I/home/inrack/src/pjsip-build/pjproject-2.17/third_party/srtp/include -DPJMEDIA_RESAMPLE_IMP=PJMEDIA_RESAMPLE_LIBRESAMPLE -DPJMEDIA_HAS_LIBYUV=1 -I/home/inrack/src/pjsip-build/pjproject-2.17/third_party/yuv/include -DPJMEDIA_HAS_WEBRTC_AEC=1 -I/home/inrack/src/pjsip-build/pjproject-2.17/third_party/webrtc/src -DPJMEDIA_HAS_WEBRTC_AEC3=0 -DPJMEDIA_AUDIO_DEV_HAS_WMME=0 -DPJMEDIA_AUDIO_DEV_HAS_PORTAUDIO=0 -DPJMEDIA_AUDIO_DEV_HAS_WMME=0 -I../include -I../../pjlib/include -I../../pjlib-util/include -I../../pjmedia/include -I../../pjnath/include -I../..     -I/home/inrack/src/pjsip-build/pjproject-2.17/third_party \
	-c -o output/pjmedia-codec-x86_64-pc-linux-gnu/ipp_codecs.o \
	../src/pjmedia-codec/ipp_codecs.c 
a - output/pjsdp-x86_64-pc-linux-gnu/errno.o
a - output/pjsdp-x86_64-pc-linux-gnu/sdp.o
a - output/pjsdp-x86_64-pc-linux-gnu/sdp_cmp.o
a - output/pjsdp-x86_64-pc-linux-gnu/sdp_neg.o
ranlib ../lib/libpjsdp-x86_64-pc-linux-gnu.a
gcc -Wall -DPJ_AUTOCONF=1 -fPIC -DPJ_IS_BIG_ENDIAN=0 -DPJ_IS_LITTLE_ENDIAN=1    -DPJMEDIA_USE_OLD_FFMPEG=1           -I/home/inrack/src/pjsip-build/pjproject-2.17/third_party/build/speex -I/home/inrack/src/pjsip-build/pjproject-2.17/third_party/speex/include -DPJMEDIA_HAS_OPENCORE_AMRNB_CODEC=0 -DPJMEDIA_HAS_OPENCORE_AMRWB_CODEC=0 -DPJMEDIA_HAS_ANDROID_MEDIACODEC=0 -DPJMEDIA_HAS_LYRA_CODEC=0 -I/home/inrack/src/pjsip-build/pjproject-2.17/third_party/build/srtp -I/home/inrack/src/pjsip-build/pjproject-2.17/third_party/srtp/crypto/include -I/home/inrack/src/pjsip-build/pjproject-2.17/third_party/srtp/include -DPJMEDIA_RESAMPLE_IMP=PJMEDIA_RESAMPLE_LIBRESAMPLE -DPJMEDIA_HAS_LIBYUV=1 -I/home/inrack/src/pjsip-build/pjproject-2.17/third_party/yuv/include -DPJMEDIA_HAS_WEBRTC_AEC=1 -I/home/inrack/src/pjsip-build/pjproject-2.17/third_party/webrtc/src -DPJMEDIA_HAS_WEBRTC_AEC3=0 -DPJMEDIA_AUDIO_DEV_HAS_WMME=0 -DPJMEDIA_AUDIO_DEV_HAS_PORTAUDIO=0 -DPJMEDIA_AUDIO_DEV_HAS_WMME=0 -I../include -I../../pjlib/include -I../../pjlib-util/include -I../../pjmedia/include -I../../pjnath/include -I../..     -I/home/inrack/src/pjsip-build/pjproject-2.17/third_party \
	-c -o output/pjmedia-codec-x86_64-pc-linux-gnu/silk.o \
	../src/pjmedia-codec/silk.c 
make[2]: Leaving directory '/home/inrack/src/pjsip-build/pjproject-2.17/pjmedia/build'
gcc -Wall -DPJ_AUTOCONF=1 -fPIC -DPJ_IS_BIG_ENDIAN=0 -DPJ_IS_LITTLE_ENDIAN=1    -DPJMEDIA_USE_OLD_FFMPEG=1           -I/home/inrack/src/pjsip-build/pjproject-2.17/third_party/build/speex -I/home/inrack/src/pjsip-build/pjproject-2.17/third_party/speex/include -DPJMEDIA_HAS_OPENCORE_AMRNB_CODEC=0 -DPJMEDIA_HAS_OPENCORE_AMRWB_CODEC=0 -DPJMEDIA_HAS_ANDROID_MEDIACODEC=0 -DPJMEDIA_HAS_LYRA_CODEC=0 -I/home/inrack/src/pjsip-build/pjproject-2.17/third_party/build/srtp -I/home/inrack/src/pjsip-build/pjproject-2.17/third_party/srtp/crypto/include -I/home/inrack/src/pjsip-build/pjproject-2.17/third_party/srtp/include -DPJMEDIA_RESAMPLE_IMP=PJMEDIA_RESAMPLE_LIBRESAMPLE -DPJMEDIA_HAS_LIBYUV=1 -I/home/inrack/src/pjsip-build/pjproject-2.17/third_party/yuv/include -DPJMEDIA_HAS_WEBRTC_AEC=1 -I/home/inrack/src/pjsip-build/pjproject-2.17/third_party/webrtc/src -DPJMEDIA_HAS_WEBRTC_AEC3=0 -DPJMEDIA_AUDIO_DEV_HAS_WMME=0 -DPJMEDIA_AUDIO_DEV_HAS_PORTAUDIO=0 -DPJMEDIA_AUDIO_DEV_HAS_WMME=0 -I../include -I../../pjlib/include -I../../pjlib-util/include -I../../pjmedia/include -I../../pjnath/include -I../..     -I/home/inrack/src/pjsip-build/pjproject-2.17/third_party \
	-c -o output/pjmedia-codec-x86_64-pc-linux-gnu/opus.o \
	../src/pjmedia-codec/opus.c 
gcc -Wall -DPJ_AUTOCONF=1 -fPIC -DPJ_IS_BIG_ENDIAN=0 -DPJ_IS_LITTLE_ENDIAN=1    -DPJMEDIA_USE_OLD_FFMPEG=1           -I/home/inrack/src/pjsip-build/pjproject-2.17/third_party/build/speex -I/home/inrack/src/pjsip-build/pjproject-2.17/third_party/speex/include -DPJMEDIA_HAS_OPENCORE_AMRNB_CODEC=0 -DPJMEDIA_HAS_OPENCORE_AMRWB_CODEC=0 -DPJMEDIA_HAS_ANDROID_MEDIACODEC=0 -DPJMEDIA_HAS_LYRA_CODEC=0 -I/home/inrack/src/pjsip-build/pjproject-2.17/third_party/build/srtp -I/home/inrack/src/pjsip-build/pjproject-2.17/third_party/srtp/crypto/include -I/home/inrack/src/pjsip-build/pjproject-2.17/third_party/srtp/include -DPJMEDIA_RESAMPLE_IMP=PJMEDIA_RESAMPLE_LIBRESAMPLE -DPJMEDIA_HAS_LIBYUV=1 -I/home/inrack/src/pjsip-build/pjproject-2.17/third_party/yuv/include -DPJMEDIA_HAS_WEBRTC_AEC=1 -I/home/inrack/src/pjsip-build/pjproject-2.17/third_party/webrtc/src -DPJMEDIA_HAS_WEBRTC_AEC3=0 -DPJMEDIA_AUDIO_DEV_HAS_WMME=0 -DPJMEDIA_AUDIO_DEV_HAS_PORTAUDIO=0 -DPJMEDIA_AUDIO_DEV_HAS_WMME=0 -I../include -I../../pjlib/include -I../../pjlib-util/include -I../../pjmedia/include -I../../pjnath/include -I../..     -I/home/inrack/src/pjsip-build/pjproject-2.17/third_party \
	-c -o output/pjmedia-codec-x86_64-pc-linux-gnu/l16.o \
	../src/pjmedia-codec/l16.c 
gcc -Wall -DPJ_AUTOCONF=1 -fPIC -DPJ_IS_BIG_ENDIAN=0 -DPJ_IS_LITTLE_ENDIAN=1    -DPJMEDIA_USE_OLD_FFMPEG=1           -I/home/inrack/src/pjsip-build/pjproject-2.17/third_party/build/speex -I/home/inrack/src/pjsip-build/pjproject-2.17/third_party/speex/include -DPJMEDIA_HAS_OPENCORE_AMRNB_CODEC=0 -DPJMEDIA_HAS_OPENCORE_AMRWB_CODEC=0 -DPJMEDIA_HAS_ANDROID_MEDIACODEC=0 -DPJMEDIA_HAS_LYRA_CODEC=0 -I/home/inrack/src/pjsip-build/pjproject-2.17/third_party/build/srtp -I/home/inrack/src/pjsip-build/pjproject-2.17/third_party/srtp/crypto/include -I/home/inrack/src/pjsip-build/pjproject-2.17/third_party/srtp/include -DPJMEDIA_RESAMPLE_IMP=PJMEDIA_RESAMPLE_LIBRESAMPLE -DPJMEDIA_HAS_LIBYUV=1 -I/home/inrack/src/pjsip-build/pjproject-2.17/third_party/yuv/include -DPJMEDIA_HAS_WEBRTC_AEC=1 -I/home/inrack/src/pjsip-build/pjproject-2.17/third_party/webrtc/src -DPJMEDIA_HAS_WEBRTC_AEC3=0 -DPJMEDIA_AUDIO_DEV_HAS_WMME=0 -DPJMEDIA_AUDIO_DEV_HAS_PORTAUDIO=0 -DPJMEDIA_AUDIO_DEV_HAS_WMME=0 -I../include -I../../pjlib/include -I../../pjlib-util/include -I../../pjmedia/include -I../../pjnath/include -I../.. \
	-c -o output/pjmedia-audiodev-x86_64-pc-linux-gnu/wmme_dev.o \
	../src/pjmedia-audiodev/wmme_dev.c 
gcc -Wall -DPJ_AUTOCONF=1 -fPIC -DPJ_IS_BIG_ENDIAN=0 -DPJ_IS_LITTLE_ENDIAN=1    -DPJMEDIA_USE_OLD_FFMPEG=1           -I/home/inrack/src/pjsip-build/pjproject-2.17/third_party/build/speex -I/home/inrack/src/pjsip-build/pjproject-2.17/third_party/speex/include -DPJMEDIA_HAS_OPENCORE_AMRNB_CODEC=0 -DPJMEDIA_HAS_OPENCORE_AMRWB_CODEC=0 -DPJMEDIA_HAS_ANDROID_MEDIACODEC=0 -DPJMEDIA_HAS_LYRA_CODEC=0 -I/home/inrack/src/pjsip-build/pjproject-2.17/third_party/build/srtp -I/home/inrack/src/pjsip-build/pjproject-2.17/third_party/srtp/crypto/include -I/home/inrack/src/pjsip-build/pjproject-2.17/third_party/srtp/include -DPJMEDIA_RESAMPLE_IMP=PJMEDIA_RESAMPLE_LIBRESAMPLE -DPJMEDIA_HAS_LIBYUV=1 -I/home/inrack/src/pjsip-build/pjproject-2.17/third_party/yuv/include -DPJMEDIA_HAS_WEBRTC_AEC=1 -I/home/inrack/src/pjsip-build/pjproject-2.17/third_party/webrtc/src -DPJMEDIA_HAS_WEBRTC_AEC3=0 -DPJMEDIA_AUDIO_DEV_HAS_WMME=0 -DPJMEDIA_AUDIO_DEV_HAS_PORTAUDIO=0 -DPJMEDIA_AUDIO_DEV_HAS_WMME=0 -I../include -I../../pjlib/include -I../../pjlib-util/include -I../../pjmedia/include -I../../pjnath/include -I../.. \
	-c -o output/pjmedia-videodev-x86_64-pc-linux-gnu/v4l2_dev.o \
	../src/pjmedia-videodev/v4l2_dev.c 
gcc -Wall -DPJ_AUTOCONF=1 -fPIC -DPJ_IS_BIG_ENDIAN=0 -DPJ_IS_LITTLE_ENDIAN=1    -DPJMEDIA_USE_OLD_FFMPEG=1           -I/home/inrack/src/pjsip-build/pjproject-2.17/third_party/build/speex -I/home/inrack/src/pjsip-build/pjproject-2.17/third_party/speex/include -DPJMEDIA_HAS_OPENCORE_AMRNB_CODEC=0 -DPJMEDIA_HAS_OPENCORE_AMRWB_CODEC=0 -DPJMEDIA_HAS_ANDROID_MEDIACODEC=0 -DPJMEDIA_HAS_LYRA_CODEC=0 -I/home/inrack/src/pjsip-build/pjproject-2.17/third_party/build/srtp -I/home/inrack/src/pjsip-build/pjproject-2.17/third_party/srtp/crypto/include -I/home/inrack/src/pjsip-build/pjproject-2.17/third_party/srtp/include -DPJMEDIA_RESAMPLE_IMP=PJMEDIA_RESAMPLE_LIBRESAMPLE -DPJMEDIA_HAS_LIBYUV=1 -I/home/inrack/src/pjsip-build/pjproject-2.17/third_party/yuv/include -DPJMEDIA_HAS_WEBRTC_AEC=1 -I/home/inrack/src/pjsip-build/pjproject-2.17/third_party/webrtc/src -DPJMEDIA_HAS_WEBRTC_AEC3=0 -DPJMEDIA_AUDIO_DEV_HAS_WMME=0 -DPJMEDIA_AUDIO_DEV_HAS_PORTAUDIO=0 -DPJMEDIA_AUDIO_DEV_HAS_WMME=0 -I../include -I../../pjlib/include -I../../pjlib-util/include -I../../pjmedia/include -I../../pjnath/include -I../.. \
	-c -o output/pjmedia-audiodev-x86_64-pc-linux-gnu/alsa_dev.o \
	../src/pjmedia-audiodev/alsa_dev.c 
gcc -Wall -DPJ_AUTOCONF=1 -fPIC -DPJ_IS_BIG_ENDIAN=0 -DPJ_IS_LITTLE_ENDIAN=1    -DPJMEDIA_USE_OLD_FFMPEG=1           -I/home/inrack/src/pjsip-build/pjproject-2.17/third_party/build/speex -I/home/inrack/src/pjsip-build/pjproject-2.17/third_party/speex/include -DPJMEDIA_HAS_OPENCORE_AMRNB_CODEC=0 -DPJMEDIA_HAS_OPENCORE_AMRWB_CODEC=0 -DPJMEDIA_HAS_ANDROID_MEDIACODEC=0 -DPJMEDIA_HAS_LYRA_CODEC=0 -I/home/inrack/src/pjsip-build/pjproject-2.17/third_party/build/srtp -I/home/inrack/src/pjsip-build/pjproject-2.17/third_party/srtp/crypto/include -I/home/inrack/src/pjsip-build/pjproject-2.17/third_party/srtp/include -DPJMEDIA_RESAMPLE_IMP=PJMEDIA_RESAMPLE_LIBRESAMPLE -DPJMEDIA_HAS_LIBYUV=1 -I/home/inrack/src/pjsip-build/pjproject-2.17/third_party/yuv/include -DPJMEDIA_HAS_WEBRTC_AEC=1 -I/home/inrack/src/pjsip-build/pjproject-2.17/third_party/webrtc/src -DPJMEDIA_HAS_WEBRTC_AEC3=0 -DPJMEDIA_AUDIO_DEV_HAS_WMME=0 -DPJMEDIA_AUDIO_DEV_HAS_PORTAUDIO=0 -DPJMEDIA_AUDIO_DEV_HAS_WMME=0 -I../include -I../../pjlib/include -I../../pjlib-util/include -I../../pjmedia/include -I../../pjnath/include -I../..     -I/home/inrack/src/pjsip-build/pjproject-2.17/third_party \
	-c -o output/pjmedia-codec-x86_64-pc-linux-gnu/gsm.o \
	../src/pjmedia-codec/gsm.c 
gcc -Wall -DPJ_AUTOCONF=1 -fPIC -DPJ_IS_BIG_ENDIAN=0 -DPJ_IS_LITTLE_ENDIAN=1    -DPJMEDIA_USE_OLD_FFMPEG=1           -I/home/inrack/src/pjsip-build/pjproject-2.17/third_party/build/speex -I/home/inrack/src/pjsip-build/pjproject-2.17/third_party/speex/include -DPJMEDIA_HAS_OPENCORE_AMRNB_CODEC=0 -DPJMEDIA_HAS_OPENCORE_AMRWB_CODEC=0 -DPJMEDIA_HAS_ANDROID_MEDIACODEC=0 -DPJMEDIA_HAS_LYRA_CODEC=0 -I/home/inrack/src/pjsip-build/pjproject-2.17/third_party/build/srtp -I/home/inrack/src/pjsip-build/pjproject-2.17/third_party/srtp/crypto/include -I/home/inrack/src/pjsip-build/pjproject-2.17/third_party/srtp/include -DPJMEDIA_RESAMPLE_IMP=PJMEDIA_RESAMPLE_LIBRESAMPLE -DPJMEDIA_HAS_LIBYUV=1 -I/home/inrack/src/pjsip-build/pjproject-2.17/third_party/yuv/include -DPJMEDIA_HAS_WEBRTC_AEC=1 -I/home/inrack/src/pjsip-build/pjproject-2.17/third_party/webrtc/src -DPJMEDIA_HAS_WEBRTC_AEC3=0 -DPJMEDIA_AUDIO_DEV_HAS_WMME=0 -DPJMEDIA_AUDIO_DEV_HAS_PORTAUDIO=0 -DPJMEDIA_AUDIO_DEV_HAS_WMME=0 -I../include -I../../pjlib/include -I../../pjlib-util/include -I../../pjmedia/include -I../../pjnath/include -I../..     -I/home/inrack/src/pjsip-build/pjproject-2.17/third_party \
	-c -o output/pjmedia-codec-x86_64-pc-linux-gnu/speex_codec.o \
	../src/pjmedia-codec/speex_codec.c 
gcc -Wall -DPJ_AUTOCONF=1 -fPIC -DPJ_IS_BIG_ENDIAN=0 -DPJ_IS_LITTLE_ENDIAN=1    -DPJMEDIA_USE_OLD_FFMPEG=1           -I/home/inrack/src/pjsip-build/pjproject-2.17/third_party/build/speex -I/home/inrack/src/pjsip-build/pjproject-2.17/third_party/speex/include -DPJMEDIA_HAS_OPENCORE_AMRNB_CODEC=0 -DPJMEDIA_HAS_OPENCORE_AMRWB_CODEC=0 -DPJMEDIA_HAS_ANDROID_MEDIACODEC=0 -DPJMEDIA_HAS_LYRA_CODEC=0 -I/home/inrack/src/pjsip-build/pjproject-2.17/third_party/build/srtp -I/home/inrack/src/pjsip-build/pjproject-2.17/third_party/srtp/crypto/include -I/home/inrack/src/pjsip-build/pjproject-2.17/third_party/srtp/include -DPJMEDIA_RESAMPLE_IMP=PJMEDIA_RESAMPLE_LIBRESAMPLE -DPJMEDIA_HAS_LIBYUV=1 -I/home/inrack/src/pjsip-build/pjproject-2.17/third_party/yuv/include -DPJMEDIA_HAS_WEBRTC_AEC=1 -I/home/inrack/src/pjsip-build/pjproject-2.17/third_party/webrtc/src -DPJMEDIA_HAS_WEBRTC_AEC3=0 -DPJMEDIA_AUDIO_DEV_HAS_WMME=0 -DPJMEDIA_AUDIO_DEV_HAS_PORTAUDIO=0 -DPJMEDIA_AUDIO_DEV_HAS_WMME=0 -I../include -I../../pjlib/include -I../../pjlib-util/include -I../../pjmedia/include -I../../pjnath/include -I../.. \
	-c -o output/pjmedia-audiodev-x86_64-pc-linux-gnu/bb10_dev.o \
	../src/pjmedia-audiodev/bb10_dev.c 
gcc -Wall -DPJ_AUTOCONF=1 -fPIC -DPJ_IS_BIG_ENDIAN=0 -DPJ_IS_LITTLE_ENDIAN=1    -DPJMEDIA_USE_OLD_FFMPEG=1           -I/home/inrack/src/pjsip-build/pjproject-2.17/third_party/build/speex -I/home/inrack/src/pjsip-build/pjproject-2.17/third_party/speex/include -DPJMEDIA_HAS_OPENCORE_AMRNB_CODEC=0 -DPJMEDIA_HAS_OPENCORE_AMRWB_CODEC=0 -DPJMEDIA_HAS_ANDROID_MEDIACODEC=0 -DPJMEDIA_HAS_LYRA_CODEC=0 -I/home/inrack/src/pjsip-build/pjproject-2.17/third_party/build/srtp -I/home/inrack/src/pjsip-build/pjproject-2.17/third_party/srtp/crypto/include -I/home/inrack/src/pjsip-build/pjproject-2.17/third_party/srtp/include -DPJMEDIA_RESAMPLE_IMP=PJMEDIA_RESAMPLE_LIBRESAMPLE -DPJMEDIA_HAS_LIBYUV=1 -I/home/inrack/src/pjsip-build/pjproject-2.17/third_party/yuv/include -DPJMEDIA_HAS_WEBRTC_AEC=1 -I/home/inrack/src/pjsip-build/pjproject-2.17/third_party/webrtc/src -DPJMEDIA_HAS_WEBRTC_AEC3=0 -DPJMEDIA_AUDIO_DEV_HAS_WMME=0 -DPJMEDIA_AUDIO_DEV_HAS_PORTAUDIO=0 -DPJMEDIA_AUDIO_DEV_HAS_WMME=0 -I../include -I../../pjlib/include -I../../pjlib-util/include -I../../pjmedia/include -I../../pjnath/include -I../..     -I/home/inrack/src/pjsip-build/pjproject-2.17/third_party \
	-c -o output/pjmedia-codec-x86_64-pc-linux-gnu/ilbc.o \
	../src/pjmedia-codec/ilbc.c 
gcc -Wall -DPJ_AUTOCONF=1 -fPIC -DPJ_IS_BIG_ENDIAN=0 -DPJ_IS_LITTLE_ENDIAN=1    -DPJMEDIA_USE_OLD_FFMPEG=1           -I/home/inrack/src/pjsip-build/pjproject-2.17/third_party/build/speex -I/home/inrack/src/pjsip-build/pjproject-2.17/third_party/speex/include -DPJMEDIA_HAS_OPENCORE_AMRNB_CODEC=0 -DPJMEDIA_HAS_OPENCORE_AMRWB_CODEC=0 -DPJMEDIA_HAS_ANDROID_MEDIACODEC=0 -DPJMEDIA_HAS_LYRA_CODEC=0 -I/home/inrack/src/pjsip-build/pjproject-2.17/third_party/build/srtp -I/home/inrack/src/pjsip-build/pjproject-2.17/third_party/srtp/crypto/include -I/home/inrack/src/pjsip-build/pjproject-2.17/third_party/srtp/include -DPJMEDIA_RESAMPLE_IMP=PJMEDIA_RESAMPLE_LIBRESAMPLE -DPJMEDIA_HAS_LIBYUV=1 -I/home/inrack/src/pjsip-build/pjproject-2.17/third_party/yuv/include -DPJMEDIA_HAS_WEBRTC_AEC=1 -I/home/inrack/src/pjsip-build/pjproject-2.17/third_party/webrtc/src -DPJMEDIA_HAS_WEBRTC_AEC3=0 -DPJMEDIA_AUDIO_DEV_HAS_WMME=0 -DPJMEDIA_AUDIO_DEV_HAS_PORTAUDIO=0 -DPJMEDIA_AUDIO_DEV_HAS_WMME=0 -I../include -I../../pjlib/include -I../../pjlib-util/include -I../../pjmedia/include -I../../pjnath/include -I../.. \
	-c -o output/pjmedia-videodev-x86_64-pc-linux-gnu/opengl_dev.o \
	../src/pjmedia-videodev/opengl_dev.c 
gcc -Wall -DPJ_AUTOCONF=1 -fPIC -DPJ_IS_BIG_ENDIAN=0 -DPJ_IS_LITTLE_ENDIAN=1    -DPJMEDIA_USE_OLD_FFMPEG=1           -I/home/inrack/src/pjsip-build/pjproject-2.17/third_party/build/speex -I/home/inrack/src/pjsip-build/pjproject-2.17/third_party/speex/include -DPJMEDIA_HAS_OPENCORE_AMRNB_CODEC=0 -DPJMEDIA_HAS_OPENCORE_AMRWB_CODEC=0 -DPJMEDIA_HAS_ANDROID_MEDIACODEC=0 -DPJMEDIA_HAS_LYRA_CODEC=0 -I/home/inrack/src/pjsip-build/pjproject-2.17/third_party/build/srtp -I/home/inrack/src/pjsip-build/pjproject-2.17/third_party/srtp/crypto/include -I/home/inrack/src/pjsip-build/pjproject-2.17/third_party/srtp/include -DPJMEDIA_RESAMPLE_IMP=PJMEDIA_RESAMPLE_LIBRESAMPLE -DPJMEDIA_HAS_LIBYUV=1 -I/home/inrack/src/pjsip-build/pjproject-2.17/third_party/yuv/include -DPJMEDIA_HAS_WEBRTC_AEC=1 -I/home/inrack/src/pjsip-build/pjproject-2.17/third_party/webrtc/src -DPJMEDIA_HAS_WEBRTC_AEC3=0 -DPJMEDIA_AUDIO_DEV_HAS_WMME=0 -DPJMEDIA_AUDIO_DEV_HAS_PORTAUDIO=0 -DPJMEDIA_AUDIO_DEV_HAS_WMME=0 -I../include -I../../pjlib/include -I../../pjlib-util/include -I../../pjmedia/include -I../../pjnath/include -I../..     -I/home/inrack/src/pjsip-build/pjproject-2.17/third_party \
	-c -o output/pjmedia-codec-x86_64-pc-linux-gnu/g722.o \
	../src/pjmedia-codec/g722.c 
gcc -Wall -DPJ_AUTOCONF=1 -fPIC -DPJ_IS_BIG_ENDIAN=0 -DPJ_IS_LITTLE_ENDIAN=1    -DPJMEDIA_USE_OLD_FFMPEG=1           -I/home/inrack/src/pjsip-build/pjproject-2.17/third_party/build/speex -I/home/inrack/src/pjsip-build/pjproject-2.17/third_party/speex/include -DPJMEDIA_HAS_OPENCORE_AMRNB_CODEC=0 -DPJMEDIA_HAS_OPENCORE_AMRWB_CODEC=0 -DPJMEDIA_HAS_ANDROID_MEDIACODEC=0 -DPJMEDIA_HAS_LYRA_CODEC=0 -I/home/inrack/src/pjsip-build/pjproject-2.17/third_party/build/srtp -I/home/inrack/src/pjsip-build/pjproject-2.17/third_party/srtp/crypto/include -I/home/inrack/src/pjsip-build/pjproject-2.17/third_party/srtp/include -DPJMEDIA_RESAMPLE_IMP=PJMEDIA_RESAMPLE_LIBRESAMPLE -DPJMEDIA_HAS_LIBYUV=1 -I/home/inrack/src/pjsip-build/pjproject-2.17/third_party/yuv/include -DPJMEDIA_HAS_WEBRTC_AEC=1 -I/home/inrack/src/pjsip-build/pjproject-2.17/third_party/webrtc/src -DPJMEDIA_HAS_WEBRTC_AEC3=0 -DPJMEDIA_AUDIO_DEV_HAS_WMME=0 -DPJMEDIA_AUDIO_DEV_HAS_PORTAUDIO=0 -DPJMEDIA_AUDIO_DEV_HAS_WMME=0 -I../include -I../../pjlib/include -I../../pjlib-util/include -I../../pjmedia/include -I../../pjnath/include -I../.. \
	-c -o output/pjmedia-videodev-x86_64-pc-linux-gnu/util.o \
	../src/pjmedia-videodev/util.c 
gcc -Wall -DPJ_AUTOCONF=1 -fPIC -DPJ_IS_BIG_ENDIAN=0 -DPJ_IS_LITTLE_ENDIAN=1    -DPJMEDIA_USE_OLD_FFMPEG=1           -I/home/inrack/src/pjsip-build/pjproject-2.17/third_party/build/speex -I/home/inrack/src/pjsip-build/pjproject-2.17/third_party/speex/include -DPJMEDIA_HAS_OPENCORE_AMRNB_CODEC=0 -DPJMEDIA_HAS_OPENCORE_AMRWB_CODEC=0 -DPJMEDIA_HAS_ANDROID_MEDIACODEC=0 -DPJMEDIA_HAS_LYRA_CODEC=0 -I/home/inrack/src/pjsip-build/pjproject-2.17/third_party/build/srtp -I/home/inrack/src/pjsip-build/pjproject-2.17/third_party/srtp/crypto/include -I/home/inrack/src/pjsip-build/pjproject-2.17/third_party/srtp/include -DPJMEDIA_RESAMPLE_IMP=PJMEDIA_RESAMPLE_LIBRESAMPLE -DPJMEDIA_HAS_LIBYUV=1 -I/home/inrack/src/pjsip-build/pjproject-2.17/third_party/yuv/include -DPJMEDIA_HAS_WEBRTC_AEC=1 -I/home/inrack/src/pjsip-build/pjproject-2.17/third_party/webrtc/src -DPJMEDIA_HAS_WEBRTC_AEC3=0 -DPJMEDIA_AUDIO_DEV_HAS_WMME=0 -DPJMEDIA_AUDIO_DEV_HAS_PORTAUDIO=0 -DPJMEDIA_AUDIO_DEV_HAS_WMME=0 -I../include -I../../pjlib/include -I../../pjlib-util/include -I../../pjmedia/include -I../../pjnath/include -I../.. \
	-c -o output/pjmedia-audiodev-x86_64-pc-linux-gnu/bdimad_dev.o \
	../src/pjmedia-audiodev/bdimad_dev.c 
gcc -Wall -DPJ_AUTOCONF=1 -fPIC -DPJ_IS_BIG_ENDIAN=0 -DPJ_IS_LITTLE_ENDIAN=1    -DPJMEDIA_USE_OLD_FFMPEG=1           -I/home/inrack/src/pjsip-build/pjproject-2.17/third_party/build/speex -I/home/inrack/src/pjsip-build/pjproject-2.17/third_party/speex/include -DPJMEDIA_HAS_OPENCORE_AMRNB_CODEC=0 -DPJMEDIA_HAS_OPENCORE_AMRWB_CODEC=0 -DPJMEDIA_HAS_ANDROID_MEDIACODEC=0 -DPJMEDIA_HAS_LYRA_CODEC=0 -I/home/inrack/src/pjsip-build/pjproject-2.17/third_party/build/srtp -I/home/inrack/src/pjsip-build/pjproject-2.17/third_party/srtp/crypto/include -I/home/inrack/src/pjsip-build/pjproject-2.17/third_party/srtp/include -DPJMEDIA_RESAMPLE_IMP=PJMEDIA_RESAMPLE_LIBRESAMPLE -DPJMEDIA_HAS_LIBYUV=1 -I/home/inrack/src/pjsip-build/pjproject-2.17/third_party/yuv/include -DPJMEDIA_HAS_WEBRTC_AEC=1 -I/home/inrack/src/pjsip-build/pjproject-2.17/third_party/webrtc/src -DPJMEDIA_HAS_WEBRTC_AEC3=0 -DPJMEDIA_AUDIO_DEV_HAS_WMME=0 -DPJMEDIA_AUDIO_DEV_HAS_PORTAUDIO=0 -DPJMEDIA_AUDIO_DEV_HAS_WMME=0 -I../include -I../../pjlib/include -I../../pjlib-util/include -I../../pjmedia/include -I../../pjnath/include -I../.. \
	-c -o output/pjmedia-audiodev-x86_64-pc-linux-gnu/android_jni_dev.o \
	../src/pjmedia-audiodev/android_jni_dev.c 
gcc -Wall -DPJ_AUTOCONF=1 -fPIC -DPJ_IS_BIG_ENDIAN=0 -DPJ_IS_LITTLE_ENDIAN=1    -DPJMEDIA_USE_OLD_FFMPEG=1           -I/home/inrack/src/pjsip-build/pjproject-2.17/third_party/build/speex -I/home/inrack/src/pjsip-build/pjproject-2.17/third_party/speex/include -DPJMEDIA_HAS_OPENCORE_AMRNB_CODEC=0 -DPJMEDIA_HAS_OPENCORE_AMRWB_CODEC=0 -DPJMEDIA_HAS_ANDROID_MEDIACODEC=0 -DPJMEDIA_HAS_LYRA_CODEC=0 -I/home/inrack/src/pjsip-build/pjproject-2.17/third_party/build/srtp -I/home/inrack/src/pjsip-build/pjproject-2.17/third_party/srtp/crypto/include -I/home/inrack/src/pjsip-build/pjproject-2.17/third_party/srtp/include -DPJMEDIA_RESAMPLE_IMP=PJMEDIA_RESAMPLE_LIBRESAMPLE -DPJMEDIA_HAS_LIBYUV=1 -I/home/inrack/src/pjsip-build/pjproject-2.17/third_party/yuv/include -DPJMEDIA_HAS_WEBRTC_AEC=1 -I/home/inrack/src/pjsip-build/pjproject-2.17/third_party/webrtc/src -DPJMEDIA_HAS_WEBRTC_AEC3=0 -DPJMEDIA_AUDIO_DEV_HAS_WMME=0 -DPJMEDIA_AUDIO_DEV_HAS_PORTAUDIO=0 -DPJMEDIA_AUDIO_DEV_HAS_WMME=0 -I../include -I../../pjlib/include -I../../pjlib-util/include -I../../pjmedia/include -I../../pjnath/include -I../.. \
	-c -o output/pjmedia-audiodev-x86_64-pc-linux-gnu/opensl_dev.o \
	../src/pjmedia-audiodev/opensl_dev.c 
if test ! -d ../lib; then mkdir -p ../lib; fi
gcc -Wall -DPJ_AUTOCONF=1 -fPIC -DPJ_IS_BIG_ENDIAN=0 -DPJ_IS_LITTLE_ENDIAN=1    -DPJMEDIA_USE_OLD_FFMPEG=1           -I/home/inrack/src/pjsip-build/pjproject-2.17/third_party/build/speex -I/home/inrack/src/pjsip-build/pjproject-2.17/third_party/speex/include -DPJMEDIA_HAS_OPENCORE_AMRNB_CODEC=0 -DPJMEDIA_HAS_OPENCORE_AMRWB_CODEC=0 -DPJMEDIA_HAS_ANDROID_MEDIACODEC=0 -DPJMEDIA_HAS_LYRA_CODEC=0 -I/home/inrack/src/pjsip-build/pjproject-2.17/third_party/build/srtp -I/home/inrack/src/pjsip-build/pjproject-2.17/third_party/srtp/crypto/include -I/home/inrack/src/pjsip-build/pjproject-2.17/third_party/srtp/include -DPJMEDIA_RESAMPLE_IMP=PJMEDIA_RESAMPLE_LIBRESAMPLE -DPJMEDIA_HAS_LIBYUV=1 -I/home/inrack/src/pjsip-build/pjproject-2.17/third_party/yuv/include -DPJMEDIA_HAS_WEBRTC_AEC=1 -I/home/inrack/src/pjsip-build/pjproject-2.17/third_party/webrtc/src -DPJMEDIA_HAS_WEBRTC_AEC3=0 -DPJMEDIA_AUDIO_DEV_HAS_WMME=0 -DPJMEDIA_AUDIO_DEV_HAS_PORTAUDIO=0 -DPJMEDIA_AUDIO_DEV_HAS_WMME=0 -I../include -I../../pjlib/include -I../../pjlib-util/include -I../../pjmedia/include -I../../pjnath/include -I../..     -I/home/inrack/src/pjsip-build/pjproject-2.17/third_party \
	-c -o output/pjmedia-codec-x86_64-pc-linux-gnu/g722/g722_enc.o \
	../src/pjmedia-codec/g722/g722_enc.c 
ar rv ../lib/libpjmedia-videodev-x86_64-pc-linux-gnu.a  output/pjmedia-videodev-x86_64-pc-linux-gnu/sdl_dev.o  output/pjmedia-videodev-x86_64-pc-linux-gnu/videodev.o  output/pjmedia-videodev-x86_64-pc-linux-gnu/errno.o  output/pjmedia-videodev-x86_64-pc-linux-gnu/avi_dev.o  output/pjmedia-videodev-x86_64-pc-linux-gnu/ffmpeg_dev.o  output/pjmedia-videodev-x86_64-pc-linux-gnu/colorbar_dev.o  output/pjmedia-videodev-x86_64-pc-linux-gnu/v4l2_dev.o  output/pjmedia-videodev-x86_64-pc-linux-gnu/opengl_dev.o  output/pjmedia-videodev-x86_64-pc-linux-gnu/util.o
gcc -Wall -DPJ_AUTOCONF=1 -fPIC -DPJ_IS_BIG_ENDIAN=0 -DPJ_IS_LITTLE_ENDIAN=1    -DPJMEDIA_USE_OLD_FFMPEG=1           -I/home/inrack/src/pjsip-build/pjproject-2.17/third_party/build/speex -I/home/inrack/src/pjsip-build/pjproject-2.17/third_party/speex/include -DPJMEDIA_HAS_OPENCORE_AMRNB_CODEC=0 -DPJMEDIA_HAS_OPENCORE_AMRWB_CODEC=0 -DPJMEDIA_HAS_ANDROID_MEDIACODEC=0 -DPJMEDIA_HAS_LYRA_CODEC=0 -I/home/inrack/src/pjsip-build/pjproject-2.17/third_party/build/srtp -I/home/inrack/src/pjsip-build/pjproject-2.17/third_party/srtp/crypto/include -I/home/inrack/src/pjsip-build/pjproject-2.17/third_party/srtp/include -DPJMEDIA_RESAMPLE_IMP=PJMEDIA_RESAMPLE_LIBRESAMPLE -DPJMEDIA_HAS_LIBYUV=1 -I/home/inrack/src/pjsip-build/pjproject-2.17/third_party/yuv/include -DPJMEDIA_HAS_WEBRTC_AEC=1 -I/home/inrack/src/pjsip-build/pjproject-2.17/third_party/webrtc/src -DPJMEDIA_HAS_WEBRTC_AEC3=0 -DPJMEDIA_AUDIO_DEV_HAS_WMME=0 -DPJMEDIA_AUDIO_DEV_HAS_PORTAUDIO=0 -DPJMEDIA_AUDIO_DEV_HAS_WMME=0 -I../include -I../../pjlib/include -I../../pjlib-util/include -I../../pjmedia/include -I../../pjnath/include -I../..     -I/home/inrack/src/pjsip-build/pjproject-2.17/third_party \
	-c -o output/pjmedia-codec-x86_64-pc-linux-gnu/g722/g722_dec.o \
	../src/pjmedia-codec/g722/g722_dec.c 
ar: creating ../lib/libpjmedia-videodev-x86_64-pc-linux-gnu.a
a - output/pjmedia-videodev-x86_64-pc-linux-gnu/sdl_dev.o
a - output/pjmedia-videodev-x86_64-pc-linux-gnu/videodev.o
a - output/pjmedia-videodev-x86_64-pc-linux-gnu/errno.o
a - output/pjmedia-videodev-x86_64-pc-linux-gnu/avi_dev.o
a - output/pjmedia-videodev-x86_64-pc-linux-gnu/ffmpeg_dev.o
a - output/pjmedia-videodev-x86_64-pc-linux-gnu/colorbar_dev.o
a - output/pjmedia-videodev-x86_64-pc-linux-gnu/v4l2_dev.o
a - output/pjmedia-videodev-x86_64-pc-linux-gnu/opengl_dev.o
a - output/pjmedia-videodev-x86_64-pc-linux-gnu/util.o
gcc -Wall -DPJ_AUTOCONF=1 -fPIC -DPJ_IS_BIG_ENDIAN=0 -DPJ_IS_LITTLE_ENDIAN=1    -DPJMEDIA_USE_OLD_FFMPEG=1           -I/home/inrack/src/pjsip-build/pjproject-2.17/third_party/build/speex -I/home/inrack/src/pjsip-build/pjproject-2.17/third_party/speex/include -DPJMEDIA_HAS_OPENCORE_AMRNB_CODEC=0 -DPJMEDIA_HAS_OPENCORE_AMRWB_CODEC=0 -DPJMEDIA_HAS_ANDROID_MEDIACODEC=0 -DPJMEDIA_HAS_LYRA_CODEC=0 -I/home/inrack/src/pjsip-build/pjproject-2.17/third_party/build/srtp -I/home/inrack/src/pjsip-build/pjproject-2.17/third_party/srtp/crypto/include -I/home/inrack/src/pjsip-build/pjproject-2.17/third_party/srtp/include -DPJMEDIA_RESAMPLE_IMP=PJMEDIA_RESAMPLE_LIBRESAMPLE -DPJMEDIA_HAS_LIBYUV=1 -I/home/inrack/src/pjsip-build/pjproject-2.17/third_party/yuv/include -DPJMEDIA_HAS_WEBRTC_AEC=1 -I/home/inrack/src/pjsip-build/pjproject-2.17/third_party/webrtc/src -DPJMEDIA_HAS_WEBRTC_AEC3=0 -DPJMEDIA_AUDIO_DEV_HAS_WMME=0 -DPJMEDIA_AUDIO_DEV_HAS_PORTAUDIO=0 -DPJMEDIA_AUDIO_DEV_HAS_WMME=0 -I../include -I../../pjlib/include -I../../pjlib-util/include -I../../pjmedia/include -I../../pjnath/include -I../..     -I/home/inrack/src/pjsip-build/pjproject-2.17/third_party \
	-c -o output/pjmedia-codec-x86_64-pc-linux-gnu/g7221.o \
	../src/pjmedia-codec/g7221.c 
ranlib ../lib/libpjmedia-videodev-x86_64-pc-linux-gnu.a
make[2]: Leaving directory '/home/inrack/src/pjsip-build/pjproject-2.17/pjmedia/build'
gcc -Wall -DPJ_AUTOCONF=1 -fPIC -DPJ_IS_BIG_ENDIAN=0 -DPJ_IS_LITTLE_ENDIAN=1    -DPJMEDIA_USE_OLD_FFMPEG=1           -I/home/inrack/src/pjsip-build/pjproject-2.17/third_party/build/speex -I/home/inrack/src/pjsip-build/pjproject-2.17/third_party/speex/include -DPJMEDIA_HAS_OPENCORE_AMRNB_CODEC=0 -DPJMEDIA_HAS_OPENCORE_AMRWB_CODEC=0 -DPJMEDIA_HAS_ANDROID_MEDIACODEC=0 -DPJMEDIA_HAS_LYRA_CODEC=0 -I/home/inrack/src/pjsip-build/pjproject-2.17/third_party/build/srtp -I/home/inrack/src/pjsip-build/pjproject-2.17/third_party/srtp/crypto/include -I/home/inrack/src/pjsip-build/pjproject-2.17/third_party/srtp/include -DPJMEDIA_RESAMPLE_IMP=PJMEDIA_RESAMPLE_LIBRESAMPLE -DPJMEDIA_HAS_LIBYUV=1 -I/home/inrack/src/pjsip-build/pjproject-2.17/third_party/yuv/include -DPJMEDIA_HAS_WEBRTC_AEC=1 -I/home/inrack/src/pjsip-build/pjproject-2.17/third_party/webrtc/src -DPJMEDIA_HAS_WEBRTC_AEC3=0 -DPJMEDIA_AUDIO_DEV_HAS_WMME=0 -DPJMEDIA_AUDIO_DEV_HAS_PORTAUDIO=0 -DPJMEDIA_AUDIO_DEV_HAS_WMME=0 -I../include -I../../pjlib/include -I../../pjlib-util/include -I../../pjmedia/include -I../../pjnath/include -I../..     -I/home/inrack/src/pjsip-build/pjproject-2.17/third_party \
	-c -o output/pjmedia-codec-x86_64-pc-linux-gnu/g7221_sdp_match.o \
	../src/pjmedia-codec/g7221_sdp_match.c 
g++  -DPJ_AUTOCONF=1 -fPIC    -Wall -DPJ_AUTOCONF=1 -fPIC -DPJ_IS_BIG_ENDIAN=0 -DPJ_IS_LITTLE_ENDIAN=1    -DPJMEDIA_USE_OLD_FFMPEG=1           -I/home/inrack/src/pjsip-build/pjproject-2.17/third_party/build/speex -I/home/inrack/src/pjsip-build/pjproject-2.17/third_party/speex/include -DPJMEDIA_HAS_OPENCORE_AMRNB_CODEC=0 -DPJMEDIA_HAS_OPENCORE_AMRWB_CODEC=0 -DPJMEDIA_HAS_ANDROID_MEDIACODEC=0 -DPJMEDIA_HAS_LYRA_CODEC=0 -I/home/inrack/src/pjsip-build/pjproject-2.17/third_party/build/srtp -I/home/inrack/src/pjsip-build/pjproject-2.17/third_party/srtp/crypto/include -I/home/inrack/src/pjsip-build/pjproject-2.17/third_party/srtp/include -DPJMEDIA_RESAMPLE_IMP=PJMEDIA_RESAMPLE_LIBRESAMPLE -DPJMEDIA_HAS_LIBYUV=1 -I/home/inrack/src/pjsip-build/pjproject-2.17/third_party/yuv/include -DPJMEDIA_HAS_WEBRTC_AEC=1 -I/home/inrack/src/pjsip-build/pjproject-2.17/third_party/webrtc/src -DPJMEDIA_HAS_WEBRTC_AEC3=0 -DPJMEDIA_AUDIO_DEV_HAS_WMME=0 -DPJMEDIA_AUDIO_DEV_HAS_PORTAUDIO=0 -DPJMEDIA_AUDIO_DEV_HAS_WMME=0 -I../include -I../../pjlib/include -I../../pjlib-util/include -I../../pjmedia/include -I../../pjnath/include -I../..  \
	-c -o output/pjmedia-audiodev-x86_64-pc-linux-gnu/oboe_dev.o \
	../src/pjmedia-audiodev/oboe_dev.cpp
gcc -Wall -DPJ_AUTOCONF=1 -fPIC -DPJ_IS_BIG_ENDIAN=0 -DPJ_IS_LITTLE_ENDIAN=1    -DPJMEDIA_USE_OLD_FFMPEG=1           -I/home/inrack/src/pjsip-build/pjproject-2.17/third_party/build/speex -I/home/inrack/src/pjsip-build/pjproject-2.17/third_party/speex/include -DPJMEDIA_HAS_OPENCORE_AMRNB_CODEC=0 -DPJMEDIA_HAS_OPENCORE_AMRWB_CODEC=0 -DPJMEDIA_HAS_ANDROID_MEDIACODEC=0 -DPJMEDIA_HAS_LYRA_CODEC=0 -I/home/inrack/src/pjsip-build/pjproject-2.17/third_party/build/srtp -I/home/inrack/src/pjsip-build/pjproject-2.17/third_party/srtp/crypto/include -I/home/inrack/src/pjsip-build/pjproject-2.17/third_party/srtp/include -DPJMEDIA_RESAMPLE_IMP=PJMEDIA_RESAMPLE_LIBRESAMPLE -DPJMEDIA_HAS_LIBYUV=1 -I/home/inrack/src/pjsip-build/pjproject-2.17/third_party/yuv/include -DPJMEDIA_HAS_WEBRTC_AEC=1 -I/home/inrack/src/pjsip-build/pjproject-2.17/third_party/webrtc/src -DPJMEDIA_HAS_WEBRTC_AEC3=0 -DPJMEDIA_AUDIO_DEV_HAS_WMME=0 -DPJMEDIA_AUDIO_DEV_HAS_PORTAUDIO=0 -DPJMEDIA_AUDIO_DEV_HAS_WMME=0 -I../include -I../../pjlib/include -I../../pjlib-util/include -I../../pjmedia/include -I../../pjnath/include -I../..     -I/home/inrack/src/pjsip-build/pjproject-2.17/third_party \
	-c -o output/pjmedia-codec-x86_64-pc-linux-gnu/amr_sdp_match.o \
	../src/pjmedia-codec/amr_sdp_match.c 
gcc -Wall -DPJ_AUTOCONF=1 -fPIC -DPJ_IS_BIG_ENDIAN=0 -DPJ_IS_LITTLE_ENDIAN=1    -DPJMEDIA_USE_OLD_FFMPEG=1           -I/home/inrack/src/pjsip-build/pjproject-2.17/third_party/build/speex -I/home/inrack/src/pjsip-build/pjproject-2.17/third_party/speex/include -DPJMEDIA_HAS_OPENCORE_AMRNB_CODEC=0 -DPJMEDIA_HAS_OPENCORE_AMRWB_CODEC=0 -DPJMEDIA_HAS_ANDROID_MEDIACODEC=0 -DPJMEDIA_HAS_LYRA_CODEC=0 -I/home/inrack/src/pjsip-build/pjproject-2.17/third_party/build/srtp -I/home/inrack/src/pjsip-build/pjproject-2.17/third_party/srtp/crypto/include -I/home/inrack/src/pjsip-build/pjproject-2.17/third_party/srtp/include -DPJMEDIA_RESAMPLE_IMP=PJMEDIA_RESAMPLE_LIBRESAMPLE -DPJMEDIA_HAS_LIBYUV=1 -I/home/inrack/src/pjsip-build/pjproject-2.17/third_party/yuv/include -DPJMEDIA_HAS_WEBRTC_AEC=1 -I/home/inrack/src/pjsip-build/pjproject-2.17/third_party/webrtc/src -DPJMEDIA_HAS_WEBRTC_AEC3=0 -DPJMEDIA_AUDIO_DEV_HAS_WMME=0 -DPJMEDIA_AUDIO_DEV_HAS_PORTAUDIO=0 -DPJMEDIA_AUDIO_DEV_HAS_WMME=0 -I../include -I../../pjlib/include -I../../pjlib-util/include -I../../pjmedia/include -I../../pjnath/include -I../..     -I/home/inrack/src/pjsip-build/pjproject-2.17/third_party \
	-c -o output/pjmedia-codec-x86_64-pc-linux-gnu/passthrough.o \
	../src/pjmedia-codec/passthrough.c 
gcc -Wall -DPJ_AUTOCONF=1 -fPIC -DPJ_IS_BIG_ENDIAN=0 -DPJ_IS_LITTLE_ENDIAN=1    -DPJMEDIA_USE_OLD_FFMPEG=1           -I/home/inrack/src/pjsip-build/pjproject-2.17/third_party/build/speex -I/home/inrack/src/pjsip-build/pjproject-2.17/third_party/speex/include -DPJMEDIA_HAS_OPENCORE_AMRNB_CODEC=0 -DPJMEDIA_HAS_OPENCORE_AMRWB_CODEC=0 -DPJMEDIA_HAS_ANDROID_MEDIACODEC=0 -DPJMEDIA_HAS_LYRA_CODEC=0 -I/home/inrack/src/pjsip-build/pjproject-2.17/third_party/build/srtp -I/home/inrack/src/pjsip-build/pjproject-2.17/third_party/srtp/crypto/include -I/home/inrack/src/pjsip-build/pjproject-2.17/third_party/srtp/include -DPJMEDIA_RESAMPLE_IMP=PJMEDIA_RESAMPLE_LIBRESAMPLE -DPJMEDIA_HAS_LIBYUV=1 -I/home/inrack/src/pjsip-build/pjproject-2.17/third_party/yuv/include -DPJMEDIA_HAS_WEBRTC_AEC=1 -I/home/inrack/src/pjsip-build/pjproject-2.17/third_party/webrtc/src -DPJMEDIA_HAS_WEBRTC_AEC3=0 -DPJMEDIA_AUDIO_DEV_HAS_WMME=0 -DPJMEDIA_AUDIO_DEV_HAS_PORTAUDIO=0 -DPJMEDIA_AUDIO_DEV_HAS_WMME=0 -I../include -I../../pjlib/include -I../../pjlib-util/include -I../../pjmedia/include -I../../pjnath/include -I../..     -I/home/inrack/src/pjsip-build/pjproject-2.17/third_party \
	-c -o output/pjmedia-codec-x86_64-pc-linux-gnu/vpx.o \
	../src/pjmedia-codec/vpx.c 
if test ! -d ../lib; then mkdir -p ../lib; fi
ar rv ../lib/libpjmedia-codec-x86_64-pc-linux-gnu.a  output/pjmedia-codec-x86_64-pc-linux-gnu/audio_codecs.o  output/pjmedia-codec-x86_64-pc-linux-gnu/ffmpeg_vid_codecs.o  output/pjmedia-codec-x86_64-pc-linux-gnu/openh264.o  output/pjmedia-codec-x86_64-pc-linux-gnu/h263_packetizer.o  output/pjmedia-codec-x86_64-pc-linux-gnu/h264_packetizer.o  output/pjmedia-codec-x86_64-pc-linux-gnu/vpx_packetizer.o  output/pjmedia-codec-x86_64-pc-linux-gnu/ipp_codecs.o  output/pjmedia-codec-x86_64-pc-linux-gnu/silk.o  output/pjmedia-codec-x86_64-pc-linux-gnu/opus.o  output/pjmedia-codec-x86_64-pc-linux-gnu/l16.o  output/pjmedia-codec-x86_64-pc-linux-gnu/gsm.o  output/pjmedia-codec-x86_64-pc-linux-gnu/speex_codec.o  output/pjmedia-codec-x86_64-pc-linux-gnu/ilbc.o  output/pjmedia-codec-x86_64-pc-linux-gnu/g722.o  output/pjmedia-codec-x86_64-pc-linux-gnu/g722/g722_enc.o  output/pjmedia-codec-x86_64-pc-linux-gnu/g722/g722_dec.o  output/pjmedia-codec-x86_64-pc-linux-gnu/g7221.o  output/pjmedia-codec-x86_64-pc-linux-gnu/g7221_sdp_match.o  output/pjmedia-codec-x86_64-pc-linux-gnu/amr_sdp_match.o  output/pjmedia-codec-x86_64-pc-linux-gnu/passthrough.o  output/pjmedia-codec-x86_64-pc-linux-gnu/vpx.o
ar: creating ../lib/libpjmedia-codec-x86_64-pc-linux-gnu.a
a - output/pjmedia-codec-x86_64-pc-linux-gnu/audio_codecs.o
a - output/pjmedia-codec-x86_64-pc-linux-gnu/ffmpeg_vid_codecs.o
a - output/pjmedia-codec-x86_64-pc-linux-gnu/openh264.o
a - output/pjmedia-codec-x86_64-pc-linux-gnu/h263_packetizer.o
a - output/pjmedia-codec-x86_64-pc-linux-gnu/h264_packetizer.o
a - output/pjmedia-codec-x86_64-pc-linux-gnu/vpx_packetizer.o
a - output/pjmedia-codec-x86_64-pc-linux-gnu/ipp_codecs.o
a - output/pjmedia-codec-x86_64-pc-linux-gnu/silk.o
a - output/pjmedia-codec-x86_64-pc-linux-gnu/opus.o
a - output/pjmedia-codec-x86_64-pc-linux-gnu/l16.o
a - output/pjmedia-codec-x86_64-pc-linux-gnu/gsm.o
a - output/pjmedia-codec-x86_64-pc-linux-gnu/speex_codec.o
a - output/pjmedia-codec-x86_64-pc-linux-gnu/ilbc.o
a - output/pjmedia-codec-x86_64-pc-linux-gnu/g722.o
a - output/pjmedia-codec-x86_64-pc-linux-gnu/g722/g722_enc.o
a - output/pjmedia-codec-x86_64-pc-linux-gnu/g722/g722_dec.o
a - output/pjmedia-codec-x86_64-pc-linux-gnu/g7221.o
a - output/pjmedia-codec-x86_64-pc-linux-gnu/g7221_sdp_match.o
a - output/pjmedia-codec-x86_64-pc-linux-gnu/amr_sdp_match.o
a - output/pjmedia-codec-x86_64-pc-linux-gnu/passthrough.o
a - output/pjmedia-codec-x86_64-pc-linux-gnu/vpx.o
ranlib ../lib/libpjmedia-codec-x86_64-pc-linux-gnu.a
make[2]: Leaving directory '/home/inrack/src/pjsip-build/pjproject-2.17/pjmedia/build'
if test ! -d ../lib; then mkdir -p ../lib; fi
ar rv ../lib/libpjmedia-audiodev-x86_64-pc-linux-gnu.a  output/pjmedia-audiodev-x86_64-pc-linux-gnu/audiodev.o  output/pjmedia-audiodev-x86_64-pc-linux-gnu/audiotest.o  output/pjmedia-audiodev-x86_64-pc-linux-gnu/errno.o  output/pjmedia-audiodev-x86_64-pc-linux-gnu/legacy_dev.o  output/pjmedia-audiodev-x86_64-pc-linux-gnu/null_dev.o  output/pjmedia-audiodev-x86_64-pc-linux-gnu/pa_dev.o  output/pjmedia-audiodev-x86_64-pc-linux-gnu/wmme_dev.o  output/pjmedia-audiodev-x86_64-pc-linux-gnu/alsa_dev.o  output/pjmedia-audiodev-x86_64-pc-linux-gnu/bb10_dev.o  output/pjmedia-audiodev-x86_64-pc-linux-gnu/bdimad_dev.o  output/pjmedia-audiodev-x86_64-pc-linux-gnu/android_jni_dev.o  output/pjmedia-audiodev-x86_64-pc-linux-gnu/opensl_dev.o  output/pjmedia-audiodev-x86_64-pc-linux-gnu/oboe_dev.o
ar: creating ../lib/libpjmedia-audiodev-x86_64-pc-linux-gnu.a
a - output/pjmedia-audiodev-x86_64-pc-linux-gnu/audiodev.o
a - output/pjmedia-audiodev-x86_64-pc-linux-gnu/audiotest.o
a - output/pjmedia-audiodev-x86_64-pc-linux-gnu/errno.o
a - output/pjmedia-audiodev-x86_64-pc-linux-gnu/legacy_dev.o
a - output/pjmedia-audiodev-x86_64-pc-linux-gnu/null_dev.o
a - output/pjmedia-audiodev-x86_64-pc-linux-gnu/pa_dev.o
a - output/pjmedia-audiodev-x86_64-pc-linux-gnu/wmme_dev.o
a - output/pjmedia-audiodev-x86_64-pc-linux-gnu/alsa_dev.o
a - output/pjmedia-audiodev-x86_64-pc-linux-gnu/bb10_dev.o
a - output/pjmedia-audiodev-x86_64-pc-linux-gnu/bdimad_dev.o
a - output/pjmedia-audiodev-x86_64-pc-linux-gnu/android_jni_dev.o
a - output/pjmedia-audiodev-x86_64-pc-linux-gnu/opensl_dev.o
a - output/pjmedia-audiodev-x86_64-pc-linux-gnu/oboe_dev.o
ranlib ../lib/libpjmedia-audiodev-x86_64-pc-linux-gnu.a
make[2]: Leaving directory '/home/inrack/src/pjsip-build/pjproject-2.17/pjmedia/build'
make -f /home/inrack/src/pjsip-build/pjproject-2.17/build/rules.mak APP=PJMEDIA_TEST app=pjmedia-test ../bin/pjmedia-test-x86_64-pc-linux-gnu
make[2]: Entering directory '/home/inrack/src/pjsip-build/pjproject-2.17/pjmedia/build'
mkdir -p output/pjmedia-test-x86_64-pc-linux-gnu/
gcc -Wall -DPJ_AUTOCONF=1 -fPIC -DPJ_IS_BIG_ENDIAN=0 -DPJ_IS_LITTLE_ENDIAN=1    -DPJMEDIA_USE_OLD_FFMPEG=1           -I/home/inrack/src/pjsip-build/pjproject-2.17/third_party/build/speex -I/home/inrack/src/pjsip-build/pjproject-2.17/third_party/speex/include -DPJMEDIA_HAS_OPENCORE_AMRNB_CODEC=0 -DPJMEDIA_HAS_OPENCORE_AMRWB_CODEC=0 -DPJMEDIA_HAS_ANDROID_MEDIACODEC=0 -DPJMEDIA_HAS_LYRA_CODEC=0 -I/home/inrack/src/pjsip-build/pjproject-2.17/third_party/build/srtp -I/home/inrack/src/pjsip-build/pjproject-2.17/third_party/srtp/crypto/include -I/home/inrack/src/pjsip-build/pjproject-2.17/third_party/srtp/include -DPJMEDIA_RESAMPLE_IMP=PJMEDIA_RESAMPLE_LIBRESAMPLE -DPJMEDIA_HAS_LIBYUV=1 -I/home/inrack/src/pjsip-build/pjproject-2.17/third_party/yuv/include -DPJMEDIA_HAS_WEBRTC_AEC=1 -I/home/inrack/src/pjsip-build/pjproject-2.17/third_party/webrtc/src -DPJMEDIA_HAS_WEBRTC_AEC3=0 -DPJMEDIA_AUDIO_DEV_HAS_WMME=0 -DPJMEDIA_AUDIO_DEV_HAS_PORTAUDIO=0 -DPJMEDIA_AUDIO_DEV_HAS_WMME=0 -I../include -I../../pjlib/include -I../../pjlib-util/include -I../../pjmedia/include -I../../pjnath/include -I../.. \
	-c -o output/pjmedia-test-x86_64-pc-linux-gnu/codec_vectors.o \
	../src/test/codec_vectors.c 
gcc -Wall -DPJ_AUTOCONF=1 -fPIC -DPJ_IS_BIG_ENDIAN=0 -DPJ_IS_LITTLE_ENDIAN=1    -DPJMEDIA_USE_OLD_FFMPEG=1           -I/home/inrack/src/pjsip-build/pjproject-2.17/third_party/build/speex -I/home/inrack/src/pjsip-build/pjproject-2.17/third_party/speex/include -DPJMEDIA_HAS_OPENCORE_AMRNB_CODEC=0 -DPJMEDIA_HAS_OPENCORE_AMRWB_CODEC=0 -DPJMEDIA_HAS_ANDROID_MEDIACODEC=0 -DPJMEDIA_HAS_LYRA_CODEC=0 -I/home/inrack/src/pjsip-build/pjproject-2.17/third_party/build/srtp -I/home/inrack/src/pjsip-build/pjproject-2.17/third_party/srtp/crypto/include -I/home/inrack/src/pjsip-build/pjproject-2.17/third_party/srtp/include -DPJMEDIA_RESAMPLE_IMP=PJMEDIA_RESAMPLE_LIBRESAMPLE -DPJMEDIA_HAS_LIBYUV=1 -I/home/inrack/src/pjsip-build/pjproject-2.17/third_party/yuv/include -DPJMEDIA_HAS_WEBRTC_AEC=1 -I/home/inrack/src/pjsip-build/pjproject-2.17/third_party/webrtc/src -DPJMEDIA_HAS_WEBRTC_AEC3=0 -DPJMEDIA_AUDIO_DEV_HAS_WMME=0 -DPJMEDIA_AUDIO_DEV_HAS_PORTAUDIO=0 -DPJMEDIA_AUDIO_DEV_HAS_WMME=0 -I../include -I../../pjlib/include -I../../pjlib-util/include -I../../pjmedia/include -I../../pjnath/include -I../.. \
	-c -o output/pjmedia-test-x86_64-pc-linux-gnu/jbuf_test.o \
	../src/test/jbuf_test.c 
gcc -Wall -DPJ_AUTOCONF=1 -fPIC -DPJ_IS_BIG_ENDIAN=0 -DPJ_IS_LITTLE_ENDIAN=1    -DPJMEDIA_USE_OLD_FFMPEG=1           -I/home/inrack/src/pjsip-build/pjproject-2.17/third_party/build/speex -I/home/inrack/src/pjsip-build/pjproject-2.17/third_party/speex/include -DPJMEDIA_HAS_OPENCORE_AMRNB_CODEC=0 -DPJMEDIA_HAS_OPENCORE_AMRWB_CODEC=0 -DPJMEDIA_HAS_ANDROID_MEDIACODEC=0 -DPJMEDIA_HAS_LYRA_CODEC=0 -I/home/inrack/src/pjsip-build/pjproject-2.17/third_party/build/srtp -I/home/inrack/src/pjsip-build/pjproject-2.17/third_party/srtp/crypto/include -I/home/inrack/src/pjsip-build/pjproject-2.17/third_party/srtp/include -DPJMEDIA_RESAMPLE_IMP=PJMEDIA_RESAMPLE_LIBRESAMPLE -DPJMEDIA_HAS_LIBYUV=1 -I/home/inrack/src/pjsip-build/pjproject-2.17/third_party/yuv/include -DPJMEDIA_HAS_WEBRTC_AEC=1 -I/home/inrack/src/pjsip-build/pjproject-2.17/third_party/webrtc/src -DPJMEDIA_HAS_WEBRTC_AEC3=0 -DPJMEDIA_AUDIO_DEV_HAS_WMME=0 -DPJMEDIA_AUDIO_DEV_HAS_PORTAUDIO=0 -DPJMEDIA_AUDIO_DEV_HAS_WMME=0 -I../include -I../../pjlib/include -I../../pjlib-util/include -I../../pjmedia/include -I../../pjnath/include -I../.. \
	-c -o output/pjmedia-test-x86_64-pc-linux-gnu/main.o \
	../src/test/main.c 
gcc -Wall -DPJ_AUTOCONF=1 -fPIC -DPJ_IS_BIG_ENDIAN=0 -DPJ_IS_LITTLE_ENDIAN=1    -DPJMEDIA_USE_OLD_FFMPEG=1           -I/home/inrack/src/pjsip-build/pjproject-2.17/third_party/build/speex -I/home/inrack/src/pjsip-build/pjproject-2.17/third_party/speex/include -DPJMEDIA_HAS_OPENCORE_AMRNB_CODEC=0 -DPJMEDIA_HAS_OPENCORE_AMRWB_CODEC=0 -DPJMEDIA_HAS_ANDROID_MEDIACODEC=0 -DPJMEDIA_HAS_LYRA_CODEC=0 -I/home/inrack/src/pjsip-build/pjproject-2.17/third_party/build/srtp -I/home/inrack/src/pjsip-build/pjproject-2.17/third_party/srtp/crypto/include -I/home/inrack/src/pjsip-build/pjproject-2.17/third_party/srtp/include -DPJMEDIA_RESAMPLE_IMP=PJMEDIA_RESAMPLE_LIBRESAMPLE -DPJMEDIA_HAS_LIBYUV=1 -I/home/inrack/src/pjsip-build/pjproject-2.17/third_party/yuv/include -DPJMEDIA_HAS_WEBRTC_AEC=1 -I/home/inrack/src/pjsip-build/pjproject-2.17/third_party/webrtc/src -DPJMEDIA_HAS_WEBRTC_AEC3=0 -DPJMEDIA_AUDIO_DEV_HAS_WMME=0 -DPJMEDIA_AUDIO_DEV_HAS_PORTAUDIO=0 -DPJMEDIA_AUDIO_DEV_HAS_WMME=0 -I../include -I../../pjlib/include -I../../pjlib-util/include -I../../pjmedia/include -I../../pjnath/include -I../.. \
	-c -o output/pjmedia-test-x86_64-pc-linux-gnu/mips_test.o \
	../src/test/mips_test.c 
gcc -Wall -DPJ_AUTOCONF=1 -fPIC -DPJ_IS_BIG_ENDIAN=0 -DPJ_IS_LITTLE_ENDIAN=1    -DPJMEDIA_USE_OLD_FFMPEG=1           -I/home/inrack/src/pjsip-build/pjproject-2.17/third_party/build/speex -I/home/inrack/src/pjsip-build/pjproject-2.17/third_party/speex/include -DPJMEDIA_HAS_OPENCORE_AMRNB_CODEC=0 -DPJMEDIA_HAS_OPENCORE_AMRWB_CODEC=0 -DPJMEDIA_HAS_ANDROID_MEDIACODEC=0 -DPJMEDIA_HAS_LYRA_CODEC=0 -I/home/inrack/src/pjsip-build/pjproject-2.17/third_party/build/srtp -I/home/inrack/src/pjsip-build/pjproject-2.17/third_party/srtp/crypto/include -I/home/inrack/src/pjsip-build/pjproject-2.17/third_party/srtp/include -DPJMEDIA_RESAMPLE_IMP=PJMEDIA_RESAMPLE_LIBRESAMPLE -DPJMEDIA_HAS_LIBYUV=1 -I/home/inrack/src/pjsip-build/pjproject-2.17/third_party/yuv/include -DPJMEDIA_HAS_WEBRTC_AEC=1 -I/home/inrack/src/pjsip-build/pjproject-2.17/third_party/webrtc/src -DPJMEDIA_HAS_WEBRTC_AEC3=0 -DPJMEDIA_AUDIO_DEV_HAS_WMME=0 -DPJMEDIA_AUDIO_DEV_HAS_PORTAUDIO=0 -DPJMEDIA_AUDIO_DEV_HAS_WMME=0 -I../include -I../../pjlib/include -I../../pjlib-util/include -I../../pjmedia/include -I../../pjnath/include -I../.. \
	-c -o output/pjmedia-test-x86_64-pc-linux-gnu/vid_codec_test.o \
	../src/test/vid_codec_test.c 
gcc -Wall -DPJ_AUTOCONF=1 -fPIC -DPJ_IS_BIG_ENDIAN=0 -DPJ_IS_LITTLE_ENDIAN=1    -DPJMEDIA_USE_OLD_FFMPEG=1           -I/home/inrack/src/pjsip-build/pjproject-2.17/third_party/build/speex -I/home/inrack/src/pjsip-build/pjproject-2.17/third_party/speex/include -DPJMEDIA_HAS_OPENCORE_AMRNB_CODEC=0 -DPJMEDIA_HAS_OPENCORE_AMRWB_CODEC=0 -DPJMEDIA_HAS_ANDROID_MEDIACODEC=0 -DPJMEDIA_HAS_LYRA_CODEC=0 -I/home/inrack/src/pjsip-build/pjproject-2.17/third_party/build/srtp -I/home/inrack/src/pjsip-build/pjproject-2.17/third_party/srtp/crypto/include -I/home/inrack/src/pjsip-build/pjproject-2.17/third_party/srtp/include -DPJMEDIA_RESAMPLE_IMP=PJMEDIA_RESAMPLE_LIBRESAMPLE -DPJMEDIA_HAS_LIBYUV=1 -I/home/inrack/src/pjsip-build/pjproject-2.17/third_party/yuv/include -DPJMEDIA_HAS_WEBRTC_AEC=1 -I/home/inrack/src/pjsip-build/pjproject-2.17/third_party/webrtc/src -DPJMEDIA_HAS_WEBRTC_AEC3=0 -DPJMEDIA_AUDIO_DEV_HAS_WMME=0 -DPJMEDIA_AUDIO_DEV_HAS_PORTAUDIO=0 -DPJMEDIA_AUDIO_DEV_HAS_WMME=0 -I../include -I../../pjlib/include -I../../pjlib-util/include -I../../pjmedia/include -I../../pjnath/include -I../.. \
	-c -o output/pjmedia-test-x86_64-pc-linux-gnu/vid_dev_test.o \
	../src/test/vid_dev_test.c 
gcc -Wall -DPJ_AUTOCONF=1 -fPIC -DPJ_IS_BIG_ENDIAN=0 -DPJ_IS_LITTLE_ENDIAN=1    -DPJMEDIA_USE_OLD_FFMPEG=1           -I/home/inrack/src/pjsip-build/pjproject-2.17/third_party/build/speex -I/home/inrack/src/pjsip-build/pjproject-2.17/third_party/speex/include -DPJMEDIA_HAS_OPENCORE_AMRNB_CODEC=0 -DPJMEDIA_HAS_OPENCORE_AMRWB_CODEC=0 -DPJMEDIA_HAS_ANDROID_MEDIACODEC=0 -DPJMEDIA_HAS_LYRA_CODEC=0 -I/home/inrack/src/pjsip-build/pjproject-2.17/third_party/build/srtp -I/home/inrack/src/pjsip-build/pjproject-2.17/third_party/srtp/crypto/include -I/home/inrack/src/pjsip-build/pjproject-2.17/third_party/srtp/include -DPJMEDIA_RESAMPLE_IMP=PJMEDIA_RESAMPLE_LIBRESAMPLE -DPJMEDIA_HAS_LIBYUV=1 -I/home/inrack/src/pjsip-build/pjproject-2.17/third_party/yuv/include -DPJMEDIA_HAS_WEBRTC_AEC=1 -I/home/inrack/src/pjsip-build/pjproject-2.17/third_party/webrtc/src -DPJMEDIA_HAS_WEBRTC_AEC3=0 -DPJMEDIA_AUDIO_DEV_HAS_WMME=0 -DPJMEDIA_AUDIO_DEV_HAS_PORTAUDIO=0 -DPJMEDIA_AUDIO_DEV_HAS_WMME=0 -I../include -I../../pjlib/include -I../../pjlib-util/include -I../../pjmedia/include -I../../pjnath/include -I../.. \
	-c -o output/pjmedia-test-x86_64-pc-linux-gnu/vid_port_test.o \
	../src/test/vid_port_test.c 
gcc -Wall -DPJ_AUTOCONF=1 -fPIC -DPJ_IS_BIG_ENDIAN=0 -DPJ_IS_LITTLE_ENDIAN=1    -DPJMEDIA_USE_OLD_FFMPEG=1           -I/home/inrack/src/pjsip-build/pjproject-2.17/third_party/build/speex -I/home/inrack/src/pjsip-build/pjproject-2.17/third_party/speex/include -DPJMEDIA_HAS_OPENCORE_AMRNB_CODEC=0 -DPJMEDIA_HAS_OPENCORE_AMRWB_CODEC=0 -DPJMEDIA_HAS_ANDROID_MEDIACODEC=0 -DPJMEDIA_HAS_LYRA_CODEC=0 -I/home/inrack/src/pjsip-build/pjproject-2.17/third_party/build/srtp -I/home/inrack/src/pjsip-build/pjproject-2.17/third_party/srtp/crypto/include -I/home/inrack/src/pjsip-build/pjproject-2.17/third_party/srtp/include -DPJMEDIA_RESAMPLE_IMP=PJMEDIA_RESAMPLE_LIBRESAMPLE -DPJMEDIA_HAS_LIBYUV=1 -I/home/inrack/src/pjsip-build/pjproject-2.17/third_party/yuv/include -DPJMEDIA_HAS_WEBRTC_AEC=1 -I/home/inrack/src/pjsip-build/pjproject-2.17/third_party/webrtc/src -DPJMEDIA_HAS_WEBRTC_AEC3=0 -DPJMEDIA_AUDIO_DEV_HAS_WMME=0 -DPJMEDIA_AUDIO_DEV_HAS_PORTAUDIO=0 -DPJMEDIA_AUDIO_DEV_HAS_WMME=0 -I../include -I../../pjlib/include -I../../pjlib-util/include -I../../pjmedia/include -I../../pjnath/include -I../.. \
	-c -o output/pjmedia-test-x86_64-pc-linux-gnu/rtp_test.o \
	../src/test/rtp_test.c 
gcc -Wall -DPJ_AUTOCONF=1 -fPIC -DPJ_IS_BIG_ENDIAN=0 -DPJ_IS_LITTLE_ENDIAN=1    -DPJMEDIA_USE_OLD_FFMPEG=1           -I/home/inrack/src/pjsip-build/pjproject-2.17/third_party/build/speex -I/home/inrack/src/pjsip-build/pjproject-2.17/third_party/speex/include -DPJMEDIA_HAS_OPENCORE_AMRNB_CODEC=0 -DPJMEDIA_HAS_OPENCORE_AMRWB_CODEC=0 -DPJMEDIA_HAS_ANDROID_MEDIACODEC=0 -DPJMEDIA_HAS_LYRA_CODEC=0 -I/home/inrack/src/pjsip-build/pjproject-2.17/third_party/build/srtp -I/home/inrack/src/pjsip-build/pjproject-2.17/third_party/srtp/crypto/include -I/home/inrack/src/pjsip-build/pjproject-2.17/third_party/srtp/include -DPJMEDIA_RESAMPLE_IMP=PJMEDIA_RESAMPLE_LIBRESAMPLE -DPJMEDIA_HAS_LIBYUV=1 -I/home/inrack/src/pjsip-build/pjproject-2.17/third_party/yuv/include -DPJMEDIA_HAS_WEBRTC_AEC=1 -I/home/inrack/src/pjsip-build/pjproject-2.17/third_party/webrtc/src -DPJMEDIA_HAS_WEBRTC_AEC3=0 -DPJMEDIA_AUDIO_DEV_HAS_WMME=0 -DPJMEDIA_AUDIO_DEV_HAS_PORTAUDIO=0 -DPJMEDIA_AUDIO_DEV_HAS_WMME=0 -I../include -I../../pjlib/include -I../../pjlib-util/include -I../../pjmedia/include -I../../pjnath/include -I../.. \
	-c -o output/pjmedia-test-x86_64-pc-linux-gnu/test.o \
	../src/test/test.c 
gcc -Wall -DPJ_AUTOCONF=1 -fPIC -DPJ_IS_BIG_ENDIAN=0 -DPJ_IS_LITTLE_ENDIAN=1    -DPJMEDIA_USE_OLD_FFMPEG=1           -I/home/inrack/src/pjsip-build/pjproject-2.17/third_party/build/speex -I/home/inrack/src/pjsip-build/pjproject-2.17/third_party/speex/include -DPJMEDIA_HAS_OPENCORE_AMRNB_CODEC=0 -DPJMEDIA_HAS_OPENCORE_AMRWB_CODEC=0 -DPJMEDIA_HAS_ANDROID_MEDIACODEC=0 -DPJMEDIA_HAS_LYRA_CODEC=0 -I/home/inrack/src/pjsip-build/pjproject-2.17/third_party/build/srtp -I/home/inrack/src/pjsip-build/pjproject-2.17/third_party/srtp/crypto/include -I/home/inrack/src/pjsip-build/pjproject-2.17/third_party/srtp/include -DPJMEDIA_RESAMPLE_IMP=PJMEDIA_RESAMPLE_LIBRESAMPLE -DPJMEDIA_HAS_LIBYUV=1 -I/home/inrack/src/pjsip-build/pjproject-2.17/third_party/yuv/include -DPJMEDIA_HAS_WEBRTC_AEC=1 -I/home/inrack/src/pjsip-build/pjproject-2.17/third_party/webrtc/src -DPJMEDIA_HAS_WEBRTC_AEC3=0 -DPJMEDIA_AUDIO_DEV_HAS_WMME=0 -DPJMEDIA_AUDIO_DEV_HAS_PORTAUDIO=0 -DPJMEDIA_AUDIO_DEV_HAS_WMME=0 -I../include -I../../pjlib/include -I../../pjlib-util/include -I../../pjmedia/include -I../../pjnath/include -I../.. \
	-c -o output/pjmedia-test-x86_64-pc-linux-gnu/sdp_neg_test.o \
	../src/test/sdp_neg_test.c 
if test ! -d ../bin; then mkdir -p ../bin; fi
g++ -o ../bin/pjmedia-test-x86_64-pc-linux-gnu \
     output/pjmedia-test-x86_64-pc-linux-gnu/codec_vectors.o  output/pjmedia-test-x86_64-pc-linux-gnu/jbuf_test.o  output/pjmedia-test-x86_64-pc-linux-gnu/main.o  output/pjmedia-test-x86_64-pc-linux-gnu/mips_test.o  output/pjmedia-test-x86_64-pc-linux-gnu/vid_codec_test.o  output/pjmedia-test-x86_64-pc-linux-gnu/vid_dev_test.o  output/pjmedia-test-x86_64-pc-linux-gnu/vid_port_test.o  output/pjmedia-test-x86_64-pc-linux-gnu/rtp_test.o  output/pjmedia-test-x86_64-pc-linux-gnu/test.o  output/pjmedia-test-x86_64-pc-linux-gnu/sdp_neg_test.o -lpjmedia-codec-x86_64-pc-linux-gnu -lpjmedia-videodev-x86_64-pc-linux-gnu -lpjmedia-audiodev-x86_64-pc-linux-gnu -lpjmedia-x86_64-pc-linux-gnu -lpjnath-x86_64-pc-linux-gnu -lpjlib-util-x86_64-pc-linux-gnu -lpj-x86_64-pc-linux-gnu -lsrtp-x86_64-pc-linux-gnu -lresample-x86_64-pc-linux-gnu -lgsmcodec-x86_64-pc-linux-gnu -lspeex-x86_64-pc-linux-gnu -lilbccodec-x86_64-pc-linux-gnu -lg7221codec-x86_64-pc-linux-gnu -lyuv-x86_64-pc-linux-gnu -lwebrtc-x86_64-pc-linux-gnu   -lssl -lcrypto -luuid -lm -lrt -lpthread      -L/home/inrack/src/pjsip-build/pjproject-2.17/pjlib/lib -L/home/inrack/src/pjsip-build/pjproject-2.17/pjlib-util/lib -L/home/inrack/src/pjsip-build/pjproject-2.17/pjnath/lib -L/home/inrack/src/pjsip-build/pjproject-2.17/pjmedia/lib -L/home/inrack/src/pjsip-build/pjproject-2.17/pjsip/lib -L/home/inrack/src/pjsip-build/pjproject-2.17/third_party/lib                     
make[2]: Leaving directory '/home/inrack/src/pjsip-build/pjproject-2.17/pjmedia/build'
make[1]: Leaving directory '/home/inrack/src/pjsip-build/pjproject-2.17/pjmedia/build'
make[1]: Entering directory '/home/inrack/src/pjsip-build/pjproject-2.17/pjsip/build'
make -f /home/inrack/src/pjsip-build/pjproject-2.17/build/rules.mak APP=PJSIP app=pjsip ../lib/libpjsip-x86_64-pc-linux-gnu.a
make[2]: Entering directory '/home/inrack/src/pjsip-build/pjproject-2.17/pjsip/build'
mkdir -p output/pjsip-x86_64-pc-linux-gnu/
gcc -Wall -DPJ_AUTOCONF=1 -fPIC -DPJ_IS_BIG_ENDIAN=0 -DPJ_IS_LITTLE_ENDIAN=1    -I../include -I../../pjlib/include -I../../pjlib-util/include -I../../pjnath/include -I../../pjmedia/include \
	-c -o output/pjsip-x86_64-pc-linux-gnu/sip_config.o \
	../src/pjsip/sip_config.c 
gcc -Wall -DPJ_AUTOCONF=1 -fPIC -DPJ_IS_BIG_ENDIAN=0 -DPJ_IS_LITTLE_ENDIAN=1    -I../include -I../../pjlib/include -I../../pjlib-util/include -I../../pjnath/include -I../../pjmedia/include \
	-c -o output/pjsip-x86_64-pc-linux-gnu/sip_multipart.o \
	../src/pjsip/sip_multipart.c 
gcc -Wall -DPJ_AUTOCONF=1 -fPIC -DPJ_IS_BIG_ENDIAN=0 -DPJ_IS_LITTLE_ENDIAN=1    -I../include -I../../pjlib/include -I../../pjlib-util/include -I../../pjnath/include -I../../pjmedia/include \
	-c -o output/pjsip-x86_64-pc-linux-gnu/sip_errno.o \
	../src/pjsip/sip_errno.c 
gcc -Wall -DPJ_AUTOCONF=1 -fPIC -DPJ_IS_BIG_ENDIAN=0 -DPJ_IS_LITTLE_ENDIAN=1    -I../include -I../../pjlib/include -I../../pjlib-util/include -I../../pjnath/include -I../../pjmedia/include \
	-c -o output/pjsip-x86_64-pc-linux-gnu/sip_msg.o \
	../src/pjsip/sip_msg.c 
gcc -Wall -DPJ_AUTOCONF=1 -fPIC -DPJ_IS_BIG_ENDIAN=0 -DPJ_IS_LITTLE_ENDIAN=1    -I../include -I../../pjlib/include -I../../pjlib-util/include -I../../pjnath/include -I../../pjmedia/include \
	-c -o output/pjsip-x86_64-pc-linux-gnu/sip_parser.o \
	../src/pjsip/sip_parser.c 
gcc -Wall -DPJ_AUTOCONF=1 -fPIC -DPJ_IS_BIG_ENDIAN=0 -DPJ_IS_LITTLE_ENDIAN=1    -I../include -I../../pjlib/include -I../../pjlib-util/include -I../../pjnath/include -I../../pjmedia/include \
	-c -o output/pjsip-x86_64-pc-linux-gnu/sip_tel_uri.o \
	../src/pjsip/sip_tel_uri.c 
gcc -Wall -DPJ_AUTOCONF=1 -fPIC -DPJ_IS_BIG_ENDIAN=0 -DPJ_IS_LITTLE_ENDIAN=1    -I../include -I../../pjlib/include -I../../pjlib-util/include -I../../pjnath/include -I../../pjmedia/include \
	-c -o output/pjsip-x86_64-pc-linux-gnu/sip_uri.o \
	../src/pjsip/sip_uri.c 
gcc -Wall -DPJ_AUTOCONF=1 -fPIC -DPJ_IS_BIG_ENDIAN=0 -DPJ_IS_LITTLE_ENDIAN=1    -I../include -I../../pjlib/include -I../../pjlib-util/include -I../../pjnath/include -I../../pjmedia/include \
	-c -o output/pjsip-x86_64-pc-linux-gnu/sip_endpoint.o \
	../src/pjsip/sip_endpoint.c 
gcc -Wall -DPJ_AUTOCONF=1 -fPIC -DPJ_IS_BIG_ENDIAN=0 -DPJ_IS_LITTLE_ENDIAN=1    -I../include -I../../pjlib/include -I../../pjlib-util/include -I../../pjnath/include -I../../pjmedia/include \
	-c -o output/pjsip-x86_64-pc-linux-gnu/sip_util.o \
	../src/pjsip/sip_util.c 
gcc -Wall -DPJ_AUTOCONF=1 -fPIC -DPJ_IS_BIG_ENDIAN=0 -DPJ_IS_LITTLE_ENDIAN=1    -I../include -I../../pjlib/include -I../../pjlib-util/include -I../../pjnath/include -I../../pjmedia/include \
	-c -o output/pjsip-x86_64-pc-linux-gnu/sip_util_proxy.o \
	../src/pjsip/sip_util_proxy.c 
gcc -Wall -DPJ_AUTOCONF=1 -fPIC -DPJ_IS_BIG_ENDIAN=0 -DPJ_IS_LITTLE_ENDIAN=1    -I../include -I../../pjlib/include -I../../pjlib-util/include -I../../pjnath/include -I../../pjmedia/include \
	-c -o output/pjsip-x86_64-pc-linux-gnu/sip_resolve.o \
	../src/pjsip/sip_resolve.c 
In file included from ../../pjlib/include/pj/types.h:32,
                 from ../include/pjsip/sip_config.h:26,
                 from ../include/pjsip/sip_types.h:33,
                 from ../include/pjsip/sip_msg.h:27,
                 from ../include/pjsip/sip_util.h:22,
                 from ../src/pjsip/sip_util.c:19:
../src/pjsip/sip_util.c: In function ‘pjsip_get_dest_info’:
../../pjlib/include/pj/config.h:1617:29: warning: label ‘TODO___SUPPORT_REQUEST_ADDR_RESOLUTION_FOR_TEL_URI’ defined but not used [-Wunused-label]
 1617 | #  define PJ_TODO(id)       TODO___##id:
      |                             ^~~~~~~
../src/pjsip/sip_util.c:877:9: note: in expansion of macro ‘PJ_TODO’
  877 |         PJ_TODO(SUPPORT_REQUEST_ADDR_RESOLUTION_FOR_TEL_URI);
      |         ^~~~~~~
gcc -Wall -DPJ_AUTOCONF=1 -fPIC -DPJ_IS_BIG_ENDIAN=0 -DPJ_IS_LITTLE_ENDIAN=1    -I../include -I../../pjlib/include -I../../pjlib-util/include -I../../pjnath/include -I../../pjmedia/include \
	-c -o output/pjsip-x86_64-pc-linux-gnu/sip_transport.o \
	../src/pjsip/sip_transport.c 
gcc -Wall -DPJ_AUTOCONF=1 -fPIC -DPJ_IS_BIG_ENDIAN=0 -DPJ_IS_LITTLE_ENDIAN=1    -I../include -I../../pjlib/include -I../../pjlib-util/include -I../../pjnath/include -I../../pjmedia/include \
	-c -o output/pjsip-x86_64-pc-linux-gnu/sip_transport_loop.o \
	../src/pjsip/sip_transport_loop.c 
In file included from ../../pjlib/include/pj/types.h:32,
                 from ../include/pjsip/sip_config.h:26,
                 from ../include/pjsip/sip_types.h:33,
                 from ../include/pjsip/sip_resolve.h:29,
                 from ../src/pjsip/sip_resolve.c:19:
../src/pjsip/sip_resolve.c: In function ‘pjsip_resolve’:
../../pjlib/include/pj/config.h:1617:29: warning: label ‘TODO___SUPPORT_DNS_NAPTR’ defined but not used [-Wunused-label]
 1617 | #  define PJ_TODO(id)       TODO___##id:
      |                             ^~~~~~~
../src/pjsip/sip_resolve.c:424:5: note: in expansion of macro ‘PJ_TODO’
  424 |     PJ_TODO(SUPPORT_DNS_NAPTR);
      |     ^~~~~~~
gcc -Wall -DPJ_AUTOCONF=1 -fPIC -DPJ_IS_BIG_ENDIAN=0 -DPJ_IS_LITTLE_ENDIAN=1    -I../include -I../../pjlib/include -I../../pjlib-util/include -I../../pjnath/include -I../../pjmedia/include \
	-c -o output/pjsip-x86_64-pc-linux-gnu/sip_transport_udp.o \
	../src/pjsip/sip_transport_udp.c 
gcc -Wall -DPJ_AUTOCONF=1 -fPIC -DPJ_IS_BIG_ENDIAN=0 -DPJ_IS_LITTLE_ENDIAN=1    -I../include -I../../pjlib/include -I../../pjlib-util/include -I../../pjnath/include -I../../pjmedia/include \
	-c -o output/pjsip-x86_64-pc-linux-gnu/sip_transport_tcp.o \
	../src/pjsip/sip_transport_tcp.c 
gcc -Wall -DPJ_AUTOCONF=1 -fPIC -DPJ_IS_BIG_ENDIAN=0 -DPJ_IS_LITTLE_ENDIAN=1    -I../include -I../../pjlib/include -I../../pjlib-util/include -I../../pjnath/include -I../../pjmedia/include \
	-c -o output/pjsip-x86_64-pc-linux-gnu/sip_transport_tls.o \
	../src/pjsip/sip_transport_tls.c 
gcc -Wall -DPJ_AUTOCONF=1 -fPIC -DPJ_IS_BIG_ENDIAN=0 -DPJ_IS_LITTLE_ENDIAN=1    -I../include -I../../pjlib/include -I../../pjlib-util/include -I../../pjnath/include -I../../pjmedia/include \
	-c -o output/pjsip-x86_64-pc-linux-gnu/sip_auth_aka.o \
	../src/pjsip/sip_auth_aka.c 
gcc -Wall -DPJ_AUTOCONF=1 -fPIC -DPJ_IS_BIG_ENDIAN=0 -DPJ_IS_LITTLE_ENDIAN=1    -I../include -I../../pjlib/include -I../../pjlib-util/include -I../../pjnath/include -I../../pjmedia/include \
	-c -o output/pjsip-x86_64-pc-linux-gnu/sip_auth_client.o \
	../src/pjsip/sip_auth_client.c 
gcc -Wall -DPJ_AUTOCONF=1 -fPIC -DPJ_IS_BIG_ENDIAN=0 -DPJ_IS_LITTLE_ENDIAN=1    -I../include -I../../pjlib/include -I../../pjlib-util/include -I../../pjnath/include -I../../pjmedia/include \
	-c -o output/pjsip-x86_64-pc-linux-gnu/sip_auth_msg.o \
	../src/pjsip/sip_auth_msg.c 
gcc -Wall -DPJ_AUTOCONF=1 -fPIC -DPJ_IS_BIG_ENDIAN=0 -DPJ_IS_LITTLE_ENDIAN=1    -I../include -I../../pjlib/include -I../../pjlib-util/include -I../../pjnath/include -I../../pjmedia/include \
	-c -o output/pjsip-x86_64-pc-linux-gnu/sip_auth_parser.o \
	../src/pjsip/sip_auth_parser.c 
gcc -Wall -DPJ_AUTOCONF=1 -fPIC -DPJ_IS_BIG_ENDIAN=0 -DPJ_IS_LITTLE_ENDIAN=1    -I../include -I../../pjlib/include -I../../pjlib-util/include -I../../pjnath/include -I../../pjmedia/include \
	-c -o output/pjsip-x86_64-pc-linux-gnu/sip_auth_server.o \
	../src/pjsip/sip_auth_server.c 
gcc -Wall -DPJ_AUTOCONF=1 -fPIC -DPJ_IS_BIG_ENDIAN=0 -DPJ_IS_LITTLE_ENDIAN=1    -I../include -I../../pjlib/include -I../../pjlib-util/include -I../../pjnath/include -I../../pjmedia/include \
	-c -o output/pjsip-x86_64-pc-linux-gnu/sip_transaction.o \
	../src/pjsip/sip_transaction.c 
gcc -Wall -DPJ_AUTOCONF=1 -fPIC -DPJ_IS_BIG_ENDIAN=0 -DPJ_IS_LITTLE_ENDIAN=1    -I../include -I../../pjlib/include -I../../pjlib-util/include -I../../pjnath/include -I../../pjmedia/include \
	-c -o output/pjsip-x86_64-pc-linux-gnu/sip_util_statefull.o \
	../src/pjsip/sip_util_statefull.c 
In file included from ../../pjlib/include/pj/types.h:32,
                 from ../include/pjsip/sip_config.h:26,
                 from ../include/pjsip/sip_auth.h:27,
                 from ../src/pjsip/sip_auth_client.c:20:
../src/pjsip/sip_auth_client.c: In function ‘pjsip_auth_clt_clone’:
../../pjlib/include/pj/config.h:1617:29: warning: label ‘TODO___FULL_CLONE_OF_AUTH_CLIENT_SESSION’ defined but not used [-Wunused-label]
 1617 | #  define PJ_TODO(id)       TODO___##id:
      |                             ^~~~~~~
../src/pjsip/sip_auth_client.c:1035:5: note: in expansion of macro ‘PJ_TODO’
 1035 |     PJ_TODO(FULL_CLONE_OF_AUTH_CLIENT_SESSION);
      |     ^~~~~~~
gcc -Wall -DPJ_AUTOCONF=1 -fPIC -DPJ_IS_BIG_ENDIAN=0 -DPJ_IS_LITTLE_ENDIAN=1    -I../include -I../../pjlib/include -I../../pjlib-util/include -I../../pjnath/include -I../../pjmedia/include \
	-c -o output/pjsip-x86_64-pc-linux-gnu/sip_dialog.o \
	../src/pjsip/sip_dialog.c 
gcc -Wall -DPJ_AUTOCONF=1 -fPIC -DPJ_IS_BIG_ENDIAN=0 -DPJ_IS_LITTLE_ENDIAN=1    -I../include -I../../pjlib/include -I../../pjlib-util/include -I../../pjnath/include -I../../pjmedia/include \
	-c -o output/pjsip-x86_64-pc-linux-gnu/sip_ua_layer.o \
	../src/pjsip/sip_ua_layer.c 
In file included from ../../pjlib/include/pj/types.h:32,
                 from ../include/pjsip/sip_config.h:26,
                 from ../include/pjsip/sip_types.h:33,
                 from ../include/pjsip/sip_msg.h:27,
                 from ../include/pjsip/sip_dialog.h:28,
                 from ../src/pjsip/sip_dialog.c:19:
../src/pjsip/sip_dialog.c: In function ‘create_uas_dialog’:
../../pjlib/include/pj/config.h:1617:29: warning: label ‘TODO___DIALOG_APP_TIMER’ defined but not used [-Wunused-label]
 1617 | #  define PJ_TODO(id)       TODO___##id:
      |                             ^~~~~~~
../src/pjsip/sip_dialog.c:629:5: note: in expansion of macro ‘PJ_TODO’
  629 |     PJ_TODO(DIALOG_APP_TIMER);
      |     ^~~~~~~
if test ! -d ../lib; then mkdir -p ../lib; fi
ar rv ../lib/libpjsip-x86_64-pc-linux-gnu.a  output/pjsip-x86_64-pc-linux-gnu/sip_config.o  output/pjsip-x86_64-pc-linux-gnu/sip_multipart.o  output/pjsip-x86_64-pc-linux-gnu/sip_errno.o  output/pjsip-x86_64-pc-linux-gnu/sip_msg.o  output/pjsip-x86_64-pc-linux-gnu/sip_parser.o  output/pjsip-x86_64-pc-linux-gnu/sip_tel_uri.o  output/pjsip-x86_64-pc-linux-gnu/sip_uri.o  output/pjsip-x86_64-pc-linux-gnu/sip_endpoint.o  output/pjsip-x86_64-pc-linux-gnu/sip_util.o  output/pjsip-x86_64-pc-linux-gnu/sip_util_proxy.o  output/pjsip-x86_64-pc-linux-gnu/sip_resolve.o  output/pjsip-x86_64-pc-linux-gnu/sip_transport.o  output/pjsip-x86_64-pc-linux-gnu/sip_transport_loop.o  output/pjsip-x86_64-pc-linux-gnu/sip_transport_udp.o  output/pjsip-x86_64-pc-linux-gnu/sip_transport_tcp.o  output/pjsip-x86_64-pc-linux-gnu/sip_transport_tls.o  output/pjsip-x86_64-pc-linux-gnu/sip_auth_aka.o  output/pjsip-x86_64-pc-linux-gnu/sip_auth_client.o  output/pjsip-x86_64-pc-linux-gnu/sip_auth_msg.o  output/pjsip-x86_64-pc-linux-gnu/sip_auth_parser.o  output/pjsip-x86_64-pc-linux-gnu/sip_auth_server.o  output/pjsip-x86_64-pc-linux-gnu/sip_transaction.o  output/pjsip-x86_64-pc-linux-gnu/sip_util_statefull.o  output/pjsip-x86_64-pc-linux-gnu/sip_dialog.o  output/pjsip-x86_64-pc-linux-gnu/sip_ua_layer.o
ar: creating ../lib/libpjsip-x86_64-pc-linux-gnu.a
a - output/pjsip-x86_64-pc-linux-gnu/sip_config.o
a - output/pjsip-x86_64-pc-linux-gnu/sip_multipart.o
a - output/pjsip-x86_64-pc-linux-gnu/sip_errno.o
a - output/pjsip-x86_64-pc-linux-gnu/sip_msg.o
a - output/pjsip-x86_64-pc-linux-gnu/sip_parser.o
a - output/pjsip-x86_64-pc-linux-gnu/sip_tel_uri.o
a - output/pjsip-x86_64-pc-linux-gnu/sip_uri.o
a - output/pjsip-x86_64-pc-linux-gnu/sip_endpoint.o
a - output/pjsip-x86_64-pc-linux-gnu/sip_util.o
a - output/pjsip-x86_64-pc-linux-gnu/sip_util_proxy.o
a - output/pjsip-x86_64-pc-linux-gnu/sip_resolve.o
a - output/pjsip-x86_64-pc-linux-gnu/sip_transport.o
a - output/pjsip-x86_64-pc-linux-gnu/sip_transport_loop.o
a - output/pjsip-x86_64-pc-linux-gnu/sip_transport_udp.o
a - output/pjsip-x86_64-pc-linux-gnu/sip_transport_tcp.o
a - output/pjsip-x86_64-pc-linux-gnu/sip_transport_tls.o
a - output/pjsip-x86_64-pc-linux-gnu/sip_auth_aka.o
a - output/pjsip-x86_64-pc-linux-gnu/sip_auth_client.o
a - output/pjsip-x86_64-pc-linux-gnu/sip_auth_msg.o
a - output/pjsip-x86_64-pc-linux-gnu/sip_auth_parser.o
a - output/pjsip-x86_64-pc-linux-gnu/sip_auth_server.o
a - output/pjsip-x86_64-pc-linux-gnu/sip_transaction.o
a - output/pjsip-x86_64-pc-linux-gnu/sip_util_statefull.o
a - output/pjsip-x86_64-pc-linux-gnu/sip_dialog.o
a - output/pjsip-x86_64-pc-linux-gnu/sip_ua_layer.o
ranlib ../lib/libpjsip-x86_64-pc-linux-gnu.a
make[2]: Leaving directory '/home/inrack/src/pjsip-build/pjproject-2.17/pjsip/build'
make -f /home/inrack/src/pjsip-build/pjproject-2.17/build/rules.mak APP=PJSIP_SIMPLE app=pjsip-simple ../lib/libpjsip-simple-x86_64-pc-linux-gnu.a
make[2]: Entering directory '/home/inrack/src/pjsip-build/pjproject-2.17/pjsip/build'
mkdir -p output/pjsip-simple-x86_64-pc-linux-gnu/
gcc -Wall -DPJ_AUTOCONF=1 -fPIC -DPJ_IS_BIG_ENDIAN=0 -DPJ_IS_LITTLE_ENDIAN=1    -I../include -I../../pjlib/include -I../../pjlib-util/include -I../../pjnath/include -I../../pjmedia/include \
	-c -o output/pjsip-simple-x86_64-pc-linux-gnu/errno.o \
	../src/pjsip-simple/errno.c 
gcc -Wall -DPJ_AUTOCONF=1 -fPIC -DPJ_IS_BIG_ENDIAN=0 -DPJ_IS_LITTLE_ENDIAN=1    -I../include -I../../pjlib/include -I../../pjlib-util/include -I../../pjnath/include -I../../pjmedia/include \
	-c -o output/pjsip-simple-x86_64-pc-linux-gnu/evsub.o \
	../src/pjsip-simple/evsub.c 
gcc -Wall -DPJ_AUTOCONF=1 -fPIC -DPJ_IS_BIG_ENDIAN=0 -DPJ_IS_LITTLE_ENDIAN=1    -I../include -I../../pjlib/include -I../../pjlib-util/include -I../../pjnath/include -I../../pjmedia/include \
	-c -o output/pjsip-simple-x86_64-pc-linux-gnu/evsub_msg.o \
	../src/pjsip-simple/evsub_msg.c 
gcc -Wall -DPJ_AUTOCONF=1 -fPIC -DPJ_IS_BIG_ENDIAN=0 -DPJ_IS_LITTLE_ENDIAN=1    -I../include -I../../pjlib/include -I../../pjlib-util/include -I../../pjnath/include -I../../pjmedia/include \
	-c -o output/pjsip-simple-x86_64-pc-linux-gnu/iscomposing.o \
	../src/pjsip-simple/iscomposing.c 
gcc -Wall -DPJ_AUTOCONF=1 -fPIC -DPJ_IS_BIG_ENDIAN=0 -DPJ_IS_LITTLE_ENDIAN=1    -I../include -I../../pjlib/include -I../../pjlib-util/include -I../../pjnath/include -I../../pjmedia/include \
	-c -o output/pjsip-simple-x86_64-pc-linux-gnu/mwi.o \
	../src/pjsip-simple/mwi.c 
gcc -Wall -DPJ_AUTOCONF=1 -fPIC -DPJ_IS_BIG_ENDIAN=0 -DPJ_IS_LITTLE_ENDIAN=1    -I../include -I../../pjlib/include -I../../pjlib-util/include -I../../pjnath/include -I../../pjmedia/include \
	-c -o output/pjsip-simple-x86_64-pc-linux-gnu/pidf.o \
	../src/pjsip-simple/pidf.c 
gcc -Wall -DPJ_AUTOCONF=1 -fPIC -DPJ_IS_BIG_ENDIAN=0 -DPJ_IS_LITTLE_ENDIAN=1    -I../include -I../../pjlib/include -I../../pjlib-util/include -I../../pjnath/include -I../../pjmedia/include \
	-c -o output/pjsip-simple-x86_64-pc-linux-gnu/dialog_info.o \
	../src/pjsip-simple/dialog_info.c 
gcc -Wall -DPJ_AUTOCONF=1 -fPIC -DPJ_IS_BIG_ENDIAN=0 -DPJ_IS_LITTLE_ENDIAN=1    -I../include -I../../pjlib/include -I../../pjlib-util/include -I../../pjnath/include -I../../pjmedia/include \
	-c -o output/pjsip-simple-x86_64-pc-linux-gnu/presence.o \
	../src/pjsip-simple/presence.c 
gcc -Wall -DPJ_AUTOCONF=1 -fPIC -DPJ_IS_BIG_ENDIAN=0 -DPJ_IS_LITTLE_ENDIAN=1    -I../include -I../../pjlib/include -I../../pjlib-util/include -I../../pjnath/include -I../../pjmedia/include \
	-c -o output/pjsip-simple-x86_64-pc-linux-gnu/dlg_event.o \
	../src/pjsip-simple/dlg_event.c 
gcc -Wall -DPJ_AUTOCONF=1 -fPIC -DPJ_IS_BIG_ENDIAN=0 -DPJ_IS_LITTLE_ENDIAN=1    -I../include -I../../pjlib/include -I../../pjlib-util/include -I../../pjnath/include -I../../pjmedia/include \
	-c -o output/pjsip-simple-x86_64-pc-linux-gnu/presence_body.o \
	../src/pjsip-simple/presence_body.c 
gcc -Wall -DPJ_AUTOCONF=1 -fPIC -DPJ_IS_BIG_ENDIAN=0 -DPJ_IS_LITTLE_ENDIAN=1    -I../include -I../../pjlib/include -I../../pjlib-util/include -I../../pjnath/include -I../../pjmedia/include \
	-c -o output/pjsip-simple-x86_64-pc-linux-gnu/publishc.o \
	../src/pjsip-simple/publishc.c 
gcc -Wall -DPJ_AUTOCONF=1 -fPIC -DPJ_IS_BIG_ENDIAN=0 -DPJ_IS_LITTLE_ENDIAN=1    -I../include -I../../pjlib/include -I../../pjlib-util/include -I../../pjnath/include -I../../pjmedia/include \
	-c -o output/pjsip-simple-x86_64-pc-linux-gnu/rpid.o \
	../src/pjsip-simple/rpid.c 
gcc -Wall -DPJ_AUTOCONF=1 -fPIC -DPJ_IS_BIG_ENDIAN=0 -DPJ_IS_LITTLE_ENDIAN=1    -I../include -I../../pjlib/include -I../../pjlib-util/include -I../../pjnath/include -I../../pjmedia/include \
	-c -o output/pjsip-simple-x86_64-pc-linux-gnu/xpidf.o \
	../src/pjsip-simple/xpidf.c 
if test ! -d ../lib; then mkdir -p ../lib; fi
ar rv ../lib/libpjsip-simple-x86_64-pc-linux-gnu.a  output/pjsip-simple-x86_64-pc-linux-gnu/errno.o  output/pjsip-simple-x86_64-pc-linux-gnu/evsub.o  output/pjsip-simple-x86_64-pc-linux-gnu/evsub_msg.o  output/pjsip-simple-x86_64-pc-linux-gnu/iscomposing.o  output/pjsip-simple-x86_64-pc-linux-gnu/mwi.o  output/pjsip-simple-x86_64-pc-linux-gnu/pidf.o  output/pjsip-simple-x86_64-pc-linux-gnu/dialog_info.o  output/pjsip-simple-x86_64-pc-linux-gnu/presence.o  output/pjsip-simple-x86_64-pc-linux-gnu/dlg_event.o  output/pjsip-simple-x86_64-pc-linux-gnu/presence_body.o  output/pjsip-simple-x86_64-pc-linux-gnu/publishc.o  output/pjsip-simple-x86_64-pc-linux-gnu/rpid.o  output/pjsip-simple-x86_64-pc-linux-gnu/xpidf.o
ar: creating ../lib/libpjsip-simple-x86_64-pc-linux-gnu.a
a - output/pjsip-simple-x86_64-pc-linux-gnu/errno.o
a - output/pjsip-simple-x86_64-pc-linux-gnu/evsub.o
a - output/pjsip-simple-x86_64-pc-linux-gnu/evsub_msg.o
a - output/pjsip-simple-x86_64-pc-linux-gnu/iscomposing.o
a - output/pjsip-simple-x86_64-pc-linux-gnu/mwi.o
a - output/pjsip-simple-x86_64-pc-linux-gnu/pidf.o
a - output/pjsip-simple-x86_64-pc-linux-gnu/dialog_info.o
a - output/pjsip-simple-x86_64-pc-linux-gnu/presence.o
a - output/pjsip-simple-x86_64-pc-linux-gnu/dlg_event.o
a - output/pjsip-simple-x86_64-pc-linux-gnu/presence_body.o
a - output/pjsip-simple-x86_64-pc-linux-gnu/publishc.o
a - output/pjsip-simple-x86_64-pc-linux-gnu/rpid.o
a - output/pjsip-simple-x86_64-pc-linux-gnu/xpidf.o
ranlib ../lib/libpjsip-simple-x86_64-pc-linux-gnu.a
make[2]: Leaving directory '/home/inrack/src/pjsip-build/pjproject-2.17/pjsip/build'
make -f /home/inrack/src/pjsip-build/pjproject-2.17/build/rules.mak APP=PJSIP_UA app=pjsip-ua ../lib/libpjsip-ua-x86_64-pc-linux-gnu.a
make[2]: Entering directory '/home/inrack/src/pjsip-build/pjproject-2.17/pjsip/build'
mkdir -p output/pjsip-ua-x86_64-pc-linux-gnu/
gcc -Wall -DPJ_AUTOCONF=1 -fPIC -DPJ_IS_BIG_ENDIAN=0 -DPJ_IS_LITTLE_ENDIAN=1    -I../include -I../../pjlib/include -I../../pjlib-util/include -I../../pjnath/include -I../../pjmedia/include \
	-c -o output/pjsip-ua-x86_64-pc-linux-gnu/sip_inv.o \
	../src/pjsip-ua/sip_inv.c 
gcc -Wall -DPJ_AUTOCONF=1 -fPIC -DPJ_IS_BIG_ENDIAN=0 -DPJ_IS_LITTLE_ENDIAN=1    -I../include -I../../pjlib/include -I../../pjlib-util/include -I../../pjnath/include -I../../pjmedia/include \
	-c -o output/pjsip-ua-x86_64-pc-linux-gnu/sip_reg.o \
	../src/pjsip-ua/sip_reg.c 
gcc -Wall -DPJ_AUTOCONF=1 -fPIC -DPJ_IS_BIG_ENDIAN=0 -DPJ_IS_LITTLE_ENDIAN=1    -I../include -I../../pjlib/include -I../../pjlib-util/include -I../../pjnath/include -I../../pjmedia/include \
	-c -o output/pjsip-ua-x86_64-pc-linux-gnu/sip_replaces.o \
	../src/pjsip-ua/sip_replaces.c 
gcc -Wall -DPJ_AUTOCONF=1 -fPIC -DPJ_IS_BIG_ENDIAN=0 -DPJ_IS_LITTLE_ENDIAN=1    -I../include -I../../pjlib/include -I../../pjlib-util/include -I../../pjnath/include -I../../pjmedia/include \
	-c -o output/pjsip-ua-x86_64-pc-linux-gnu/sip_xfer.o \
	../src/pjsip-ua/sip_xfer.c 
gcc -Wall -DPJ_AUTOCONF=1 -fPIC -DPJ_IS_BIG_ENDIAN=0 -DPJ_IS_LITTLE_ENDIAN=1    -I../include -I../../pjlib/include -I../../pjlib-util/include -I../../pjnath/include -I../../pjmedia/include \
	-c -o output/pjsip-ua-x86_64-pc-linux-gnu/sip_100rel.o \
	../src/pjsip-ua/sip_100rel.c 
gcc -Wall -DPJ_AUTOCONF=1 -fPIC -DPJ_IS_BIG_ENDIAN=0 -DPJ_IS_LITTLE_ENDIAN=1    -I../include -I../../pjlib/include -I../../pjlib-util/include -I../../pjnath/include -I../../pjmedia/include \
	-c -o output/pjsip-ua-x86_64-pc-linux-gnu/sip_timer.o \
	../src/pjsip-ua/sip_timer.c 
gcc -Wall -DPJ_AUTOCONF=1 -fPIC -DPJ_IS_BIG_ENDIAN=0 -DPJ_IS_LITTLE_ENDIAN=1    -I../include -I../../pjlib/include -I../../pjlib-util/include -I../../pjnath/include -I../../pjmedia/include \
	-c -o output/pjsip-ua-x86_64-pc-linux-gnu/sip_siprec.o \
	../src/pjsip-ua/sip_siprec.c 
In file included from ../../pjlib/include/pj/types.h:32,
                 from ../include/pjsip/sip_config.h:26,
                 from ../include/pjsip/sip_types.h:33,
                 from ../include/pjsip/sip_msg.h:27,
                 from ../include/pjsip-ua/sip_replaces.h:27,
                 from ../src/pjsip-ua/sip_replaces.c:19:
../src/pjsip-ua/sip_replaces.c: In function ‘pjsip_replaces_deinit_module’:
../../pjlib/include/pj/config.h:1617:29: warning: label ‘TODO___provide_initialized_flag_for_each_endpoint’ defined but not used [-Wunused-label]
 1617 | #  define PJ_TODO(id)       TODO___##id:
      |                             ^~~~~~~
../src/pjsip-ua/sip_replaces.c:166:5: note: in expansion of macro ‘PJ_TODO’
  166 |     PJ_TODO(provide_initialized_flag_for_each_endpoint);
      |     ^~~~~~~
In file included from ../../pjlib/include/pj/types.h:32,
                 from ../include/pjsip/sip_config.h:26,
                 from ../include/pjsip/sip_types.h:33,
                 from ../include/pjsip/sip_msg.h:27,
                 from ../include/pjsip/sip_dialog.h:28,
                 from ../include/pjsip-ua/sip_inv.h:28,
                 from ../include/pjsip-ua/sip_siprec.h:29,
                 from ../src/pjsip-ua/sip_siprec.c:19:
../src/pjsip-ua/sip_siprec.c: In function ‘pjsip_siprec_deinit_module’:
../../pjlib/include/pj/config.h:1617:29: warning: label ‘TODO___provide_initialized_flag_for_each_endpoint’ defined but not used [-Wunused-label]
 1617 | #  define PJ_TODO(id)       TODO___##id:
      |                             ^~~~~~~
../src/pjsip-ua/sip_siprec.c:42:5: note: in expansion of macro ‘PJ_TODO’
   42 |     PJ_TODO(provide_initialized_flag_for_each_endpoint);
      |     ^~~~~~~
In file included from ../../pjlib/include/pj/types.h:32,
                 from ../include/pjsip/sip_config.h:26,
                 from ../include/pjsip/sip_types.h:33,
                 from ../include/pjsip/sip_msg.h:27,
                 from ../include/pjsip/sip_dialog.h:28,
                 from ../include/pjsip-ua/sip_inv.h:28,
                 from ../include/pjsip-ua/sip_timer.h:27,
                 from ../src/pjsip-ua/sip_timer.c:18:
../src/pjsip-ua/sip_timer.c: In function ‘pjsip_timer_deinit_module’:
../../pjlib/include/pj/config.h:1617:29: warning: label ‘TODO___provide_initialized_flag_for_each_endpoint’ defined but not used [-Wunused-label]
 1617 | #  define PJ_TODO(id)       TODO___##id:
      |                             ^~~~~~~
../src/pjsip-ua/sip_timer.c:552:5: note: in expansion of macro ‘PJ_TODO’
  552 |     PJ_TODO(provide_initialized_flag_for_each_endpoint);
      |     ^~~~~~~
if test ! -d ../lib; then mkdir -p ../lib; fi
ar rv ../lib/libpjsip-ua-x86_64-pc-linux-gnu.a  output/pjsip-ua-x86_64-pc-linux-gnu/sip_inv.o  output/pjsip-ua-x86_64-pc-linux-gnu/sip_reg.o  output/pjsip-ua-x86_64-pc-linux-gnu/sip_replaces.o  output/pjsip-ua-x86_64-pc-linux-gnu/sip_xfer.o  output/pjsip-ua-x86_64-pc-linux-gnu/sip_100rel.o  output/pjsip-ua-x86_64-pc-linux-gnu/sip_timer.o  output/pjsip-ua-x86_64-pc-linux-gnu/sip_siprec.o
ar: creating ../lib/libpjsip-ua-x86_64-pc-linux-gnu.a
a - output/pjsip-ua-x86_64-pc-linux-gnu/sip_inv.o
a - output/pjsip-ua-x86_64-pc-linux-gnu/sip_reg.o
a - output/pjsip-ua-x86_64-pc-linux-gnu/sip_replaces.o
a - output/pjsip-ua-x86_64-pc-linux-gnu/sip_xfer.o
a - output/pjsip-ua-x86_64-pc-linux-gnu/sip_100rel.o
a - output/pjsip-ua-x86_64-pc-linux-gnu/sip_timer.o
a - output/pjsip-ua-x86_64-pc-linux-gnu/sip_siprec.o
ranlib ../lib/libpjsip-ua-x86_64-pc-linux-gnu.a
make[2]: Leaving directory '/home/inrack/src/pjsip-build/pjproject-2.17/pjsip/build'
make -f /home/inrack/src/pjsip-build/pjproject-2.17/build/rules.mak APP=PJSUA_LIB app=pjsua-lib ../lib/libpjsua-x86_64-pc-linux-gnu.a
make[2]: Entering directory '/home/inrack/src/pjsip-build/pjproject-2.17/pjsip/build'
mkdir -p output/pjsua-lib-x86_64-pc-linux-gnu/
gcc -Wall -DPJ_AUTOCONF=1 -fPIC -DPJ_IS_BIG_ENDIAN=0 -DPJ_IS_LITTLE_ENDIAN=1    -I../include -I../../pjlib/include -I../../pjlib-util/include -I../../pjnath/include -I../../pjmedia/include  -DPJMEDIA_USE_OLD_FFMPEG=1         -DPJMEDIA_USE_OLD_FFMPEG=1        \
	-c -o output/pjsua-lib-x86_64-pc-linux-gnu/pjsua_acc.o \
	../src/pjsua-lib/pjsua_acc.c 
gcc -Wall -DPJ_AUTOCONF=1 -fPIC -DPJ_IS_BIG_ENDIAN=0 -DPJ_IS_LITTLE_ENDIAN=1    -I../include -I../../pjlib/include -I../../pjlib-util/include -I../../pjnath/include -I../../pjmedia/include  -DPJMEDIA_USE_OLD_FFMPEG=1         -DPJMEDIA_USE_OLD_FFMPEG=1        \
	-c -o output/pjsua-lib-x86_64-pc-linux-gnu/pjsua_call.o \
	../src/pjsua-lib/pjsua_call.c 
gcc -Wall -DPJ_AUTOCONF=1 -fPIC -DPJ_IS_BIG_ENDIAN=0 -DPJ_IS_LITTLE_ENDIAN=1    -I../include -I../../pjlib/include -I../../pjlib-util/include -I../../pjnath/include -I../../pjmedia/include  -DPJMEDIA_USE_OLD_FFMPEG=1         -DPJMEDIA_USE_OLD_FFMPEG=1        \
	-c -o output/pjsua-lib-x86_64-pc-linux-gnu/pjsua_core.o \
	../src/pjsua-lib/pjsua_core.c 
gcc -Wall -DPJ_AUTOCONF=1 -fPIC -DPJ_IS_BIG_ENDIAN=0 -DPJ_IS_LITTLE_ENDIAN=1    -I../include -I../../pjlib/include -I../../pjlib-util/include -I../../pjnath/include -I../../pjmedia/include  -DPJMEDIA_USE_OLD_FFMPEG=1         -DPJMEDIA_USE_OLD_FFMPEG=1        \
	-c -o output/pjsua-lib-x86_64-pc-linux-gnu/pjsua_im.o \
	../src/pjsua-lib/pjsua_im.c 
gcc -Wall -DPJ_AUTOCONF=1 -fPIC -DPJ_IS_BIG_ENDIAN=0 -DPJ_IS_LITTLE_ENDIAN=1    -I../include -I../../pjlib/include -I../../pjlib-util/include -I../../pjnath/include -I../../pjmedia/include  -DPJMEDIA_USE_OLD_FFMPEG=1         -DPJMEDIA_USE_OLD_FFMPEG=1        \
	-c -o output/pjsua-lib-x86_64-pc-linux-gnu/pjsua_media.o \
	../src/pjsua-lib/pjsua_media.c 
gcc -Wall -DPJ_AUTOCONF=1 -fPIC -DPJ_IS_BIG_ENDIAN=0 -DPJ_IS_LITTLE_ENDIAN=1    -I../include -I../../pjlib/include -I../../pjlib-util/include -I../../pjnath/include -I../../pjmedia/include  -DPJMEDIA_USE_OLD_FFMPEG=1         -DPJMEDIA_USE_OLD_FFMPEG=1        \
	-c -o output/pjsua-lib-x86_64-pc-linux-gnu/pjsua_pres.o \
	../src/pjsua-lib/pjsua_pres.c 
gcc -Wall -DPJ_AUTOCONF=1 -fPIC -DPJ_IS_BIG_ENDIAN=0 -DPJ_IS_LITTLE_ENDIAN=1    -I../include -I../../pjlib/include -I../../pjlib-util/include -I../../pjnath/include -I../../pjmedia/include  -DPJMEDIA_USE_OLD_FFMPEG=1         -DPJMEDIA_USE_OLD_FFMPEG=1        \
	-c -o output/pjsua-lib-x86_64-pc-linux-gnu/pjsua_dump.o \
	../src/pjsua-lib/pjsua_dump.c 
gcc -Wall -DPJ_AUTOCONF=1 -fPIC -DPJ_IS_BIG_ENDIAN=0 -DPJ_IS_LITTLE_ENDIAN=1    -I../include -I../../pjlib/include -I../../pjlib-util/include -I../../pjnath/include -I../../pjmedia/include  -DPJMEDIA_USE_OLD_FFMPEG=1         -DPJMEDIA_USE_OLD_FFMPEG=1        \
	-c -o output/pjsua-lib-x86_64-pc-linux-gnu/pjsua_aud.o \
	../src/pjsua-lib/pjsua_aud.c 
In file included from ../../pjlib/include/pj/types.h:32,
                 from ../include/pjsip/sip_config.h:26,
                 from ../include/pjsip/sip_types.h:33,
                 from ../include/pjsip.h:23,
                 from ../include/pjsua-lib/pjsua.h:29,
                 from ../src/pjsua-lib/pjsua_call.c:19:
../src/pjsua-lib/pjsua_call.c: In function ‘pjsua_call_on_forked’:
../../pjlib/include/pj/config.h:1617:29: warning: label ‘TODO___HANDLE_FORKED_DIALOG’ defined but not used [-Wunused-label]
 1617 | #  define PJ_TODO(id)       TODO___##id:
      |                             ^~~~~~~
../src/pjsua-lib/pjsua_call.c:5361:5: note: in expansion of macro ‘PJ_TODO’
 5361 |     PJ_TODO(HANDLE_FORKED_DIALOG);
      |     ^~~~~~~
gcc -Wall -DPJ_AUTOCONF=1 -fPIC -DPJ_IS_BIG_ENDIAN=0 -DPJ_IS_LITTLE_ENDIAN=1    -I../include -I../../pjlib/include -I../../pjlib-util/include -I../../pjnath/include -I../../pjmedia/include  -DPJMEDIA_USE_OLD_FFMPEG=1         -DPJMEDIA_USE_OLD_FFMPEG=1        \
	-c -o output/pjsua-lib-x86_64-pc-linux-gnu/pjsua_txt.o \
	../src/pjsua-lib/pjsua_txt.c 
gcc -Wall -DPJ_AUTOCONF=1 -fPIC -DPJ_IS_BIG_ENDIAN=0 -DPJ_IS_LITTLE_ENDIAN=1    -I../include -I../../pjlib/include -I../../pjlib-util/include -I../../pjnath/include -I../../pjmedia/include  -DPJMEDIA_USE_OLD_FFMPEG=1         -DPJMEDIA_USE_OLD_FFMPEG=1        \
	-c -o output/pjsua-lib-x86_64-pc-linux-gnu/pjsua_vid.o \
	../src/pjsua-lib/pjsua_vid.c 
if test ! -d ../lib; then mkdir -p ../lib; fi
ar rv ../lib/libpjsua-x86_64-pc-linux-gnu.a  output/pjsua-lib-x86_64-pc-linux-gnu/pjsua_acc.o  output/pjsua-lib-x86_64-pc-linux-gnu/pjsua_call.o  output/pjsua-lib-x86_64-pc-linux-gnu/pjsua_core.o  output/pjsua-lib-x86_64-pc-linux-gnu/pjsua_im.o  output/pjsua-lib-x86_64-pc-linux-gnu/pjsua_media.o  output/pjsua-lib-x86_64-pc-linux-gnu/pjsua_pres.o  output/pjsua-lib-x86_64-pc-linux-gnu/pjsua_dump.o  output/pjsua-lib-x86_64-pc-linux-gnu/pjsua_aud.o  output/pjsua-lib-x86_64-pc-linux-gnu/pjsua_txt.o  output/pjsua-lib-x86_64-pc-linux-gnu/pjsua_vid.o
ar: creating ../lib/libpjsua-x86_64-pc-linux-gnu.a
a - output/pjsua-lib-x86_64-pc-linux-gnu/pjsua_acc.o
a - output/pjsua-lib-x86_64-pc-linux-gnu/pjsua_call.o
a - output/pjsua-lib-x86_64-pc-linux-gnu/pjsua_core.o
a - output/pjsua-lib-x86_64-pc-linux-gnu/pjsua_im.o
a - output/pjsua-lib-x86_64-pc-linux-gnu/pjsua_media.o
a - output/pjsua-lib-x86_64-pc-linux-gnu/pjsua_pres.o
a - output/pjsua-lib-x86_64-pc-linux-gnu/pjsua_dump.o
a - output/pjsua-lib-x86_64-pc-linux-gnu/pjsua_aud.o
a - output/pjsua-lib-x86_64-pc-linux-gnu/pjsua_txt.o
a - output/pjsua-lib-x86_64-pc-linux-gnu/pjsua_vid.o
ranlib ../lib/libpjsua-x86_64-pc-linux-gnu.a
make[2]: Leaving directory '/home/inrack/src/pjsip-build/pjproject-2.17/pjsip/build'
make -f /home/inrack/src/pjsip-build/pjproject-2.17/build/rules.mak APP=PJSUA2_LIB app=pjsua2-lib ../lib/libpjsua2-x86_64-pc-linux-gnu.a
make -f /home/inrack/src/pjsip-build/pjproject-2.17/build/rules.mak APP=TEST app=pjsip-test ../bin/pjsip-test-x86_64-pc-linux-gnu
make[2]: Entering directory '/home/inrack/src/pjsip-build/pjproject-2.17/pjsip/build'
mkdir -p output/pjsua2-lib-x86_64-pc-linux-gnu/
make[2]: Entering directory '/home/inrack/src/pjsip-build/pjproject-2.17/pjsip/build'
mkdir -p output/pjsip-test-x86_64-pc-linux-gnu/
gcc -Wall -DPJ_AUTOCONF=1 -fPIC -DPJ_IS_BIG_ENDIAN=0 -DPJ_IS_LITTLE_ENDIAN=1    -I../include -I../../pjlib/include -I../../pjlib-util/include -I../../pjnath/include -I../../pjmedia/include  -DPJMEDIA_USE_OLD_FFMPEG=1         -DPJMEDIA_USE_OLD_FFMPEG=1        \
	-c -o output/pjsip-test-x86_64-pc-linux-gnu/main.o \
	../src/test/main.c 
gcc -Wall -DPJ_AUTOCONF=1 -fPIC -DPJ_IS_BIG_ENDIAN=0 -DPJ_IS_LITTLE_ENDIAN=1    -I../include -I../../pjlib/include -I../../pjlib-util/include -I../../pjnath/include -I../../pjmedia/include  -DPJMEDIA_USE_OLD_FFMPEG=1         -DPJMEDIA_USE_OLD_FFMPEG=1        \
	-c -o output/pjsip-test-x86_64-pc-linux-gnu/dlg_core_test.o \
	../src/test/dlg_core_test.c 
gcc -Wall -DPJ_AUTOCONF=1 -fPIC -DPJ_IS_BIG_ENDIAN=0 -DPJ_IS_LITTLE_ENDIAN=1    -I../include -I../../pjlib/include -I../../pjlib-util/include -I../../pjnath/include -I../../pjmedia/include  -DPJMEDIA_USE_OLD_FFMPEG=1         -DPJMEDIA_USE_OLD_FFMPEG=1        \
	-c -o output/pjsip-test-x86_64-pc-linux-gnu/dns_test.o \
	../src/test/dns_test.c 
gcc -Wall -DPJ_AUTOCONF=1 -fPIC -DPJ_IS_BIG_ENDIAN=0 -DPJ_IS_LITTLE_ENDIAN=1    -I../include -I../../pjlib/include -I../../pjlib-util/include -I../../pjnath/include -I../../pjmedia/include  -DPJMEDIA_USE_OLD_FFMPEG=1         -DPJMEDIA_USE_OLD_FFMPEG=1        \
	-c -o output/pjsip-test-x86_64-pc-linux-gnu/msg_err_test.o \
	../src/test/msg_err_test.c 
gcc -Wall -DPJ_AUTOCONF=1 -fPIC -DPJ_IS_BIG_ENDIAN=0 -DPJ_IS_LITTLE_ENDIAN=1    -I../include -I../../pjlib/include -I../../pjlib-util/include -I../../pjnath/include -I../../pjmedia/include  -DPJMEDIA_USE_OLD_FFMPEG=1         -DPJMEDIA_USE_OLD_FFMPEG=1        \
	-c -o output/pjsip-test-x86_64-pc-linux-gnu/msg_logger.o \
	../src/test/msg_logger.c 
gcc -Wall -DPJ_AUTOCONF=1 -fPIC -DPJ_IS_BIG_ENDIAN=0 -DPJ_IS_LITTLE_ENDIAN=1    -I../include -I../../pjlib/include -I../../pjlib-util/include -I../../pjnath/include -I../../pjmedia/include  -DPJMEDIA_USE_OLD_FFMPEG=1         -DPJMEDIA_USE_OLD_FFMPEG=1        \
	-c -o output/pjsip-test-x86_64-pc-linux-gnu/msg_test.o \
	../src/test/msg_test.c 
gcc -Wall -DPJ_AUTOCONF=1 -fPIC -DPJ_IS_BIG_ENDIAN=0 -DPJ_IS_LITTLE_ENDIAN=1    -I../include -I../../pjlib/include -I../../pjlib-util/include -I../../pjnath/include -I../../pjmedia/include  -DPJMEDIA_USE_OLD_FFMPEG=1         -DPJMEDIA_USE_OLD_FFMPEG=1        \
	-c -o output/pjsip-test-x86_64-pc-linux-gnu/multipart_test.o \
	../src/test/multipart_test.c 
g++  -DPJ_AUTOCONF=1 -fPIC    -Wall -DPJ_AUTOCONF=1 -fPIC -DPJ_IS_BIG_ENDIAN=0 -DPJ_IS_LITTLE_ENDIAN=1    -I../include -I../../pjlib/include -I../../pjlib-util/include -I../../pjnath/include -I../../pjmedia/include -Wall -DPJ_AUTOCONF=1 -fPIC -DPJ_IS_BIG_ENDIAN=0 -DPJ_IS_LITTLE_ENDIAN=1    -I../include -I../../pjlib/include -I../../pjlib-util/include -I../../pjnath/include -I../../pjmedia/include  -DPJMEDIA_USE_OLD_FFMPEG=1         -DPJMEDIA_USE_OLD_FFMPEG=1        \
	-c -o output/pjsua2-lib-x86_64-pc-linux-gnu/account.o \
	../src/pjsua2/account.cpp
gcc -Wall -DPJ_AUTOCONF=1 -fPIC -DPJ_IS_BIG_ENDIAN=0 -DPJ_IS_LITTLE_ENDIAN=1    -I../include -I../../pjlib/include -I../../pjlib-util/include -I../../pjnath/include -I../../pjmedia/include  -DPJMEDIA_USE_OLD_FFMPEG=1         -DPJMEDIA_USE_OLD_FFMPEG=1        \
	-c -o output/pjsip-test-x86_64-pc-linux-gnu/regc_test.o \
	../src/test/regc_test.c 
gcc -Wall -DPJ_AUTOCONF=1 -fPIC -DPJ_IS_BIG_ENDIAN=0 -DPJ_IS_LITTLE_ENDIAN=1    -I../include -I../../pjlib/include -I../../pjlib-util/include -I../../pjnath/include -I../../pjmedia/include  -DPJMEDIA_USE_OLD_FFMPEG=1         -DPJMEDIA_USE_OLD_FFMPEG=1        \
	-c -o output/pjsip-test-x86_64-pc-linux-gnu/test.o \
	../src/test/test.c 
gcc -Wall -DPJ_AUTOCONF=1 -fPIC -DPJ_IS_BIG_ENDIAN=0 -DPJ_IS_LITTLE_ENDIAN=1    -I../include -I../../pjlib/include -I../../pjlib-util/include -I../../pjnath/include -I../../pjmedia/include  -DPJMEDIA_USE_OLD_FFMPEG=1         -DPJMEDIA_USE_OLD_FFMPEG=1        \
	-c -o output/pjsip-test-x86_64-pc-linux-gnu/transport_loop_test.o \
	../src/test/transport_loop_test.c 
gcc -Wall -DPJ_AUTOCONF=1 -fPIC -DPJ_IS_BIG_ENDIAN=0 -DPJ_IS_LITTLE_ENDIAN=1    -I../include -I../../pjlib/include -I../../pjlib-util/include -I../../pjnath/include -I../../pjmedia/include  -DPJMEDIA_USE_OLD_FFMPEG=1         -DPJMEDIA_USE_OLD_FFMPEG=1        \
	-c -o output/pjsip-test-x86_64-pc-linux-gnu/transport_tcp_test.o \
	../src/test/transport_tcp_test.c 
gcc -Wall -DPJ_AUTOCONF=1 -fPIC -DPJ_IS_BIG_ENDIAN=0 -DPJ_IS_LITTLE_ENDIAN=1    -I../include -I../../pjlib/include -I../../pjlib-util/include -I../../pjnath/include -I../../pjmedia/include  -DPJMEDIA_USE_OLD_FFMPEG=1         -DPJMEDIA_USE_OLD_FFMPEG=1        \
	-c -o output/pjsip-test-x86_64-pc-linux-gnu/transport_test.o \
	../src/test/transport_test.c 
gcc -Wall -DPJ_AUTOCONF=1 -fPIC -DPJ_IS_BIG_ENDIAN=0 -DPJ_IS_LITTLE_ENDIAN=1    -I../include -I../../pjlib/include -I../../pjlib-util/include -I../../pjnath/include -I../../pjmedia/include  -DPJMEDIA_USE_OLD_FFMPEG=1         -DPJMEDIA_USE_OLD_FFMPEG=1        \
	-c -o output/pjsip-test-x86_64-pc-linux-gnu/transport_udp_test.o \
	../src/test/transport_udp_test.c 
gcc -Wall -DPJ_AUTOCONF=1 -fPIC -DPJ_IS_BIG_ENDIAN=0 -DPJ_IS_LITTLE_ENDIAN=1    -I../include -I../../pjlib/include -I../../pjlib-util/include -I../../pjnath/include -I../../pjmedia/include  -DPJMEDIA_USE_OLD_FFMPEG=1         -DPJMEDIA_USE_OLD_FFMPEG=1        \
	-c -o output/pjsip-test-x86_64-pc-linux-gnu/tsx_basic_test.o \
	../src/test/tsx_basic_test.c 
g++  -DPJ_AUTOCONF=1 -fPIC    -Wall -DPJ_AUTOCONF=1 -fPIC -DPJ_IS_BIG_ENDIAN=0 -DPJ_IS_LITTLE_ENDIAN=1    -I../include -I../../pjlib/include -I../../pjlib-util/include -I../../pjnath/include -I../../pjmedia/include -Wall -DPJ_AUTOCONF=1 -fPIC -DPJ_IS_BIG_ENDIAN=0 -DPJ_IS_LITTLE_ENDIAN=1    -I../include -I../../pjlib/include -I../../pjlib-util/include -I../../pjnath/include -I../../pjmedia/include  -DPJMEDIA_USE_OLD_FFMPEG=1         -DPJMEDIA_USE_OLD_FFMPEG=1        \
	-c -o output/pjsua2-lib-x86_64-pc-linux-gnu/endpoint.o \
	../src/pjsua2/endpoint.cpp
gcc -Wall -DPJ_AUTOCONF=1 -fPIC -DPJ_IS_BIG_ENDIAN=0 -DPJ_IS_LITTLE_ENDIAN=1    -I../include -I../../pjlib/include -I../../pjlib-util/include -I../../pjnath/include -I../../pjmedia/include  -DPJMEDIA_USE_OLD_FFMPEG=1         -DPJMEDIA_USE_OLD_FFMPEG=1        \
	-c -o output/pjsip-test-x86_64-pc-linux-gnu/tsx_bench.o \
	../src/test/tsx_bench.c 
gcc -Wall -DPJ_AUTOCONF=1 -fPIC -DPJ_IS_BIG_ENDIAN=0 -DPJ_IS_LITTLE_ENDIAN=1    -I../include -I../../pjlib/include -I../../pjlib-util/include -I../../pjnath/include -I../../pjmedia/include  -DPJMEDIA_USE_OLD_FFMPEG=1         -DPJMEDIA_USE_OLD_FFMPEG=1        \
	-c -o output/pjsip-test-x86_64-pc-linux-gnu/tsx_uac_test.o \
	../src/test/tsx_uac_test.c 
gcc -Wall -DPJ_AUTOCONF=1 -fPIC -DPJ_IS_BIG_ENDIAN=0 -DPJ_IS_LITTLE_ENDIAN=1    -I../include -I../../pjlib/include -I../../pjlib-util/include -I../../pjnath/include -I../../pjmedia/include  -DPJMEDIA_USE_OLD_FFMPEG=1         -DPJMEDIA_USE_OLD_FFMPEG=1        \
	-c -o output/pjsip-test-x86_64-pc-linux-gnu/tsx_uas_test.o \
	../src/test/tsx_uas_test.c 
gcc -Wall -DPJ_AUTOCONF=1 -fPIC -DPJ_IS_BIG_ENDIAN=0 -DPJ_IS_LITTLE_ENDIAN=1    -I../include -I../../pjlib/include -I../../pjlib-util/include -I../../pjnath/include -I../../pjmedia/include  -DPJMEDIA_USE_OLD_FFMPEG=1         -DPJMEDIA_USE_OLD_FFMPEG=1        \
	-c -o output/pjsip-test-x86_64-pc-linux-gnu/txdata_test.o \
	../src/test/txdata_test.c 
gcc -Wall -DPJ_AUTOCONF=1 -fPIC -DPJ_IS_BIG_ENDIAN=0 -DPJ_IS_LITTLE_ENDIAN=1    -I../include -I../../pjlib/include -I../../pjlib-util/include -I../../pjnath/include -I../../pjmedia/include  -DPJMEDIA_USE_OLD_FFMPEG=1         -DPJMEDIA_USE_OLD_FFMPEG=1        \
	-c -o output/pjsip-test-x86_64-pc-linux-gnu/uri_test.o \
	../src/test/uri_test.c 
gcc -Wall -DPJ_AUTOCONF=1 -fPIC -DPJ_IS_BIG_ENDIAN=0 -DPJ_IS_LITTLE_ENDIAN=1    -I../include -I../../pjlib/include -I../../pjlib-util/include -I../../pjnath/include -I../../pjmedia/include  -DPJMEDIA_USE_OLD_FFMPEG=1         -DPJMEDIA_USE_OLD_FFMPEG=1        \
	-c -o output/pjsip-test-x86_64-pc-linux-gnu/inv_offer_answer_test.o \
	../src/test/inv_offer_answer_test.c 
gcc -Wall -DPJ_AUTOCONF=1 -fPIC -DPJ_IS_BIG_ENDIAN=0 -DPJ_IS_LITTLE_ENDIAN=1    -I../include -I../../pjlib/include -I../../pjlib-util/include -I../../pjnath/include -I../../pjmedia/include  -DPJMEDIA_USE_OLD_FFMPEG=1         -DPJMEDIA_USE_OLD_FFMPEG=1        \
	-c -o output/pjsip-test-x86_64-pc-linux-gnu/auth_async_test.o \
	../src/test/auth_async_test.c 
gcc -Wall -DPJ_AUTOCONF=1 -fPIC -DPJ_IS_BIG_ENDIAN=0 -DPJ_IS_LITTLE_ENDIAN=1    -I../include -I../../pjlib/include -I../../pjlib-util/include -I../../pjnath/include -I../../pjmedia/include  -DPJMEDIA_USE_OLD_FFMPEG=1         -DPJMEDIA_USE_OLD_FFMPEG=1        \
	-c -o output/pjsip-test-x86_64-pc-linux-gnu/pjsua_auth_test.o \
	../src/test/pjsua_auth_test.c 
g++  -DPJ_AUTOCONF=1 -fPIC    -Wall -DPJ_AUTOCONF=1 -fPIC -DPJ_IS_BIG_ENDIAN=0 -DPJ_IS_LITTLE_ENDIAN=1    -I../include -I../../pjlib/include -I../../pjlib-util/include -I../../pjnath/include -I../../pjmedia/include -Wall -DPJ_AUTOCONF=1 -fPIC -DPJ_IS_BIG_ENDIAN=0 -DPJ_IS_LITTLE_ENDIAN=1    -I../include -I../../pjlib/include -I../../pjlib-util/include -I../../pjnath/include -I../../pjmedia/include  -DPJMEDIA_USE_OLD_FFMPEG=1         -DPJMEDIA_USE_OLD_FFMPEG=1        \
	-c -o output/pjsua2-lib-x86_64-pc-linux-gnu/json.o \
	../src/pjsua2/json.cpp
g++  -DPJ_AUTOCONF=1 -fPIC    -Wall -DPJ_AUTOCONF=1 -fPIC -DPJ_IS_BIG_ENDIAN=0 -DPJ_IS_LITTLE_ENDIAN=1    -I../include -I../../pjlib/include -I../../pjlib-util/include -I../../pjnath/include -I../../pjmedia/include -Wall -DPJ_AUTOCONF=1 -fPIC -DPJ_IS_BIG_ENDIAN=0 -DPJ_IS_LITTLE_ENDIAN=1    -I../include -I../../pjlib/include -I../../pjlib-util/include -I../../pjnath/include -I../../pjmedia/include  -DPJMEDIA_USE_OLD_FFMPEG=1         -DPJMEDIA_USE_OLD_FFMPEG=1        \
	-c -o output/pjsua2-lib-x86_64-pc-linux-gnu/persistent.o \
	../src/pjsua2/persistent.cpp
g++  -DPJ_AUTOCONF=1 -fPIC    -Wall -DPJ_AUTOCONF=1 -fPIC -DPJ_IS_BIG_ENDIAN=0 -DPJ_IS_LITTLE_ENDIAN=1    -I../include -I../../pjlib/include -I../../pjlib-util/include -I../../pjnath/include -I../../pjmedia/include -Wall -DPJ_AUTOCONF=1 -fPIC -DPJ_IS_BIG_ENDIAN=0 -DPJ_IS_LITTLE_ENDIAN=1    -I../include -I../../pjlib/include -I../../pjlib-util/include -I../../pjnath/include -I../../pjmedia/include  -DPJMEDIA_USE_OLD_FFMPEG=1         -DPJMEDIA_USE_OLD_FFMPEG=1        \
	-c -o output/pjsua2-lib-x86_64-pc-linux-gnu/types.o \
	../src/pjsua2/types.cpp
g++  -DPJ_AUTOCONF=1 -fPIC    -Wall -DPJ_AUTOCONF=1 -fPIC -DPJ_IS_BIG_ENDIAN=0 -DPJ_IS_LITTLE_ENDIAN=1    -I../include -I../../pjlib/include -I../../pjlib-util/include -I../../pjnath/include -I../../pjmedia/include -Wall -DPJ_AUTOCONF=1 -fPIC -DPJ_IS_BIG_ENDIAN=0 -DPJ_IS_LITTLE_ENDIAN=1    -I../include -I../../pjlib/include -I../../pjlib-util/include -I../../pjnath/include -I../../pjmedia/include  -DPJMEDIA_USE_OLD_FFMPEG=1         -DPJMEDIA_USE_OLD_FFMPEG=1        \
	-c -o output/pjsua2-lib-x86_64-pc-linux-gnu/siptypes.o \
	../src/pjsua2/siptypes.cpp
g++  -DPJ_AUTOCONF=1 -fPIC    -Wall -DPJ_AUTOCONF=1 -fPIC -DPJ_IS_BIG_ENDIAN=0 -DPJ_IS_LITTLE_ENDIAN=1    -I../include -I../../pjlib/include -I../../pjlib-util/include -I../../pjnath/include -I../../pjmedia/include -Wall -DPJ_AUTOCONF=1 -fPIC -DPJ_IS_BIG_ENDIAN=0 -DPJ_IS_LITTLE_ENDIAN=1    -I../include -I../../pjlib/include -I../../pjlib-util/include -I../../pjnath/include -I../../pjmedia/include  -DPJMEDIA_USE_OLD_FFMPEG=1         -DPJMEDIA_USE_OLD_FFMPEG=1        \
	-c -o output/pjsua2-lib-x86_64-pc-linux-gnu/call.o \
	../src/pjsua2/call.cpp
if test ! -d ../bin; then mkdir -p ../bin; fi
g++ -o ../bin/pjsip-test-x86_64-pc-linux-gnu \
     output/pjsip-test-x86_64-pc-linux-gnu/main.o  output/pjsip-test-x86_64-pc-linux-gnu/dlg_core_test.o  output/pjsip-test-x86_64-pc-linux-gnu/dns_test.o  output/pjsip-test-x86_64-pc-linux-gnu/msg_err_test.o  output/pjsip-test-x86_64-pc-linux-gnu/msg_logger.o  output/pjsip-test-x86_64-pc-linux-gnu/msg_test.o  output/pjsip-test-x86_64-pc-linux-gnu/multipart_test.o  output/pjsip-test-x86_64-pc-linux-gnu/regc_test.o  output/pjsip-test-x86_64-pc-linux-gnu/test.o  output/pjsip-test-x86_64-pc-linux-gnu/transport_loop_test.o  output/pjsip-test-x86_64-pc-linux-gnu/transport_tcp_test.o  output/pjsip-test-x86_64-pc-linux-gnu/transport_test.o  output/pjsip-test-x86_64-pc-linux-gnu/transport_udp_test.o  output/pjsip-test-x86_64-pc-linux-gnu/tsx_basic_test.o  output/pjsip-test-x86_64-pc-linux-gnu/tsx_bench.o  output/pjsip-test-x86_64-pc-linux-gnu/tsx_uac_test.o  output/pjsip-test-x86_64-pc-linux-gnu/tsx_uas_test.o  output/pjsip-test-x86_64-pc-linux-gnu/txdata_test.o  output/pjsip-test-x86_64-pc-linux-gnu/uri_test.o  output/pjsip-test-x86_64-pc-linux-gnu/inv_offer_answer_test.o  output/pjsip-test-x86_64-pc-linux-gnu/auth_async_test.o  output/pjsip-test-x86_64-pc-linux-gnu/pjsua_auth_test.o -lpjsua-x86_64-pc-linux-gnu -lpjsip-x86_64-pc-linux-gnu -lpjsip-ua-x86_64-pc-linux-gnu -lpjsip-simple-x86_64-pc-linux-gnu -lpjmedia-codec-x86_64-pc-linux-gnu -lpjmedia-videodev-x86_64-pc-linux-gnu -lpjmedia-x86_64-pc-linux-gnu -lpjmedia-audiodev-x86_64-pc-linux-gnu -lpjnath-x86_64-pc-linux-gnu -lpjlib-util-x86_64-pc-linux-gnu -lpj-x86_64-pc-linux-gnu -lsrtp-x86_64-pc-linux-gnu -lresample-x86_64-pc-linux-gnu -lgsmcodec-x86_64-pc-linux-gnu -lspeex-x86_64-pc-linux-gnu -lilbccodec-x86_64-pc-linux-gnu -lg7221codec-x86_64-pc-linux-gnu -lyuv-x86_64-pc-linux-gnu -lwebrtc-x86_64-pc-linux-gnu   -lssl -lcrypto -luuid -lm -lrt -lpthread      -L/home/inrack/src/pjsip-build/pjproject-2.17/pjlib/lib -L/home/inrack/src/pjsip-build/pjproject-2.17/pjlib-util/lib -L/home/inrack/src/pjsip-build/pjproject-2.17/pjnath/lib -L/home/inrack/src/pjsip-build/pjproject-2.17/pjmedia/lib -L/home/inrack/src/pjsip-build/pjproject-2.17/pjsip/lib -L/home/inrack/src/pjsip-build/pjproject-2.17/third_party/lib               
make[2]: Leaving directory '/home/inrack/src/pjsip-build/pjproject-2.17/pjsip/build'
g++  -DPJ_AUTOCONF=1 -fPIC    -Wall -DPJ_AUTOCONF=1 -fPIC -DPJ_IS_BIG_ENDIAN=0 -DPJ_IS_LITTLE_ENDIAN=1    -I../include -I../../pjlib/include -I../../pjlib-util/include -I../../pjnath/include -I../../pjmedia/include -Wall -DPJ_AUTOCONF=1 -fPIC -DPJ_IS_BIG_ENDIAN=0 -DPJ_IS_LITTLE_ENDIAN=1    -I../include -I../../pjlib/include -I../../pjlib-util/include -I../../pjnath/include -I../../pjmedia/include  -DPJMEDIA_USE_OLD_FFMPEG=1         -DPJMEDIA_USE_OLD_FFMPEG=1        \
	-c -o output/pjsua2-lib-x86_64-pc-linux-gnu/presence.o \
	../src/pjsua2/presence.cpp
g++  -DPJ_AUTOCONF=1 -fPIC    -Wall -DPJ_AUTOCONF=1 -fPIC -DPJ_IS_BIG_ENDIAN=0 -DPJ_IS_LITTLE_ENDIAN=1    -I../include -I../../pjlib/include -I../../pjlib-util/include -I../../pjnath/include -I../../pjmedia/include -Wall -DPJ_AUTOCONF=1 -fPIC -DPJ_IS_BIG_ENDIAN=0 -DPJ_IS_LITTLE_ENDIAN=1    -I../include -I../../pjlib/include -I../../pjlib-util/include -I../../pjnath/include -I../../pjmedia/include  -DPJMEDIA_USE_OLD_FFMPEG=1         -DPJMEDIA_USE_OLD_FFMPEG=1        \
	-c -o output/pjsua2-lib-x86_64-pc-linux-gnu/media.o \
	../src/pjsua2/media.cpp
if test ! -d ../lib; then mkdir -p ../lib; fi
ar rv ../lib/libpjsua2-x86_64-pc-linux-gnu.a  output/pjsua2-lib-x86_64-pc-linux-gnu/account.o  output/pjsua2-lib-x86_64-pc-linux-gnu/endpoint.o  output/pjsua2-lib-x86_64-pc-linux-gnu/json.o  output/pjsua2-lib-x86_64-pc-linux-gnu/persistent.o  output/pjsua2-lib-x86_64-pc-linux-gnu/types.o  output/pjsua2-lib-x86_64-pc-linux-gnu/siptypes.o  output/pjsua2-lib-x86_64-pc-linux-gnu/call.o  output/pjsua2-lib-x86_64-pc-linux-gnu/presence.o  output/pjsua2-lib-x86_64-pc-linux-gnu/media.o
ar: creating ../lib/libpjsua2-x86_64-pc-linux-gnu.a
a - output/pjsua2-lib-x86_64-pc-linux-gnu/account.o
a - output/pjsua2-lib-x86_64-pc-linux-gnu/endpoint.o
a - output/pjsua2-lib-x86_64-pc-linux-gnu/json.o
a - output/pjsua2-lib-x86_64-pc-linux-gnu/persistent.o
a - output/pjsua2-lib-x86_64-pc-linux-gnu/types.o
a - output/pjsua2-lib-x86_64-pc-linux-gnu/siptypes.o
a - output/pjsua2-lib-x86_64-pc-linux-gnu/call.o
a - output/pjsua2-lib-x86_64-pc-linux-gnu/presence.o
a - output/pjsua2-lib-x86_64-pc-linux-gnu/media.o
ranlib ../lib/libpjsua2-x86_64-pc-linux-gnu.a
make[2]: Leaving directory '/home/inrack/src/pjsip-build/pjproject-2.17/pjsip/build'
make -f /home/inrack/src/pjsip-build/pjproject-2.17/build/rules.mak APP=PJSUA2_TEST app=pjsua2-test ../bin/pjsua2-test-x86_64-pc-linux-gnu
make[2]: Entering directory '/home/inrack/src/pjsip-build/pjproject-2.17/pjsip/build'
mkdir -p output/pjsua2-test-x86_64-pc-linux-gnu/
g++  -DPJ_AUTOCONF=1 -fPIC    -Wall -DPJ_AUTOCONF=1 -fPIC -DPJ_IS_BIG_ENDIAN=0 -DPJ_IS_LITTLE_ENDIAN=1    -I../include -I../../pjlib/include -I../../pjlib-util/include -I../../pjnath/include -I../../pjmedia/include -Wall -DPJ_AUTOCONF=1 -fPIC -DPJ_IS_BIG_ENDIAN=0 -DPJ_IS_LITTLE_ENDIAN=1    -I../include -I../../pjlib/include -I../../pjlib-util/include -I../../pjnath/include -I../../pjmedia/include  -DPJMEDIA_USE_OLD_FFMPEG=1         -DPJMEDIA_USE_OLD_FFMPEG=1         -DPJMEDIA_USE_OLD_FFMPEG=1         -DPJMEDIA_USE_OLD_FFMPEG=1        \
	-c -o output/pjsua2-test-x86_64-pc-linux-gnu/main.o \
	../src/pjsua2-test/main.cpp
g++  -DPJ_AUTOCONF=1 -fPIC    -Wall -DPJ_AUTOCONF=1 -fPIC -DPJ_IS_BIG_ENDIAN=0 -DPJ_IS_LITTLE_ENDIAN=1    -I../include -I../../pjlib/include -I../../pjlib-util/include -I../../pjnath/include -I../../pjmedia/include -Wall -DPJ_AUTOCONF=1 -fPIC -DPJ_IS_BIG_ENDIAN=0 -DPJ_IS_LITTLE_ENDIAN=1    -I../include -I../../pjlib/include -I../../pjlib-util/include -I../../pjnath/include -I../../pjmedia/include  -DPJMEDIA_USE_OLD_FFMPEG=1         -DPJMEDIA_USE_OLD_FFMPEG=1         -DPJMEDIA_USE_OLD_FFMPEG=1         -DPJMEDIA_USE_OLD_FFMPEG=1        \
	-c -o output/pjsua2-test-x86_64-pc-linux-gnu/instant_messaging.o \
	../src/pjsua2-test/instant_messaging.cpp
g++  -DPJ_AUTOCONF=1 -fPIC    -Wall -DPJ_AUTOCONF=1 -fPIC -DPJ_IS_BIG_ENDIAN=0 -DPJ_IS_LITTLE_ENDIAN=1    -I../include -I../../pjlib/include -I../../pjlib-util/include -I../../pjnath/include -I../../pjmedia/include -Wall -DPJ_AUTOCONF=1 -fPIC -DPJ_IS_BIG_ENDIAN=0 -DPJ_IS_LITTLE_ENDIAN=1    -I../include -I../../pjlib/include -I../../pjlib-util/include -I../../pjnath/include -I../../pjmedia/include  -DPJMEDIA_USE_OLD_FFMPEG=1         -DPJMEDIA_USE_OLD_FFMPEG=1         -DPJMEDIA_USE_OLD_FFMPEG=1         -DPJMEDIA_USE_OLD_FFMPEG=1        \
	-c -o output/pjsua2-test-x86_64-pc-linux-gnu/auth_challenge.o \
	../src/pjsua2-test/auth_challenge.cpp
if test ! -d ../bin; then mkdir -p ../bin; fi
g++ -o ../bin/pjsua2-test-x86_64-pc-linux-gnu \
     output/pjsua2-test-x86_64-pc-linux-gnu/main.o  output/pjsua2-test-x86_64-pc-linux-gnu/instant_messaging.o  output/pjsua2-test-x86_64-pc-linux-gnu/auth_challenge.o -L/home/inrack/src/pjsip-build/pjproject-2.17/pjlib/lib -L/home/inrack/src/pjsip-build/pjproject-2.17/pjlib-util/lib -L/home/inrack/src/pjsip-build/pjproject-2.17/pjnath/lib -L/home/inrack/src/pjsip-build/pjproject-2.17/pjmedia/lib -L/home/inrack/src/pjsip-build/pjproject-2.17/pjsip/lib -L/home/inrack/src/pjsip-build/pjproject-2.17/third_party/lib              -lpjsua2-x86_64-pc-linux-gnu -lstdc++ -lpjsua-x86_64-pc-linux-gnu -lpjsip-ua-x86_64-pc-linux-gnu -lpjsip-simple-x86_64-pc-linux-gnu -lpjsip-x86_64-pc-linux-gnu -lpjmedia-codec-x86_64-pc-linux-gnu -lpjmedia-videodev-x86_64-pc-linux-gnu -lpjmedia-audiodev-x86_64-pc-linux-gnu -lpjmedia-x86_64-pc-linux-gnu -lpjnath-x86_64-pc-linux-gnu -lpjlib-util-x86_64-pc-linux-gnu -lsrtp-x86_64-pc-linux-gnu -lresample-x86_64-pc-linux-gnu -lgsmcodec-x86_64-pc-linux-gnu -lspeex-x86_64-pc-linux-gnu -lilbccodec-x86_64-pc-linux-gnu -lg7221codec-x86_64-pc-linux-gnu -lyuv-x86_64-pc-linux-gnu -lwebrtc-x86_64-pc-linux-gnu  -lpj-x86_64-pc-linux-gnu -lssl -lcrypto -luuid -lm -lrt -lpthread    
make[2]: Leaving directory '/home/inrack/src/pjsip-build/pjproject-2.17/pjsip/build'
make[1]: Leaving directory '/home/inrack/src/pjsip-build/pjproject-2.17/pjsip/build'
make[1]: Entering directory '/home/inrack/src/pjsip-build/pjproject-2.17/pjsip-apps/build'
make -f /home/inrack/src/pjsip-build/pjproject-2.17/build/rules.mak APP=PJSUA app=pjsua ../bin/pjsua-x86_64-pc-linux-gnu
make -f /home/inrack/src/pjsip-build/pjproject-2.17/build/rules.mak APP=PJSYSTEST app=pjsystest ../bin/pjsystest-x86_64-pc-linux-gnu
make -f Samples.mak
make[2]: Entering directory '/home/inrack/src/pjsip-build/pjproject-2.17/pjsip-apps/build'
mkdir -p output/pjsystest-x86_64-pc-linux-gnu/
make[2]: Entering directory '/home/inrack/src/pjsip-build/pjproject-2.17/pjsip-apps/build'
mkdir -p output/pjsua-x86_64-pc-linux-gnu/
make[2]: Entering directory '/home/inrack/src/pjsip-build/pjproject-2.17/pjsip-apps/build'
make --no-print-directory -f /home/inrack/src/pjsip-build/pjproject-2.17/build/rules.mak SAMPLE_SRCDIR=../src/samples SAMPLE_OBJS=aidemo.o SAMPLE_CFLAGS="-DPJ_AUTOCONF=1 -fPIC -DPJ_IS_BIG_ENDIAN=0 -DPJ_IS_LITTLE_ENDIAN=1  -DPJMEDIA_USE_OLD_FFMPEG=1         -DPJMEDIA_USE_OLD_FFMPEG=1        -I/home/inrack/src/pjsip-build/pjproject-2.17/pjlib/include -I/home/inrack/src/pjsip-build/pjproject-2.17/pjlib-util/include -I/home/inrack/src/pjsip-build/pjproject-2.17/pjnath/include -I/home/inrack/src/pjsip-build/pjproject-2.17/pjmedia/include -I/home/inrack/src/pjsip-build/pjproject-2.17/pjsip/include   -DPJMEDIA_USE_OLD_FFMPEG=1         -DPJMEDIA_USE_OLD_FFMPEG=1       " SAMPLE_CXXFLAGS="-fPIC -DPJ_AUTOCONF=1 -fPIC -DPJ_IS_BIG_ENDIAN=0 -DPJ_IS_LITTLE_ENDIAN=1  -DPJMEDIA_USE_OLD_FFMPEG=1         -DPJMEDIA_USE_OLD_FFMPEG=1        -I/home/inrack/src/pjsip-build/pjproject-2.17/pjlib/include -I/home/inrack/src/pjsip-build/pjproject-2.17/pjlib-util/include -I/home/inrack/src/pjsip-build/pjproject-2.17/pjnath/include -I/home/inrack/src/pjsip-build/pjproject-2.17/pjmedia/include -I/home/inrack/src/pjsip-build/pjproject-2.17/pjsip/include   -DPJMEDIA_USE_OLD_FFMPEG=1         -DPJMEDIA_USE_OLD_FFMPEG=1       " SAMPLE_LDFLAGS="-L/home/inrack/src/pjsip-build/pjproject-2.17/pjlib/lib -L/home/inrack/src/pjsip-build/pjproject-2.17/pjlib-util/lib -L/home/inrack/src/pjsip-build/pjproject-2.17/pjnath/lib -L/home/inrack/src/pjsip-build/pjproject-2.17/pjmedia/lib -L/home/inrack/src/pjsip-build/pjproject-2.17/pjsip/lib -L/home/inrack/src/pjsip-build/pjproject-2.17/third_party/lib              -lpjsua-x86_64-pc-linux-gnu -lpjsip-ua-x86_64-pc-linux-gnu -lpjsip-simple-x86_64-pc-linux-gnu -lpjsip-x86_64-pc-linux-gnu -lpjmedia-codec-x86_64-pc-linux-gnu -lpjmedia-videodev-x86_64-pc-linux-gnu -lpjmedia-audiodev-x86_64-pc-linux-gnu -lpjmedia-x86_64-pc-linux-gnu -lpjnath-x86_64-pc-linux-gnu -lpjlib-util-x86_64-pc-linux-gnu -lsrtp-x86_64-pc-linux-gnu -lresample-x86_64-pc-linux-gnu -lgsmcodec-x86_64-pc-linux-gnu -lspeex-x86_64-pc-linux-gnu -lilbccodec-x86_64-pc-linux-gnu -lg7221codec-x86_64-pc-linux-gnu -lyuv-x86_64-pc-linux-gnu -lwebrtc-x86_64-pc-linux-gnu  -lpj-x86_64-pc-linux-gnu -lssl -lcrypto -luuid -lm -lrt -lpthread    " SAMPLE_EXE=aidemo APP=SAMPLE app=sample ../bin/samples/x86_64-pc-linux-gnu/aidemo
make --no-print-directory -f /home/inrack/src/pjsip-build/pjproject-2.17/build/rules.mak SAMPLE_SRCDIR=../src/samples SAMPLE_OBJS=auddemo.o SAMPLE_CFLAGS="-DPJ_AUTOCONF=1 -fPIC -DPJ_IS_BIG_ENDIAN=0 -DPJ_IS_LITTLE_ENDIAN=1  -DPJMEDIA_USE_OLD_FFMPEG=1         -DPJMEDIA_USE_OLD_FFMPEG=1        -I/home/inrack/src/pjsip-build/pjproject-2.17/pjlib/include -I/home/inrack/src/pjsip-build/pjproject-2.17/pjlib-util/include -I/home/inrack/src/pjsip-build/pjproject-2.17/pjnath/include -I/home/inrack/src/pjsip-build/pjproject-2.17/pjmedia/include -I/home/inrack/src/pjsip-build/pjproject-2.17/pjsip/include   -DPJMEDIA_USE_OLD_FFMPEG=1         -DPJMEDIA_USE_OLD_FFMPEG=1       " SAMPLE_CXXFLAGS="-fPIC -DPJ_AUTOCONF=1 -fPIC -DPJ_IS_BIG_ENDIAN=0 -DPJ_IS_LITTLE_ENDIAN=1  -DPJMEDIA_USE_OLD_FFMPEG=1         -DPJMEDIA_USE_OLD_FFMPEG=1        -I/home/inrack/src/pjsip-build/pjproject-2.17/pjlib/include -I/home/inrack/src/pjsip-build/pjproject-2.17/pjlib-util/include -I/home/inrack/src/pjsip-build/pjproject-2.17/pjnath/include -I/home/inrack/src/pjsip-build/pjproject-2.17/pjmedia/include -I/home/inrack/src/pjsip-build/pjproject-2.17/pjsip/include   -DPJMEDIA_USE_OLD_FFMPEG=1         -DPJMEDIA_USE_OLD_FFMPEG=1       " SAMPLE_LDFLAGS="-L/home/inrack/src/pjsip-build/pjproject-2.17/pjlib/lib -L/home/inrack/src/pjsip-build/pjproject-2.17/pjlib-util/lib -L/home/inrack/src/pjsip-build/pjproject-2.17/pjnath/lib -L/home/inrack/src/pjsip-build/pjproject-2.17/pjmedia/lib -L/home/inrack/src/pjsip-build/pjproject-2.17/pjsip/lib -L/home/inrack/src/pjsip-build/pjproject-2.17/third_party/lib              -lpjsua-x86_64-pc-linux-gnu -lpjsip-ua-x86_64-pc-linux-gnu -lpjsip-simple-x86_64-pc-linux-gnu -lpjsip-x86_64-pc-linux-gnu -lpjmedia-codec-x86_64-pc-linux-gnu -lpjmedia-videodev-x86_64-pc-linux-gnu -lpjmedia-audiodev-x86_64-pc-linux-gnu -lpjmedia-x86_64-pc-linux-gnu -lpjnath-x86_64-pc-linux-gnu -lpjlib-util-x86_64-pc-linux-gnu -lsrtp-x86_64-pc-linux-gnu -lresample-x86_64-pc-linux-gnu -lgsmcodec-x86_64-pc-linux-gnu -lspeex-x86_64-pc-linux-gnu -lilbccodec-x86_64-pc-linux-gnu -lg7221codec-x86_64-pc-linux-gnu -lyuv-x86_64-pc-linux-gnu -lwebrtc-x86_64-pc-linux-gnu  -lpj-x86_64-pc-linux-gnu -lssl -lcrypto -luuid -lm -lrt -lpthread    " SAMPLE_EXE=auddemo APP=SAMPLE app=sample ../bin/samples/x86_64-pc-linux-gnu/auddemo
make --no-print-directory -f /home/inrack/src/pjsip-build/pjproject-2.17/build/rules.mak SAMPLE_SRCDIR=../src/samples SAMPLE_OBJS=aviplay.o SAMPLE_CFLAGS="-DPJ_AUTOCONF=1 -fPIC -DPJ_IS_BIG_ENDIAN=0 -DPJ_IS_LITTLE_ENDIAN=1  -DPJMEDIA_USE_OLD_FFMPEG=1         -DPJMEDIA_USE_OLD_FFMPEG=1        -I/home/inrack/src/pjsip-build/pjproject-2.17/pjlib/include -I/home/inrack/src/pjsip-build/pjproject-2.17/pjlib-util/include -I/home/inrack/src/pjsip-build/pjproject-2.17/pjnath/include -I/home/inrack/src/pjsip-build/pjproject-2.17/pjmedia/include -I/home/inrack/src/pjsip-build/pjproject-2.17/pjsip/include   -DPJMEDIA_USE_OLD_FFMPEG=1         -DPJMEDIA_USE_OLD_FFMPEG=1       " SAMPLE_CXXFLAGS="-fPIC -DPJ_AUTOCONF=1 -fPIC -DPJ_IS_BIG_ENDIAN=0 -DPJ_IS_LITTLE_ENDIAN=1  -DPJMEDIA_USE_OLD_FFMPEG=1         -DPJMEDIA_USE_OLD_FFMPEG=1        -I/home/inrack/src/pjsip-build/pjproject-2.17/pjlib/include -I/home/inrack/src/pjsip-build/pjproject-2.17/pjlib-util/include -I/home/inrack/src/pjsip-build/pjproject-2.17/pjnath/include -I/home/inrack/src/pjsip-build/pjproject-2.17/pjmedia/include -I/home/inrack/src/pjsip-build/pjproject-2.17/pjsip/include   -DPJMEDIA_USE_OLD_FFMPEG=1         -DPJMEDIA_USE_OLD_FFMPEG=1       " SAMPLE_LDFLAGS="-L/home/inrack/src/pjsip-build/pjproject-2.17/pjlib/lib -L/home/inrack/src/pjsip-build/pjproject-2.17/pjlib-util/lib -L/home/inrack/src/pjsip-build/pjproject-2.17/pjnath/lib -L/home/inrack/src/pjsip-build/pjproject-2.17/pjmedia/lib -L/home/inrack/src/pjsip-build/pjproject-2.17/pjsip/lib -L/home/inrack/src/pjsip-build/pjproject-2.17/third_party/lib              -lpjsua-x86_64-pc-linux-gnu -lpjsip-ua-x86_64-pc-linux-gnu -lpjsip-simple-x86_64-pc-linux-gnu -lpjsip-x86_64-pc-linux-gnu -lpjmedia-codec-x86_64-pc-linux-gnu -lpjmedia-videodev-x86_64-pc-linux-gnu -lpjmedia-audiodev-x86_64-pc-linux-gnu -lpjmedia-x86_64-pc-linux-gnu -lpjnath-x86_64-pc-linux-gnu -lpjlib-util-x86_64-pc-linux-gnu -lsrtp-x86_64-pc-linux-gnu -lresample-x86_64-pc-linux-gnu -lgsmcodec-x86_64-pc-linux-gnu -lspeex-x86_64-pc-linux-gnu -lilbccodec-x86_64-pc-linux-gnu -lg7221codec-x86_64-pc-linux-gnu -lyuv-x86_64-pc-linux-gnu -lwebrtc-x86_64-pc-linux-gnu  -lpj-x86_64-pc-linux-gnu -lssl -lcrypto -luuid -lm -lrt -lpthread    " SAMPLE_EXE=aviplay APP=SAMPLE app=sample ../bin/samples/x86_64-pc-linux-gnu/aviplay
make --no-print-directory -f /home/inrack/src/pjsip-build/pjproject-2.17/build/rules.mak SAMPLE_SRCDIR=../src/samples SAMPLE_OBJS=aectest.o SAMPLE_CFLAGS="-DPJ_AUTOCONF=1 -fPIC -DPJ_IS_BIG_ENDIAN=0 -DPJ_IS_LITTLE_ENDIAN=1  -DPJMEDIA_USE_OLD_FFMPEG=1         -DPJMEDIA_USE_OLD_FFMPEG=1        -I/home/inrack/src/pjsip-build/pjproject-2.17/pjlib/include -I/home/inrack/src/pjsip-build/pjproject-2.17/pjlib-util/include -I/home/inrack/src/pjsip-build/pjproject-2.17/pjnath/include -I/home/inrack/src/pjsip-build/pjproject-2.17/pjmedia/include -I/home/inrack/src/pjsip-build/pjproject-2.17/pjsip/include   -DPJMEDIA_USE_OLD_FFMPEG=1         -DPJMEDIA_USE_OLD_FFMPEG=1       " SAMPLE_CXXFLAGS="-fPIC -DPJ_AUTOCONF=1 -fPIC -DPJ_IS_BIG_ENDIAN=0 -DPJ_IS_LITTLE_ENDIAN=1  -DPJMEDIA_USE_OLD_FFMPEG=1         -DPJMEDIA_USE_OLD_FFMPEG=1        -I/home/inrack/src/pjsip-build/pjproject-2.17/pjlib/include -I/home/inrack/src/pjsip-build/pjproject-2.17/pjlib-util/include -I/home/inrack/src/pjsip-build/pjproject-2.17/pjnath/include -I/home/inrack/src/pjsip-build/pjproject-2.17/pjmedia/include -I/home/inrack/src/pjsip-build/pjproject-2.17/pjsip/include   -DPJMEDIA_USE_OLD_FFMPEG=1         -DPJMEDIA_USE_OLD_FFMPEG=1       " SAMPLE_LDFLAGS="-L/home/inrack/src/pjsip-build/pjproject-2.17/pjlib/lib -L/home/inrack/src/pjsip-build/pjproject-2.17/pjlib-util/lib -L/home/inrack/src/pjsip-build/pjproject-2.17/pjnath/lib -L/home/inrack/src/pjsip-build/pjproject-2.17/pjmedia/lib -L/home/inrack/src/pjsip-build/pjproject-2.17/pjsip/lib -L/home/inrack/src/pjsip-build/pjproject-2.17/third_party/lib              -lpjsua-x86_64-pc-linux-gnu -lpjsip-ua-x86_64-pc-linux-gnu -lpjsip-simple-x86_64-pc-linux-gnu -lpjsip-x86_64-pc-linux-gnu -lpjmedia-codec-x86_64-pc-linux-gnu -lpjmedia-videodev-x86_64-pc-linux-gnu -lpjmedia-audiodev-x86_64-pc-linux-gnu -lpjmedia-x86_64-pc-linux-gnu -lpjnath-x86_64-pc-linux-gnu -lpjlib-util-x86_64-pc-linux-gnu -lsrtp-x86_64-pc-linux-gnu -lresample-x86_64-pc-linux-gnu -lgsmcodec-x86_64-pc-linux-gnu -lspeex-x86_64-pc-linux-gnu -lilbccodec-x86_64-pc-linux-gnu -lg7221codec-x86_64-pc-linux-gnu -lyuv-x86_64-pc-linux-gnu -lwebrtc-x86_64-pc-linux-gnu  -lpj-x86_64-pc-linux-gnu -lssl -lcrypto -luuid -lm -lrt -lpthread    " SAMPLE_EXE=aectest APP=SAMPLE app=sample ../bin/samples/x86_64-pc-linux-gnu/aectest
make --no-print-directory -f /home/inrack/src/pjsip-build/pjproject-2.17/build/rules.mak SAMPLE_SRCDIR=../src/samples SAMPLE_OBJS=clidemo.o SAMPLE_CFLAGS="-DPJ_AUTOCONF=1 -fPIC -DPJ_IS_BIG_ENDIAN=0 -DPJ_IS_LITTLE_ENDIAN=1  -DPJMEDIA_USE_OLD_FFMPEG=1         -DPJMEDIA_USE_OLD_FFMPEG=1        -I/home/inrack/src/pjsip-build/pjproject-2.17/pjlib/include -I/home/inrack/src/pjsip-build/pjproject-2.17/pjlib-util/include -I/home/inrack/src/pjsip-build/pjproject-2.17/pjnath/include -I/home/inrack/src/pjsip-build/pjproject-2.17/pjmedia/include -I/home/inrack/src/pjsip-build/pjproject-2.17/pjsip/include   -DPJMEDIA_USE_OLD_FFMPEG=1         -DPJMEDIA_USE_OLD_FFMPEG=1       " SAMPLE_CXXFLAGS="-fPIC -DPJ_AUTOCONF=1 -fPIC -DPJ_IS_BIG_ENDIAN=0 -DPJ_IS_LITTLE_ENDIAN=1  -DPJMEDIA_USE_OLD_FFMPEG=1         -DPJMEDIA_USE_OLD_FFMPEG=1        -I/home/inrack/src/pjsip-build/pjproject-2.17/pjlib/include -I/home/inrack/src/pjsip-build/pjproject-2.17/pjlib-util/include -I/home/inrack/src/pjsip-build/pjproject-2.17/pjnath/include -I/home/inrack/src/pjsip-build/pjproject-2.17/pjmedia/include -I/home/inrack/src/pjsip-build/pjproject-2.17/pjsip/include   -DPJMEDIA_USE_OLD_FFMPEG=1         -DPJMEDIA_USE_OLD_FFMPEG=1       " SAMPLE_LDFLAGS="-L/home/inrack/src/pjsip-build/pjproject-2.17/pjlib/lib -L/home/inrack/src/pjsip-build/pjproject-2.17/pjlib-util/lib -L/home/inrack/src/pjsip-build/pjproject-2.17/pjnath/lib -L/home/inrack/src/pjsip-build/pjproject-2.17/pjmedia/lib -L/home/inrack/src/pjsip-build/pjproject-2.17/pjsip/lib -L/home/inrack/src/pjsip-build/pjproject-2.17/third_party/lib              -lpjsua-x86_64-pc-linux-gnu -lpjsip-ua-x86_64-pc-linux-gnu -lpjsip-simple-x86_64-pc-linux-gnu -lpjsip-x86_64-pc-linux-gnu -lpjmedia-codec-x86_64-pc-linux-gnu -lpjmedia-videodev-x86_64-pc-linux-gnu -lpjmedia-audiodev-x86_64-pc-linux-gnu -lpjmedia-x86_64-pc-linux-gnu -lpjnath-x86_64-pc-linux-gnu -lpjlib-util-x86_64-pc-linux-gnu -lsrtp-x86_64-pc-linux-gnu -lresample-x86_64-pc-linux-gnu -lgsmcodec-x86_64-pc-linux-gnu -lspeex-x86_64-pc-linux-gnu -lilbccodec-x86_64-pc-linux-gnu -lg7221codec-x86_64-pc-linux-gnu -lyuv-x86_64-pc-linux-gnu -lwebrtc-x86_64-pc-linux-gnu  -lpj-x86_64-pc-linux-gnu -lssl -lcrypto -luuid -lm -lrt -lpthread    " SAMPLE_EXE=clidemo APP=SAMPLE app=sample ../bin/samples/x86_64-pc-linux-gnu/clidemo
make --no-print-directory -f /home/inrack/src/pjsip-build/pjproject-2.17/build/rules.mak SAMPLE_SRCDIR=../src/samples SAMPLE_OBJS=confsample.o SAMPLE_CFLAGS="-DPJ_AUTOCONF=1 -fPIC -DPJ_IS_BIG_ENDIAN=0 -DPJ_IS_LITTLE_ENDIAN=1  -DPJMEDIA_USE_OLD_FFMPEG=1         -DPJMEDIA_USE_OLD_FFMPEG=1        -I/home/inrack/src/pjsip-build/pjproject-2.17/pjlib/include -I/home/inrack/src/pjsip-build/pjproject-2.17/pjlib-util/include -I/home/inrack/src/pjsip-build/pjproject-2.17/pjnath/include -I/home/inrack/src/pjsip-build/pjproject-2.17/pjmedia/include -I/home/inrack/src/pjsip-build/pjproject-2.17/pjsip/include   -DPJMEDIA_USE_OLD_FFMPEG=1         -DPJMEDIA_USE_OLD_FFMPEG=1       " SAMPLE_CXXFLAGS="-fPIC -DPJ_AUTOCONF=1 -fPIC -DPJ_IS_BIG_ENDIAN=0 -DPJ_IS_LITTLE_ENDIAN=1  -DPJMEDIA_USE_OLD_FFMPEG=1         -DPJMEDIA_USE_OLD_FFMPEG=1        -I/home/inrack/src/pjsip-build/pjproject-2.17/pjlib/include -I/home/inrack/src/pjsip-build/pjproject-2.17/pjlib-util/include -I/home/inrack/src/pjsip-build/pjproject-2.17/pjnath/include -I/home/inrack/src/pjsip-build/pjproject-2.17/pjmedia/include -I/home/inrack/src/pjsip-build/pjproject-2.17/pjsip/include   -DPJMEDIA_USE_OLD_FFMPEG=1         -DPJMEDIA_USE_OLD_FFMPEG=1       " SAMPLE_LDFLAGS="-L/home/inrack/src/pjsip-build/pjproject-2.17/pjlib/lib -L/home/inrack/src/pjsip-build/pjproject-2.17/pjlib-util/lib -L/home/inrack/src/pjsip-build/pjproject-2.17/pjnath/lib -L/home/inrack/src/pjsip-build/pjproject-2.17/pjmedia/lib -L/home/inrack/src/pjsip-build/pjproject-2.17/pjsip/lib -L/home/inrack/src/pjsip-build/pjproject-2.17/third_party/lib              -lpjsua-x86_64-pc-linux-gnu -lpjsip-ua-x86_64-pc-linux-gnu -lpjsip-simple-x86_64-pc-linux-gnu -lpjsip-x86_64-pc-linux-gnu -lpjmedia-codec-x86_64-pc-linux-gnu -lpjmedia-videodev-x86_64-pc-linux-gnu -lpjmedia-audiodev-x86_64-pc-linux-gnu -lpjmedia-x86_64-pc-linux-gnu -lpjnath-x86_64-pc-linux-gnu -lpjlib-util-x86_64-pc-linux-gnu -lsrtp-x86_64-pc-linux-gnu -lresample-x86_64-pc-linux-gnu -lgsmcodec-x86_64-pc-linux-gnu -lspeex-x86_64-pc-linux-gnu -lilbccodec-x86_64-pc-linux-gnu -lg7221codec-x86_64-pc-linux-gnu -lyuv-x86_64-pc-linux-gnu -lwebrtc-x86_64-pc-linux-gnu  -lpj-x86_64-pc-linux-gnu -lssl -lcrypto -luuid -lm -lrt -lpthread    " SAMPLE_EXE=confsample APP=SAMPLE app=sample ../bin/samples/x86_64-pc-linux-gnu/confsample
gcc -DPJ_AUTOCONF=1 -fPIC -DPJ_IS_BIG_ENDIAN=0 -DPJ_IS_LITTLE_ENDIAN=1  -DPJMEDIA_USE_OLD_FFMPEG=1         -DPJMEDIA_USE_OLD_FFMPEG=1        -I/home/inrack/src/pjsip-build/pjproject-2.17/pjlib/include -I/home/inrack/src/pjsip-build/pjproject-2.17/pjlib-util/include -I/home/inrack/src/pjsip-build/pjproject-2.17/pjnath/include -I/home/inrack/src/pjsip-build/pjproject-2.17/pjmedia/include -I/home/inrack/src/pjsip-build/pjproject-2.17/pjsip/include  \
	-c -o output/pjsystest-x86_64-pc-linux-gnu/systest.o \
	../src/pjsystest/systest.c 
gcc -DPJ_AUTOCONF=1 -fPIC -DPJ_IS_BIG_ENDIAN=0 -DPJ_IS_LITTLE_ENDIAN=1  -DPJMEDIA_USE_OLD_FFMPEG=1         -DPJMEDIA_USE_OLD_FFMPEG=1        -I/home/inrack/src/pjsip-build/pjproject-2.17/pjlib/include -I/home/inrack/src/pjsip-build/pjproject-2.17/pjlib-util/include -I/home/inrack/src/pjsip-build/pjproject-2.17/pjnath/include -I/home/inrack/src/pjsip-build/pjproject-2.17/pjmedia/include -I/home/inrack/src/pjsip-build/pjproject-2.17/pjsip/include  \
	-c -o output/pjsua-x86_64-pc-linux-gnu/main.o \
	../src/pjsua/main.c 
mkdir -p output/sample-x86_64-pc-linux-gnu/
mkdir -p output/sample-x86_64-pc-linux-gnu/
mkdir -p output/sample-x86_64-pc-linux-gnu/
mkdir -p output/sample-x86_64-pc-linux-gnu/
mkdir -p output/sample-x86_64-pc-linux-gnu/
gcc -DPJ_AUTOCONF=1 -fPIC -DPJ_IS_BIG_ENDIAN=0 -DPJ_IS_LITTLE_ENDIAN=1  -DPJMEDIA_USE_OLD_FFMPEG=1         -DPJMEDIA_USE_OLD_FFMPEG=1        -I/home/inrack/src/pjsip-build/pjproject-2.17/pjlib/include -I/home/inrack/src/pjsip-build/pjproject-2.17/pjlib-util/include -I/home/inrack/src/pjsip-build/pjproject-2.17/pjnath/include -I/home/inrack/src/pjsip-build/pjproject-2.17/pjmedia/include -I/home/inrack/src/pjsip-build/pjproject-2.17/pjsip/include   -DPJMEDIA_USE_OLD_FFMPEG=1         -DPJMEDIA_USE_OLD_FFMPEG=1        \
	-c -o output/sample-x86_64-pc-linux-gnu/auddemo.o \
	../src/samples/auddemo.c 
gcc -DPJ_AUTOCONF=1 -fPIC -DPJ_IS_BIG_ENDIAN=0 -DPJ_IS_LITTLE_ENDIAN=1  -DPJMEDIA_USE_OLD_FFMPEG=1         -DPJMEDIA_USE_OLD_FFMPEG=1        -I/home/inrack/src/pjsip-build/pjproject-2.17/pjlib/include -I/home/inrack/src/pjsip-build/pjproject-2.17/pjlib-util/include -I/home/inrack/src/pjsip-build/pjproject-2.17/pjnath/include -I/home/inrack/src/pjsip-build/pjproject-2.17/pjmedia/include -I/home/inrack/src/pjsip-build/pjproject-2.17/pjsip/include   -DPJMEDIA_USE_OLD_FFMPEG=1         -DPJMEDIA_USE_OLD_FFMPEG=1        \
	-c -o output/sample-x86_64-pc-linux-gnu/aidemo.o \
	../src/samples/aidemo.c 
gcc -DPJ_AUTOCONF=1 -fPIC -DPJ_IS_BIG_ENDIAN=0 -DPJ_IS_LITTLE_ENDIAN=1  -DPJMEDIA_USE_OLD_FFMPEG=1         -DPJMEDIA_USE_OLD_FFMPEG=1        -I/home/inrack/src/pjsip-build/pjproject-2.17/pjlib/include -I/home/inrack/src/pjsip-build/pjproject-2.17/pjlib-util/include -I/home/inrack/src/pjsip-build/pjproject-2.17/pjnath/include -I/home/inrack/src/pjsip-build/pjproject-2.17/pjmedia/include -I/home/inrack/src/pjsip-build/pjproject-2.17/pjsip/include   -DPJMEDIA_USE_OLD_FFMPEG=1         -DPJMEDIA_USE_OLD_FFMPEG=1        \
	-c -o output/sample-x86_64-pc-linux-gnu/confsample.o \
	../src/samples/confsample.c 
gcc -DPJ_AUTOCONF=1 -fPIC -DPJ_IS_BIG_ENDIAN=0 -DPJ_IS_LITTLE_ENDIAN=1  -DPJMEDIA_USE_OLD_FFMPEG=1         -DPJMEDIA_USE_OLD_FFMPEG=1        -I/home/inrack/src/pjsip-build/pjproject-2.17/pjlib/include -I/home/inrack/src/pjsip-build/pjproject-2.17/pjlib-util/include -I/home/inrack/src/pjsip-build/pjproject-2.17/pjnath/include -I/home/inrack/src/pjsip-build/pjproject-2.17/pjmedia/include -I/home/inrack/src/pjsip-build/pjproject-2.17/pjsip/include   -DPJMEDIA_USE_OLD_FFMPEG=1         -DPJMEDIA_USE_OLD_FFMPEG=1        \
	-c -o output/sample-x86_64-pc-linux-gnu/aectest.o \
	../src/samples/aectest.c 
gcc -DPJ_AUTOCONF=1 -fPIC -DPJ_IS_BIG_ENDIAN=0 -DPJ_IS_LITTLE_ENDIAN=1  -DPJMEDIA_USE_OLD_FFMPEG=1         -DPJMEDIA_USE_OLD_FFMPEG=1        -I/home/inrack/src/pjsip-build/pjproject-2.17/pjlib/include -I/home/inrack/src/pjsip-build/pjproject-2.17/pjlib-util/include -I/home/inrack/src/pjsip-build/pjproject-2.17/pjnath/include -I/home/inrack/src/pjsip-build/pjproject-2.17/pjmedia/include -I/home/inrack/src/pjsip-build/pjproject-2.17/pjsip/include   -DPJMEDIA_USE_OLD_FFMPEG=1         -DPJMEDIA_USE_OLD_FFMPEG=1        \
	-c -o output/sample-x86_64-pc-linux-gnu/clidemo.o \
	../src/samples/clidemo.c 
gcc -DPJ_AUTOCONF=1 -fPIC -DPJ_IS_BIG_ENDIAN=0 -DPJ_IS_LITTLE_ENDIAN=1  -DPJMEDIA_USE_OLD_FFMPEG=1         -DPJMEDIA_USE_OLD_FFMPEG=1        -I/home/inrack/src/pjsip-build/pjproject-2.17/pjlib/include -I/home/inrack/src/pjsip-build/pjproject-2.17/pjlib-util/include -I/home/inrack/src/pjsip-build/pjproject-2.17/pjnath/include -I/home/inrack/src/pjsip-build/pjproject-2.17/pjmedia/include -I/home/inrack/src/pjsip-build/pjproject-2.17/pjsip/include   -DPJMEDIA_USE_OLD_FFMPEG=1         -DPJMEDIA_USE_OLD_FFMPEG=1        \
	-c -o output/sample-x86_64-pc-linux-gnu/aviplay.o \
	../src/samples/aviplay.c 
if test ! -d ../bin/samples/x86_64-pc-linux-gnu; then mkdir -p ../bin/samples/x86_64-pc-linux-gnu; fi
g++ -o ../bin/samples/x86_64-pc-linux-gnu/clidemo \
     output/sample-x86_64-pc-linux-gnu/clidemo.o -L/home/inrack/src/pjsip-build/pjproject-2.17/pjlib/lib -L/home/inrack/src/pjsip-build/pjproject-2.17/pjlib-util/lib -L/home/inrack/src/pjsip-build/pjproject-2.17/pjnath/lib -L/home/inrack/src/pjsip-build/pjproject-2.17/pjmedia/lib -L/home/inrack/src/pjsip-build/pjproject-2.17/pjsip/lib -L/home/inrack/src/pjsip-build/pjproject-2.17/third_party/lib              -lpjsua-x86_64-pc-linux-gnu -lpjsip-ua-x86_64-pc-linux-gnu -lpjsip-simple-x86_64-pc-linux-gnu -lpjsip-x86_64-pc-linux-gnu -lpjmedia-codec-x86_64-pc-linux-gnu -lpjmedia-videodev-x86_64-pc-linux-gnu -lpjmedia-audiodev-x86_64-pc-linux-gnu -lpjmedia-x86_64-pc-linux-gnu -lpjnath-x86_64-pc-linux-gnu -lpjlib-util-x86_64-pc-linux-gnu -lsrtp-x86_64-pc-linux-gnu -lresample-x86_64-pc-linux-gnu -lgsmcodec-x86_64-pc-linux-gnu -lspeex-x86_64-pc-linux-gnu -lilbccodec-x86_64-pc-linux-gnu -lg7221codec-x86_64-pc-linux-gnu -lyuv-x86_64-pc-linux-gnu -lwebrtc-x86_64-pc-linux-gnu  -lpj-x86_64-pc-linux-gnu -lssl -lcrypto -luuid -lm -lrt -lpthread    
if test ! -d ../bin/samples/x86_64-pc-linux-gnu; then mkdir -p ../bin/samples/x86_64-pc-linux-gnu; fi
g++ -o ../bin/samples/x86_64-pc-linux-gnu/aviplay \
     output/sample-x86_64-pc-linux-gnu/aviplay.o -L/home/inrack/src/pjsip-build/pjproject-2.17/pjlib/lib -L/home/inrack/src/pjsip-build/pjproject-2.17/pjlib-util/lib -L/home/inrack/src/pjsip-build/pjproject-2.17/pjnath/lib -L/home/inrack/src/pjsip-build/pjproject-2.17/pjmedia/lib -L/home/inrack/src/pjsip-build/pjproject-2.17/pjsip/lib -L/home/inrack/src/pjsip-build/pjproject-2.17/third_party/lib              -lpjsua-x86_64-pc-linux-gnu -lpjsip-ua-x86_64-pc-linux-gnu -lpjsip-simple-x86_64-pc-linux-gnu -lpjsip-x86_64-pc-linux-gnu -lpjmedia-codec-x86_64-pc-linux-gnu -lpjmedia-videodev-x86_64-pc-linux-gnu -lpjmedia-audiodev-x86_64-pc-linux-gnu -lpjmedia-x86_64-pc-linux-gnu -lpjnath-x86_64-pc-linux-gnu -lpjlib-util-x86_64-pc-linux-gnu -lsrtp-x86_64-pc-linux-gnu -lresample-x86_64-pc-linux-gnu -lgsmcodec-x86_64-pc-linux-gnu -lspeex-x86_64-pc-linux-gnu -lilbccodec-x86_64-pc-linux-gnu -lg7221codec-x86_64-pc-linux-gnu -lyuv-x86_64-pc-linux-gnu -lwebrtc-x86_64-pc-linux-gnu  -lpj-x86_64-pc-linux-gnu -lssl -lcrypto -luuid -lm -lrt -lpthread    
if test ! -d ../bin/samples/x86_64-pc-linux-gnu; then mkdir -p ../bin/samples/x86_64-pc-linux-gnu; fi
gcc -DPJ_AUTOCONF=1 -fPIC -DPJ_IS_BIG_ENDIAN=0 -DPJ_IS_LITTLE_ENDIAN=1  -DPJMEDIA_USE_OLD_FFMPEG=1         -DPJMEDIA_USE_OLD_FFMPEG=1        -I/home/inrack/src/pjsip-build/pjproject-2.17/pjlib/include -I/home/inrack/src/pjsip-build/pjproject-2.17/pjlib-util/include -I/home/inrack/src/pjsip-build/pjproject-2.17/pjnath/include -I/home/inrack/src/pjsip-build/pjproject-2.17/pjmedia/include -I/home/inrack/src/pjsip-build/pjproject-2.17/pjsip/include  \
	-c -o output/pjsua-x86_64-pc-linux-gnu/pjsua_app.o \
	../src/pjsua/pjsua_app.c 
g++ -o ../bin/samples/x86_64-pc-linux-gnu/aectest \
     output/sample-x86_64-pc-linux-gnu/aectest.o -L/home/inrack/src/pjsip-build/pjproject-2.17/pjlib/lib -L/home/inrack/src/pjsip-build/pjproject-2.17/pjlib-util/lib -L/home/inrack/src/pjsip-build/pjproject-2.17/pjnath/lib -L/home/inrack/src/pjsip-build/pjproject-2.17/pjmedia/lib -L/home/inrack/src/pjsip-build/pjproject-2.17/pjsip/lib -L/home/inrack/src/pjsip-build/pjproject-2.17/third_party/lib              -lpjsua-x86_64-pc-linux-gnu -lpjsip-ua-x86_64-pc-linux-gnu -lpjsip-simple-x86_64-pc-linux-gnu -lpjsip-x86_64-pc-linux-gnu -lpjmedia-codec-x86_64-pc-linux-gnu -lpjmedia-videodev-x86_64-pc-linux-gnu -lpjmedia-audiodev-x86_64-pc-linux-gnu -lpjmedia-x86_64-pc-linux-gnu -lpjnath-x86_64-pc-linux-gnu -lpjlib-util-x86_64-pc-linux-gnu -lsrtp-x86_64-pc-linux-gnu -lresample-x86_64-pc-linux-gnu -lgsmcodec-x86_64-pc-linux-gnu -lspeex-x86_64-pc-linux-gnu -lilbccodec-x86_64-pc-linux-gnu -lg7221codec-x86_64-pc-linux-gnu -lyuv-x86_64-pc-linux-gnu -lwebrtc-x86_64-pc-linux-gnu  -lpj-x86_64-pc-linux-gnu -lssl -lcrypto -luuid -lm -lrt -lpthread    
if test ! -d ../bin/samples/x86_64-pc-linux-gnu; then mkdir -p ../bin/samples/x86_64-pc-linux-gnu; fi
g++ -o ../bin/samples/x86_64-pc-linux-gnu/aidemo \
     output/sample-x86_64-pc-linux-gnu/aidemo.o -L/home/inrack/src/pjsip-build/pjproject-2.17/pjlib/lib -L/home/inrack/src/pjsip-build/pjproject-2.17/pjlib-util/lib -L/home/inrack/src/pjsip-build/pjproject-2.17/pjnath/lib -L/home/inrack/src/pjsip-build/pjproject-2.17/pjmedia/lib -L/home/inrack/src/pjsip-build/pjproject-2.17/pjsip/lib -L/home/inrack/src/pjsip-build/pjproject-2.17/third_party/lib              -lpjsua-x86_64-pc-linux-gnu -lpjsip-ua-x86_64-pc-linux-gnu -lpjsip-simple-x86_64-pc-linux-gnu -lpjsip-x86_64-pc-linux-gnu -lpjmedia-codec-x86_64-pc-linux-gnu -lpjmedia-videodev-x86_64-pc-linux-gnu -lpjmedia-audiodev-x86_64-pc-linux-gnu -lpjmedia-x86_64-pc-linux-gnu -lpjnath-x86_64-pc-linux-gnu -lpjlib-util-x86_64-pc-linux-gnu -lsrtp-x86_64-pc-linux-gnu -lresample-x86_64-pc-linux-gnu -lgsmcodec-x86_64-pc-linux-gnu -lspeex-x86_64-pc-linux-gnu -lilbccodec-x86_64-pc-linux-gnu -lg7221codec-x86_64-pc-linux-gnu -lyuv-x86_64-pc-linux-gnu -lwebrtc-x86_64-pc-linux-gnu  -lpj-x86_64-pc-linux-gnu -lssl -lcrypto -luuid -lm -lrt -lpthread    
if test ! -d ../bin/samples/x86_64-pc-linux-gnu; then mkdir -p ../bin/samples/x86_64-pc-linux-gnu; fi
g++ -o ../bin/samples/x86_64-pc-linux-gnu/confsample \
     output/sample-x86_64-pc-linux-gnu/confsample.o -L/home/inrack/src/pjsip-build/pjproject-2.17/pjlib/lib -L/home/inrack/src/pjsip-build/pjproject-2.17/pjlib-util/lib -L/home/inrack/src/pjsip-build/pjproject-2.17/pjnath/lib -L/home/inrack/src/pjsip-build/pjproject-2.17/pjmedia/lib -L/home/inrack/src/pjsip-build/pjproject-2.17/pjsip/lib -L/home/inrack/src/pjsip-build/pjproject-2.17/third_party/lib              -lpjsua-x86_64-pc-linux-gnu -lpjsip-ua-x86_64-pc-linux-gnu -lpjsip-simple-x86_64-pc-linux-gnu -lpjsip-x86_64-pc-linux-gnu -lpjmedia-codec-x86_64-pc-linux-gnu -lpjmedia-videodev-x86_64-pc-linux-gnu -lpjmedia-audiodev-x86_64-pc-linux-gnu -lpjmedia-x86_64-pc-linux-gnu -lpjnath-x86_64-pc-linux-gnu -lpjlib-util-x86_64-pc-linux-gnu -lsrtp-x86_64-pc-linux-gnu -lresample-x86_64-pc-linux-gnu -lgsmcodec-x86_64-pc-linux-gnu -lspeex-x86_64-pc-linux-gnu -lilbccodec-x86_64-pc-linux-gnu -lg7221codec-x86_64-pc-linux-gnu -lyuv-x86_64-pc-linux-gnu -lwebrtc-x86_64-pc-linux-gnu  -lpj-x86_64-pc-linux-gnu -lssl -lcrypto -luuid -lm -lrt -lpthread    
if test ! -d ../bin/samples/x86_64-pc-linux-gnu; then mkdir -p ../bin/samples/x86_64-pc-linux-gnu; fi
g++ -o ../bin/samples/x86_64-pc-linux-gnu/auddemo \
     output/sample-x86_64-pc-linux-gnu/auddemo.o -L/home/inrack/src/pjsip-build/pjproject-2.17/pjlib/lib -L/home/inrack/src/pjsip-build/pjproject-2.17/pjlib-util/lib -L/home/inrack/src/pjsip-build/pjproject-2.17/pjnath/lib -L/home/inrack/src/pjsip-build/pjproject-2.17/pjmedia/lib -L/home/inrack/src/pjsip-build/pjproject-2.17/pjsip/lib -L/home/inrack/src/pjsip-build/pjproject-2.17/third_party/lib              -lpjsua-x86_64-pc-linux-gnu -lpjsip-ua-x86_64-pc-linux-gnu -lpjsip-simple-x86_64-pc-linux-gnu -lpjsip-x86_64-pc-linux-gnu -lpjmedia-codec-x86_64-pc-linux-gnu -lpjmedia-videodev-x86_64-pc-linux-gnu -lpjmedia-audiodev-x86_64-pc-linux-gnu -lpjmedia-x86_64-pc-linux-gnu -lpjnath-x86_64-pc-linux-gnu -lpjlib-util-x86_64-pc-linux-gnu -lsrtp-x86_64-pc-linux-gnu -lresample-x86_64-pc-linux-gnu -lgsmcodec-x86_64-pc-linux-gnu -lspeex-x86_64-pc-linux-gnu -lilbccodec-x86_64-pc-linux-gnu -lg7221codec-x86_64-pc-linux-gnu -lyuv-x86_64-pc-linux-gnu -lwebrtc-x86_64-pc-linux-gnu  -lpj-x86_64-pc-linux-gnu -lssl -lcrypto -luuid -lm -lrt -lpthread    
make --no-print-directory -f /home/inrack/src/pjsip-build/pjproject-2.17/build/rules.mak SAMPLE_SRCDIR=../src/samples SAMPLE_OBJS=encdec.o SAMPLE_CFLAGS="-DPJ_AUTOCONF=1 -fPIC -DPJ_IS_BIG_ENDIAN=0 -DPJ_IS_LITTLE_ENDIAN=1  -DPJMEDIA_USE_OLD_FFMPEG=1         -DPJMEDIA_USE_OLD_FFMPEG=1        -I/home/inrack/src/pjsip-build/pjproject-2.17/pjlib/include -I/home/inrack/src/pjsip-build/pjproject-2.17/pjlib-util/include -I/home/inrack/src/pjsip-build/pjproject-2.17/pjnath/include -I/home/inrack/src/pjsip-build/pjproject-2.17/pjmedia/include -I/home/inrack/src/pjsip-build/pjproject-2.17/pjsip/include   -DPJMEDIA_USE_OLD_FFMPEG=1         -DPJMEDIA_USE_OLD_FFMPEG=1       " SAMPLE_CXXFLAGS="-fPIC -DPJ_AUTOCONF=1 -fPIC -DPJ_IS_BIG_ENDIAN=0 -DPJ_IS_LITTLE_ENDIAN=1  -DPJMEDIA_USE_OLD_FFMPEG=1         -DPJMEDIA_USE_OLD_FFMPEG=1        -I/home/inrack/src/pjsip-build/pjproject-2.17/pjlib/include -I/home/inrack/src/pjsip-build/pjproject-2.17/pjlib-util/include -I/home/inrack/src/pjsip-build/pjproject-2.17/pjnath/include -I/home/inrack/src/pjsip-build/pjproject-2.17/pjmedia/include -I/home/inrack/src/pjsip-build/pjproject-2.17/pjsip/include   -DPJMEDIA_USE_OLD_FFMPEG=1         -DPJMEDIA_USE_OLD_FFMPEG=1       " SAMPLE_LDFLAGS="-L/home/inrack/src/pjsip-build/pjproject-2.17/pjlib/lib -L/home/inrack/src/pjsip-build/pjproject-2.17/pjlib-util/lib -L/home/inrack/src/pjsip-build/pjproject-2.17/pjnath/lib -L/home/inrack/src/pjsip-build/pjproject-2.17/pjmedia/lib -L/home/inrack/src/pjsip-build/pjproject-2.17/pjsip/lib -L/home/inrack/src/pjsip-build/pjproject-2.17/third_party/lib              -lpjsua-x86_64-pc-linux-gnu -lpjsip-ua-x86_64-pc-linux-gnu -lpjsip-simple-x86_64-pc-linux-gnu -lpjsip-x86_64-pc-linux-gnu -lpjmedia-codec-x86_64-pc-linux-gnu -lpjmedia-videodev-x86_64-pc-linux-gnu -lpjmedia-audiodev-x86_64-pc-linux-gnu -lpjmedia-x86_64-pc-linux-gnu -lpjnath-x86_64-pc-linux-gnu -lpjlib-util-x86_64-pc-linux-gnu -lsrtp-x86_64-pc-linux-gnu -lresample-x86_64-pc-linux-gnu -lgsmcodec-x86_64-pc-linux-gnu -lspeex-x86_64-pc-linux-gnu -lilbccodec-x86_64-pc-linux-gnu -lg7221codec-x86_64-pc-linux-gnu -lyuv-x86_64-pc-linux-gnu -lwebrtc-x86_64-pc-linux-gnu  -lpj-x86_64-pc-linux-gnu -lssl -lcrypto -luuid -lm -lrt -lpthread    " SAMPLE_EXE=encdec APP=SAMPLE app=sample ../bin/samples/x86_64-pc-linux-gnu/encdec
gcc -DPJ_AUTOCONF=1 -fPIC -DPJ_IS_BIG_ENDIAN=0 -DPJ_IS_LITTLE_ENDIAN=1  -DPJMEDIA_USE_OLD_FFMPEG=1         -DPJMEDIA_USE_OLD_FFMPEG=1        -I/home/inrack/src/pjsip-build/pjproject-2.17/pjlib/include -I/home/inrack/src/pjsip-build/pjproject-2.17/pjlib-util/include -I/home/inrack/src/pjsip-build/pjproject-2.17/pjnath/include -I/home/inrack/src/pjsip-build/pjproject-2.17/pjmedia/include -I/home/inrack/src/pjsip-build/pjproject-2.17/pjsip/include   -DPJMEDIA_USE_OLD_FFMPEG=1         -DPJMEDIA_USE_OLD_FFMPEG=1        \
	-c -o output/sample-x86_64-pc-linux-gnu/encdec.o \
	../src/samples/encdec.c 
make --no-print-directory -f /home/inrack/src/pjsip-build/pjproject-2.17/build/rules.mak SAMPLE_SRCDIR=../src/samples SAMPLE_OBJS=httpdemo.o SAMPLE_CFLAGS="-DPJ_AUTOCONF=1 -fPIC -DPJ_IS_BIG_ENDIAN=0 -DPJ_IS_LITTLE_ENDIAN=1  -DPJMEDIA_USE_OLD_FFMPEG=1         -DPJMEDIA_USE_OLD_FFMPEG=1        -I/home/inrack/src/pjsip-build/pjproject-2.17/pjlib/include -I/home/inrack/src/pjsip-build/pjproject-2.17/pjlib-util/include -I/home/inrack/src/pjsip-build/pjproject-2.17/pjnath/include -I/home/inrack/src/pjsip-build/pjproject-2.17/pjmedia/include -I/home/inrack/src/pjsip-build/pjproject-2.17/pjsip/include   -DPJMEDIA_USE_OLD_FFMPEG=1         -DPJMEDIA_USE_OLD_FFMPEG=1       " SAMPLE_CXXFLAGS="-fPIC -DPJ_AUTOCONF=1 -fPIC -DPJ_IS_BIG_ENDIAN=0 -DPJ_IS_LITTLE_ENDIAN=1  -DPJMEDIA_USE_OLD_FFMPEG=1         -DPJMEDIA_USE_OLD_FFMPEG=1        -I/home/inrack/src/pjsip-build/pjproject-2.17/pjlib/include -I/home/inrack/src/pjsip-build/pjproject-2.17/pjlib-util/include -I/home/inrack/src/pjsip-build/pjproject-2.17/pjnath/include -I/home/inrack/src/pjsip-build/pjproject-2.17/pjmedia/include -I/home/inrack/src/pjsip-build/pjproject-2.17/pjsip/include   -DPJMEDIA_USE_OLD_FFMPEG=1         -DPJMEDIA_USE_OLD_FFMPEG=1       " SAMPLE_LDFLAGS="-L/home/inrack/src/pjsip-build/pjproject-2.17/pjlib/lib -L/home/inrack/src/pjsip-build/pjproject-2.17/pjlib-util/lib -L/home/inrack/src/pjsip-build/pjproject-2.17/pjnath/lib -L/home/inrack/src/pjsip-build/pjproject-2.17/pjmedia/lib -L/home/inrack/src/pjsip-build/pjproject-2.17/pjsip/lib -L/home/inrack/src/pjsip-build/pjproject-2.17/third_party/lib              -lpjsua-x86_64-pc-linux-gnu -lpjsip-ua-x86_64-pc-linux-gnu -lpjsip-simple-x86_64-pc-linux-gnu -lpjsip-x86_64-pc-linux-gnu -lpjmedia-codec-x86_64-pc-linux-gnu -lpjmedia-videodev-x86_64-pc-linux-gnu -lpjmedia-audiodev-x86_64-pc-linux-gnu -lpjmedia-x86_64-pc-linux-gnu -lpjnath-x86_64-pc-linux-gnu -lpjlib-util-x86_64-pc-linux-gnu -lsrtp-x86_64-pc-linux-gnu -lresample-x86_64-pc-linux-gnu -lgsmcodec-x86_64-pc-linux-gnu -lspeex-x86_64-pc-linux-gnu -lilbccodec-x86_64-pc-linux-gnu -lg7221codec-x86_64-pc-linux-gnu -lyuv-x86_64-pc-linux-gnu -lwebrtc-x86_64-pc-linux-gnu  -lpj-x86_64-pc-linux-gnu -lssl -lcrypto -luuid -lm -lrt -lpthread    " SAMPLE_EXE=httpdemo APP=SAMPLE app=sample ../bin/samples/x86_64-pc-linux-gnu/httpdemo
gcc -DPJ_AUTOCONF=1 -fPIC -DPJ_IS_BIG_ENDIAN=0 -DPJ_IS_LITTLE_ENDIAN=1  -DPJMEDIA_USE_OLD_FFMPEG=1         -DPJMEDIA_USE_OLD_FFMPEG=1        -I/home/inrack/src/pjsip-build/pjproject-2.17/pjlib/include -I/home/inrack/src/pjsip-build/pjproject-2.17/pjlib-util/include -I/home/inrack/src/pjsip-build/pjproject-2.17/pjnath/include -I/home/inrack/src/pjsip-build/pjproject-2.17/pjmedia/include -I/home/inrack/src/pjsip-build/pjproject-2.17/pjsip/include   -DPJMEDIA_USE_OLD_FFMPEG=1         -DPJMEDIA_USE_OLD_FFMPEG=1        \
	-c -o output/sample-x86_64-pc-linux-gnu/httpdemo.o \
	../src/samples/httpdemo.c 
gcc -DPJ_AUTOCONF=1 -fPIC -DPJ_IS_BIG_ENDIAN=0 -DPJ_IS_LITTLE_ENDIAN=1  -DPJMEDIA_USE_OLD_FFMPEG=1         -DPJMEDIA_USE_OLD_FFMPEG=1        -I/home/inrack/src/pjsip-build/pjproject-2.17/pjlib/include -I/home/inrack/src/pjsip-build/pjproject-2.17/pjlib-util/include -I/home/inrack/src/pjsip-build/pjproject-2.17/pjnath/include -I/home/inrack/src/pjsip-build/pjproject-2.17/pjmedia/include -I/home/inrack/src/pjsip-build/pjproject-2.17/pjsip/include  \
	-c -o output/pjsystest-x86_64-pc-linux-gnu/main_console.o \
	../src/pjsystest/main_console.c 
make --no-print-directory -f /home/inrack/src/pjsip-build/pjproject-2.17/build/rules.mak SAMPLE_SRCDIR=../src/samples SAMPLE_OBJS=icedemo.o SAMPLE_CFLAGS="-DPJ_AUTOCONF=1 -fPIC -DPJ_IS_BIG_ENDIAN=0 -DPJ_IS_LITTLE_ENDIAN=1  -DPJMEDIA_USE_OLD_FFMPEG=1         -DPJMEDIA_USE_OLD_FFMPEG=1        -I/home/inrack/src/pjsip-build/pjproject-2.17/pjlib/include -I/home/inrack/src/pjsip-build/pjproject-2.17/pjlib-util/include -I/home/inrack/src/pjsip-build/pjproject-2.17/pjnath/include -I/home/inrack/src/pjsip-build/pjproject-2.17/pjmedia/include -I/home/inrack/src/pjsip-build/pjproject-2.17/pjsip/include   -DPJMEDIA_USE_OLD_FFMPEG=1         -DPJMEDIA_USE_OLD_FFMPEG=1       " SAMPLE_CXXFLAGS="-fPIC -DPJ_AUTOCONF=1 -fPIC -DPJ_IS_BIG_ENDIAN=0 -DPJ_IS_LITTLE_ENDIAN=1  -DPJMEDIA_USE_OLD_FFMPEG=1         -DPJMEDIA_USE_OLD_FFMPEG=1        -I/home/inrack/src/pjsip-build/pjproject-2.17/pjlib/include -I/home/inrack/src/pjsip-build/pjproject-2.17/pjlib-util/include -I/home/inrack/src/pjsip-build/pjproject-2.17/pjnath/include -I/home/inrack/src/pjsip-build/pjproject-2.17/pjmedia/include -I/home/inrack/src/pjsip-build/pjproject-2.17/pjsip/include   -DPJMEDIA_USE_OLD_FFMPEG=1         -DPJMEDIA_USE_OLD_FFMPEG=1       " SAMPLE_LDFLAGS="-L/home/inrack/src/pjsip-build/pjproject-2.17/pjlib/lib -L/home/inrack/src/pjsip-build/pjproject-2.17/pjlib-util/lib -L/home/inrack/src/pjsip-build/pjproject-2.17/pjnath/lib -L/home/inrack/src/pjsip-build/pjproject-2.17/pjmedia/lib -L/home/inrack/src/pjsip-build/pjproject-2.17/pjsip/lib -L/home/inrack/src/pjsip-build/pjproject-2.17/third_party/lib              -lpjsua-x86_64-pc-linux-gnu -lpjsip-ua-x86_64-pc-linux-gnu -lpjsip-simple-x86_64-pc-linux-gnu -lpjsip-x86_64-pc-linux-gnu -lpjmedia-codec-x86_64-pc-linux-gnu -lpjmedia-videodev-x86_64-pc-linux-gnu -lpjmedia-audiodev-x86_64-pc-linux-gnu -lpjmedia-x86_64-pc-linux-gnu -lpjnath-x86_64-pc-linux-gnu -lpjlib-util-x86_64-pc-linux-gnu -lsrtp-x86_64-pc-linux-gnu -lresample-x86_64-pc-linux-gnu -lgsmcodec-x86_64-pc-linux-gnu -lspeex-x86_64-pc-linux-gnu -lilbccodec-x86_64-pc-linux-gnu -lg7221codec-x86_64-pc-linux-gnu -lyuv-x86_64-pc-linux-gnu -lwebrtc-x86_64-pc-linux-gnu  -lpj-x86_64-pc-linux-gnu -lssl -lcrypto -luuid -lm -lrt -lpthread    " SAMPLE_EXE=icedemo APP=SAMPLE app=sample ../bin/samples/x86_64-pc-linux-gnu/icedemo
gcc -DPJ_AUTOCONF=1 -fPIC -DPJ_IS_BIG_ENDIAN=0 -DPJ_IS_LITTLE_ENDIAN=1  -DPJMEDIA_USE_OLD_FFMPEG=1         -DPJMEDIA_USE_OLD_FFMPEG=1        -I/home/inrack/src/pjsip-build/pjproject-2.17/pjlib/include -I/home/inrack/src/pjsip-build/pjproject-2.17/pjlib-util/include -I/home/inrack/src/pjsip-build/pjproject-2.17/pjnath/include -I/home/inrack/src/pjsip-build/pjproject-2.17/pjmedia/include -I/home/inrack/src/pjsip-build/pjproject-2.17/pjsip/include   -DPJMEDIA_USE_OLD_FFMPEG=1         -DPJMEDIA_USE_OLD_FFMPEG=1        \
	-c -o output/sample-x86_64-pc-linux-gnu/icedemo.o \
	../src/samples/icedemo.c 
make --no-print-directory -f /home/inrack/src/pjsip-build/pjproject-2.17/build/rules.mak SAMPLE_SRCDIR=../src/samples SAMPLE_OBJS=jbsim.o SAMPLE_CFLAGS="-DPJ_AUTOCONF=1 -fPIC -DPJ_IS_BIG_ENDIAN=0 -DPJ_IS_LITTLE_ENDIAN=1  -DPJMEDIA_USE_OLD_FFMPEG=1         -DPJMEDIA_USE_OLD_FFMPEG=1        -I/home/inrack/src/pjsip-build/pjproject-2.17/pjlib/include -I/home/inrack/src/pjsip-build/pjproject-2.17/pjlib-util/include -I/home/inrack/src/pjsip-build/pjproject-2.17/pjnath/include -I/home/inrack/src/pjsip-build/pjproject-2.17/pjmedia/include -I/home/inrack/src/pjsip-build/pjproject-2.17/pjsip/include   -DPJMEDIA_USE_OLD_FFMPEG=1         -DPJMEDIA_USE_OLD_FFMPEG=1       " SAMPLE_CXXFLAGS="-fPIC -DPJ_AUTOCONF=1 -fPIC -DPJ_IS_BIG_ENDIAN=0 -DPJ_IS_LITTLE_ENDIAN=1  -DPJMEDIA_USE_OLD_FFMPEG=1         -DPJMEDIA_USE_OLD_FFMPEG=1        -I/home/inrack/src/pjsip-build/pjproject-2.17/pjlib/include -I/home/inrack/src/pjsip-build/pjproject-2.17/pjlib-util/include -I/home/inrack/src/pjsip-build/pjproject-2.17/pjnath/include -I/home/inrack/src/pjsip-build/pjproject-2.17/pjmedia/include -I/home/inrack/src/pjsip-build/pjproject-2.17/pjsip/include   -DPJMEDIA_USE_OLD_FFMPEG=1         -DPJMEDIA_USE_OLD_FFMPEG=1       " SAMPLE_LDFLAGS="-L/home/inrack/src/pjsip-build/pjproject-2.17/pjlib/lib -L/home/inrack/src/pjsip-build/pjproject-2.17/pjlib-util/lib -L/home/inrack/src/pjsip-build/pjproject-2.17/pjnath/lib -L/home/inrack/src/pjsip-build/pjproject-2.17/pjmedia/lib -L/home/inrack/src/pjsip-build/pjproject-2.17/pjsip/lib -L/home/inrack/src/pjsip-build/pjproject-2.17/third_party/lib              -lpjsua-x86_64-pc-linux-gnu -lpjsip-ua-x86_64-pc-linux-gnu -lpjsip-simple-x86_64-pc-linux-gnu -lpjsip-x86_64-pc-linux-gnu -lpjmedia-codec-x86_64-pc-linux-gnu -lpjmedia-videodev-x86_64-pc-linux-gnu -lpjmedia-audiodev-x86_64-pc-linux-gnu -lpjmedia-x86_64-pc-linux-gnu -lpjnath-x86_64-pc-linux-gnu -lpjlib-util-x86_64-pc-linux-gnu -lsrtp-x86_64-pc-linux-gnu -lresample-x86_64-pc-linux-gnu -lgsmcodec-x86_64-pc-linux-gnu -lspeex-x86_64-pc-linux-gnu -lilbccodec-x86_64-pc-linux-gnu -lg7221codec-x86_64-pc-linux-gnu -lyuv-x86_64-pc-linux-gnu -lwebrtc-x86_64-pc-linux-gnu  -lpj-x86_64-pc-linux-gnu -lssl -lcrypto -luuid -lm -lrt -lpthread    " SAMPLE_EXE=jbsim APP=SAMPLE app=sample ../bin/samples/x86_64-pc-linux-gnu/jbsim
make --no-print-directory -f /home/inrack/src/pjsip-build/pjproject-2.17/build/rules.mak SAMPLE_SRCDIR=../src/samples SAMPLE_OBJS=latency.o SAMPLE_CFLAGS="-DPJ_AUTOCONF=1 -fPIC -DPJ_IS_BIG_ENDIAN=0 -DPJ_IS_LITTLE_ENDIAN=1  -DPJMEDIA_USE_OLD_FFMPEG=1         -DPJMEDIA_USE_OLD_FFMPEG=1        -I/home/inrack/src/pjsip-build/pjproject-2.17/pjlib/include -I/home/inrack/src/pjsip-build/pjproject-2.17/pjlib-util/include -I/home/inrack/src/pjsip-build/pjproject-2.17/pjnath/include -I/home/inrack/src/pjsip-build/pjproject-2.17/pjmedia/include -I/home/inrack/src/pjsip-build/pjproject-2.17/pjsip/include   -DPJMEDIA_USE_OLD_FFMPEG=1         -DPJMEDIA_USE_OLD_FFMPEG=1       " SAMPLE_CXXFLAGS="-fPIC -DPJ_AUTOCONF=1 -fPIC -DPJ_IS_BIG_ENDIAN=0 -DPJ_IS_LITTLE_ENDIAN=1  -DPJMEDIA_USE_OLD_FFMPEG=1         -DPJMEDIA_USE_OLD_FFMPEG=1        -I/home/inrack/src/pjsip-build/pjproject-2.17/pjlib/include -I/home/inrack/src/pjsip-build/pjproject-2.17/pjlib-util/include -I/home/inrack/src/pjsip-build/pjproject-2.17/pjnath/include -I/home/inrack/src/pjsip-build/pjproject-2.17/pjmedia/include -I/home/inrack/src/pjsip-build/pjproject-2.17/pjsip/include   -DPJMEDIA_USE_OLD_FFMPEG=1         -DPJMEDIA_USE_OLD_FFMPEG=1       " SAMPLE_LDFLAGS="-L/home/inrack/src/pjsip-build/pjproject-2.17/pjlib/lib -L/home/inrack/src/pjsip-build/pjproject-2.17/pjlib-util/lib -L/home/inrack/src/pjsip-build/pjproject-2.17/pjnath/lib -L/home/inrack/src/pjsip-build/pjproject-2.17/pjmedia/lib -L/home/inrack/src/pjsip-build/pjproject-2.17/pjsip/lib -L/home/inrack/src/pjsip-build/pjproject-2.17/third_party/lib              -lpjsua-x86_64-pc-linux-gnu -lpjsip-ua-x86_64-pc-linux-gnu -lpjsip-simple-x86_64-pc-linux-gnu -lpjsip-x86_64-pc-linux-gnu -lpjmedia-codec-x86_64-pc-linux-gnu -lpjmedia-videodev-x86_64-pc-linux-gnu -lpjmedia-audiodev-x86_64-pc-linux-gnu -lpjmedia-x86_64-pc-linux-gnu -lpjnath-x86_64-pc-linux-gnu -lpjlib-util-x86_64-pc-linux-gnu -lsrtp-x86_64-pc-linux-gnu -lresample-x86_64-pc-linux-gnu -lgsmcodec-x86_64-pc-linux-gnu -lspeex-x86_64-pc-linux-gnu -lilbccodec-x86_64-pc-linux-gnu -lg7221codec-x86_64-pc-linux-gnu -lyuv-x86_64-pc-linux-gnu -lwebrtc-x86_64-pc-linux-gnu  -lpj-x86_64-pc-linux-gnu -lssl -lcrypto -luuid -lm -lrt -lpthread    " SAMPLE_EXE=latency APP=SAMPLE app=sample ../bin/samples/x86_64-pc-linux-gnu/latency
gcc -DPJ_AUTOCONF=1 -fPIC -DPJ_IS_BIG_ENDIAN=0 -DPJ_IS_LITTLE_ENDIAN=1  -DPJMEDIA_USE_OLD_FFMPEG=1         -DPJMEDIA_USE_OLD_FFMPEG=1        -I/home/inrack/src/pjsip-build/pjproject-2.17/pjlib/include -I/home/inrack/src/pjsip-build/pjproject-2.17/pjlib-util/include -I/home/inrack/src/pjsip-build/pjproject-2.17/pjnath/include -I/home/inrack/src/pjsip-build/pjproject-2.17/pjmedia/include -I/home/inrack/src/pjsip-build/pjproject-2.17/pjsip/include   -DPJMEDIA_USE_OLD_FFMPEG=1         -DPJMEDIA_USE_OLD_FFMPEG=1        \
	-c -o output/sample-x86_64-pc-linux-gnu/jbsim.o \
	../src/samples/jbsim.c 
gcc -DPJ_AUTOCONF=1 -fPIC -DPJ_IS_BIG_ENDIAN=0 -DPJ_IS_LITTLE_ENDIAN=1  -DPJMEDIA_USE_OLD_FFMPEG=1         -DPJMEDIA_USE_OLD_FFMPEG=1        -I/home/inrack/src/pjsip-build/pjproject-2.17/pjlib/include -I/home/inrack/src/pjsip-build/pjproject-2.17/pjlib-util/include -I/home/inrack/src/pjsip-build/pjproject-2.17/pjnath/include -I/home/inrack/src/pjsip-build/pjproject-2.17/pjmedia/include -I/home/inrack/src/pjsip-build/pjproject-2.17/pjsip/include   -DPJMEDIA_USE_OLD_FFMPEG=1         -DPJMEDIA_USE_OLD_FFMPEG=1        \
	-c -o output/sample-x86_64-pc-linux-gnu/latency.o \
	../src/samples/latency.c 
make --no-print-directory -f /home/inrack/src/pjsip-build/pjproject-2.17/build/rules.mak SAMPLE_SRCDIR=../src/samples SAMPLE_OBJS=level.o SAMPLE_CFLAGS="-DPJ_AUTOCONF=1 -fPIC -DPJ_IS_BIG_ENDIAN=0 -DPJ_IS_LITTLE_ENDIAN=1  -DPJMEDIA_USE_OLD_FFMPEG=1         -DPJMEDIA_USE_OLD_FFMPEG=1        -I/home/inrack/src/pjsip-build/pjproject-2.17/pjlib/include -I/home/inrack/src/pjsip-build/pjproject-2.17/pjlib-util/include -I/home/inrack/src/pjsip-build/pjproject-2.17/pjnath/include -I/home/inrack/src/pjsip-build/pjproject-2.17/pjmedia/include -I/home/inrack/src/pjsip-build/pjproject-2.17/pjsip/include   -DPJMEDIA_USE_OLD_FFMPEG=1         -DPJMEDIA_USE_OLD_FFMPEG=1       " SAMPLE_CXXFLAGS="-fPIC -DPJ_AUTOCONF=1 -fPIC -DPJ_IS_BIG_ENDIAN=0 -DPJ_IS_LITTLE_ENDIAN=1  -DPJMEDIA_USE_OLD_FFMPEG=1         -DPJMEDIA_USE_OLD_FFMPEG=1        -I/home/inrack/src/pjsip-build/pjproject-2.17/pjlib/include -I/home/inrack/src/pjsip-build/pjproject-2.17/pjlib-util/include -I/home/inrack/src/pjsip-build/pjproject-2.17/pjnath/include -I/home/inrack/src/pjsip-build/pjproject-2.17/pjmedia/include -I/home/inrack/src/pjsip-build/pjproject-2.17/pjsip/include   -DPJMEDIA_USE_OLD_FFMPEG=1         -DPJMEDIA_USE_OLD_FFMPEG=1       " SAMPLE_LDFLAGS="-L/home/inrack/src/pjsip-build/pjproject-2.17/pjlib/lib -L/home/inrack/src/pjsip-build/pjproject-2.17/pjlib-util/lib -L/home/inrack/src/pjsip-build/pjproject-2.17/pjnath/lib -L/home/inrack/src/pjsip-build/pjproject-2.17/pjmedia/lib -L/home/inrack/src/pjsip-build/pjproject-2.17/pjsip/lib -L/home/inrack/src/pjsip-build/pjproject-2.17/third_party/lib              -lpjsua-x86_64-pc-linux-gnu -lpjsip-ua-x86_64-pc-linux-gnu -lpjsip-simple-x86_64-pc-linux-gnu -lpjsip-x86_64-pc-linux-gnu -lpjmedia-codec-x86_64-pc-linux-gnu -lpjmedia-videodev-x86_64-pc-linux-gnu -lpjmedia-audiodev-x86_64-pc-linux-gnu -lpjmedia-x86_64-pc-linux-gnu -lpjnath-x86_64-pc-linux-gnu -lpjlib-util-x86_64-pc-linux-gnu -lsrtp-x86_64-pc-linux-gnu -lresample-x86_64-pc-linux-gnu -lgsmcodec-x86_64-pc-linux-gnu -lspeex-x86_64-pc-linux-gnu -lilbccodec-x86_64-pc-linux-gnu -lg7221codec-x86_64-pc-linux-gnu -lyuv-x86_64-pc-linux-gnu -lwebrtc-x86_64-pc-linux-gnu  -lpj-x86_64-pc-linux-gnu -lssl -lcrypto -luuid -lm -lrt -lpthread    " SAMPLE_EXE=level APP=SAMPLE app=sample ../bin/samples/x86_64-pc-linux-gnu/level
gcc -DPJ_AUTOCONF=1 -fPIC -DPJ_IS_BIG_ENDIAN=0 -DPJ_IS_LITTLE_ENDIAN=1  -DPJMEDIA_USE_OLD_FFMPEG=1         -DPJMEDIA_USE_OLD_FFMPEG=1        -I/home/inrack/src/pjsip-build/pjproject-2.17/pjlib/include -I/home/inrack/src/pjsip-build/pjproject-2.17/pjlib-util/include -I/home/inrack/src/pjsip-build/pjproject-2.17/pjnath/include -I/home/inrack/src/pjsip-build/pjproject-2.17/pjmedia/include -I/home/inrack/src/pjsip-build/pjproject-2.17/pjsip/include   -DPJMEDIA_USE_OLD_FFMPEG=1         -DPJMEDIA_USE_OLD_FFMPEG=1        \
	-c -o output/sample-x86_64-pc-linux-gnu/level.o \
	../src/samples/level.c 
if test ! -d ../bin; then mkdir -p ../bin; fi
if test ! -d ../bin/samples/x86_64-pc-linux-gnu; then mkdir -p ../bin/samples/x86_64-pc-linux-gnu; fi
g++ -o ../bin/pjsystest-x86_64-pc-linux-gnu \
     output/pjsystest-x86_64-pc-linux-gnu/systest.o  output/pjsystest-x86_64-pc-linux-gnu/main_console.o -L/home/inrack/src/pjsip-build/pjproject-2.17/pjlib/lib -L/home/inrack/src/pjsip-build/pjproject-2.17/pjlib-util/lib -L/home/inrack/src/pjsip-build/pjproject-2.17/pjnath/lib -L/home/inrack/src/pjsip-build/pjproject-2.17/pjmedia/lib -L/home/inrack/src/pjsip-build/pjproject-2.17/pjsip/lib -L/home/inrack/src/pjsip-build/pjproject-2.17/third_party/lib              -lpjsua-x86_64-pc-linux-gnu -lpjsip-ua-x86_64-pc-linux-gnu -lpjsip-simple-x86_64-pc-linux-gnu -lpjsip-x86_64-pc-linux-gnu -lpjmedia-codec-x86_64-pc-linux-gnu -lpjmedia-videodev-x86_64-pc-linux-gnu -lpjmedia-audiodev-x86_64-pc-linux-gnu -lpjmedia-x86_64-pc-linux-gnu -lpjnath-x86_64-pc-linux-gnu -lpjlib-util-x86_64-pc-linux-gnu -lsrtp-x86_64-pc-linux-gnu -lresample-x86_64-pc-linux-gnu -lgsmcodec-x86_64-pc-linux-gnu -lspeex-x86_64-pc-linux-gnu -lilbccodec-x86_64-pc-linux-gnu -lg7221codec-x86_64-pc-linux-gnu -lyuv-x86_64-pc-linux-gnu -lwebrtc-x86_64-pc-linux-gnu  -lpj-x86_64-pc-linux-gnu -lssl -lcrypto -luuid -lm -lrt -lpthread    
g++ -o ../bin/samples/x86_64-pc-linux-gnu/encdec \
     output/sample-x86_64-pc-linux-gnu/encdec.o -L/home/inrack/src/pjsip-build/pjproject-2.17/pjlib/lib -L/home/inrack/src/pjsip-build/pjproject-2.17/pjlib-util/lib -L/home/inrack/src/pjsip-build/pjproject-2.17/pjnath/lib -L/home/inrack/src/pjsip-build/pjproject-2.17/pjmedia/lib -L/home/inrack/src/pjsip-build/pjproject-2.17/pjsip/lib -L/home/inrack/src/pjsip-build/pjproject-2.17/third_party/lib              -lpjsua-x86_64-pc-linux-gnu -lpjsip-ua-x86_64-pc-linux-gnu -lpjsip-simple-x86_64-pc-linux-gnu -lpjsip-x86_64-pc-linux-gnu -lpjmedia-codec-x86_64-pc-linux-gnu -lpjmedia-videodev-x86_64-pc-linux-gnu -lpjmedia-audiodev-x86_64-pc-linux-gnu -lpjmedia-x86_64-pc-linux-gnu -lpjnath-x86_64-pc-linux-gnu -lpjlib-util-x86_64-pc-linux-gnu -lsrtp-x86_64-pc-linux-gnu -lresample-x86_64-pc-linux-gnu -lgsmcodec-x86_64-pc-linux-gnu -lspeex-x86_64-pc-linux-gnu -lilbccodec-x86_64-pc-linux-gnu -lg7221codec-x86_64-pc-linux-gnu -lyuv-x86_64-pc-linux-gnu -lwebrtc-x86_64-pc-linux-gnu  -lpj-x86_64-pc-linux-gnu -lssl -lcrypto -luuid -lm -lrt -lpthread    
if test ! -d ../bin/samples/x86_64-pc-linux-gnu; then mkdir -p ../bin/samples/x86_64-pc-linux-gnu; fi
g++ -o ../bin/samples/x86_64-pc-linux-gnu/httpdemo \
     output/sample-x86_64-pc-linux-gnu/httpdemo.o -L/home/inrack/src/pjsip-build/pjproject-2.17/pjlib/lib -L/home/inrack/src/pjsip-build/pjproject-2.17/pjlib-util/lib -L/home/inrack/src/pjsip-build/pjproject-2.17/pjnath/lib -L/home/inrack/src/pjsip-build/pjproject-2.17/pjmedia/lib -L/home/inrack/src/pjsip-build/pjproject-2.17/pjsip/lib -L/home/inrack/src/pjsip-build/pjproject-2.17/third_party/lib              -lpjsua-x86_64-pc-linux-gnu -lpjsip-ua-x86_64-pc-linux-gnu -lpjsip-simple-x86_64-pc-linux-gnu -lpjsip-x86_64-pc-linux-gnu -lpjmedia-codec-x86_64-pc-linux-gnu -lpjmedia-videodev-x86_64-pc-linux-gnu -lpjmedia-audiodev-x86_64-pc-linux-gnu -lpjmedia-x86_64-pc-linux-gnu -lpjnath-x86_64-pc-linux-gnu -lpjlib-util-x86_64-pc-linux-gnu -lsrtp-x86_64-pc-linux-gnu -lresample-x86_64-pc-linux-gnu -lgsmcodec-x86_64-pc-linux-gnu -lspeex-x86_64-pc-linux-gnu -lilbccodec-x86_64-pc-linux-gnu -lg7221codec-x86_64-pc-linux-gnu -lyuv-x86_64-pc-linux-gnu -lwebrtc-x86_64-pc-linux-gnu  -lpj-x86_64-pc-linux-gnu -lssl -lcrypto -luuid -lm -lrt -lpthread    
gcc -DPJ_AUTOCONF=1 -fPIC -DPJ_IS_BIG_ENDIAN=0 -DPJ_IS_LITTLE_ENDIAN=1  -DPJMEDIA_USE_OLD_FFMPEG=1         -DPJMEDIA_USE_OLD_FFMPEG=1        -I/home/inrack/src/pjsip-build/pjproject-2.17/pjlib/include -I/home/inrack/src/pjsip-build/pjproject-2.17/pjlib-util/include -I/home/inrack/src/pjsip-build/pjproject-2.17/pjnath/include -I/home/inrack/src/pjsip-build/pjproject-2.17/pjmedia/include -I/home/inrack/src/pjsip-build/pjproject-2.17/pjsip/include  \
	-c -o output/pjsua-x86_64-pc-linux-gnu/pjsua_app_cli.o \
	../src/pjsua/pjsua_app_cli.c 
if test ! -d ../bin/samples/x86_64-pc-linux-gnu; then mkdir -p ../bin/samples/x86_64-pc-linux-gnu; fi
g++ -o ../bin/samples/x86_64-pc-linux-gnu/icedemo \
     output/sample-x86_64-pc-linux-gnu/icedemo.o -L/home/inrack/src/pjsip-build/pjproject-2.17/pjlib/lib -L/home/inrack/src/pjsip-build/pjproject-2.17/pjlib-util/lib -L/home/inrack/src/pjsip-build/pjproject-2.17/pjnath/lib -L/home/inrack/src/pjsip-build/pjproject-2.17/pjmedia/lib -L/home/inrack/src/pjsip-build/pjproject-2.17/pjsip/lib -L/home/inrack/src/pjsip-build/pjproject-2.17/third_party/lib              -lpjsua-x86_64-pc-linux-gnu -lpjsip-ua-x86_64-pc-linux-gnu -lpjsip-simple-x86_64-pc-linux-gnu -lpjsip-x86_64-pc-linux-gnu -lpjmedia-codec-x86_64-pc-linux-gnu -lpjmedia-videodev-x86_64-pc-linux-gnu -lpjmedia-audiodev-x86_64-pc-linux-gnu -lpjmedia-x86_64-pc-linux-gnu -lpjnath-x86_64-pc-linux-gnu -lpjlib-util-x86_64-pc-linux-gnu -lsrtp-x86_64-pc-linux-gnu -lresample-x86_64-pc-linux-gnu -lgsmcodec-x86_64-pc-linux-gnu -lspeex-x86_64-pc-linux-gnu -lilbccodec-x86_64-pc-linux-gnu -lg7221codec-x86_64-pc-linux-gnu -lyuv-x86_64-pc-linux-gnu -lwebrtc-x86_64-pc-linux-gnu  -lpj-x86_64-pc-linux-gnu -lssl -lcrypto -luuid -lm -lrt -lpthread    
if test ! -d ../bin/samples/x86_64-pc-linux-gnu; then mkdir -p ../bin/samples/x86_64-pc-linux-gnu; fi
if test ! -d ../bin/samples/x86_64-pc-linux-gnu; then mkdir -p ../bin/samples/x86_64-pc-linux-gnu; fi
g++ -o ../bin/samples/x86_64-pc-linux-gnu/level \
     output/sample-x86_64-pc-linux-gnu/level.o -L/home/inrack/src/pjsip-build/pjproject-2.17/pjlib/lib -L/home/inrack/src/pjsip-build/pjproject-2.17/pjlib-util/lib -L/home/inrack/src/pjsip-build/pjproject-2.17/pjnath/lib -L/home/inrack/src/pjsip-build/pjproject-2.17/pjmedia/lib -L/home/inrack/src/pjsip-build/pjproject-2.17/pjsip/lib -L/home/inrack/src/pjsip-build/pjproject-2.17/third_party/lib              -lpjsua-x86_64-pc-linux-gnu -lpjsip-ua-x86_64-pc-linux-gnu -lpjsip-simple-x86_64-pc-linux-gnu -lpjsip-x86_64-pc-linux-gnu -lpjmedia-codec-x86_64-pc-linux-gnu -lpjmedia-videodev-x86_64-pc-linux-gnu -lpjmedia-audiodev-x86_64-pc-linux-gnu -lpjmedia-x86_64-pc-linux-gnu -lpjnath-x86_64-pc-linux-gnu -lpjlib-util-x86_64-pc-linux-gnu -lsrtp-x86_64-pc-linux-gnu -lresample-x86_64-pc-linux-gnu -lgsmcodec-x86_64-pc-linux-gnu -lspeex-x86_64-pc-linux-gnu -lilbccodec-x86_64-pc-linux-gnu -lg7221codec-x86_64-pc-linux-gnu -lyuv-x86_64-pc-linux-gnu -lwebrtc-x86_64-pc-linux-gnu  -lpj-x86_64-pc-linux-gnu -lssl -lcrypto -luuid -lm -lrt -lpthread    
make --no-print-directory -f /home/inrack/src/pjsip-build/pjproject-2.17/build/rules.mak SAMPLE_SRCDIR=../src/samples SAMPLE_OBJS=mix.o SAMPLE_CFLAGS="-DPJ_AUTOCONF=1 -fPIC -DPJ_IS_BIG_ENDIAN=0 -DPJ_IS_LITTLE_ENDIAN=1  -DPJMEDIA_USE_OLD_FFMPEG=1         -DPJMEDIA_USE_OLD_FFMPEG=1        -I/home/inrack/src/pjsip-build/pjproject-2.17/pjlib/include -I/home/inrack/src/pjsip-build/pjproject-2.17/pjlib-util/include -I/home/inrack/src/pjsip-build/pjproject-2.17/pjnath/include -I/home/inrack/src/pjsip-build/pjproject-2.17/pjmedia/include -I/home/inrack/src/pjsip-build/pjproject-2.17/pjsip/include   -DPJMEDIA_USE_OLD_FFMPEG=1         -DPJMEDIA_USE_OLD_FFMPEG=1       " SAMPLE_CXXFLAGS="-fPIC -DPJ_AUTOCONF=1 -fPIC -DPJ_IS_BIG_ENDIAN=0 -DPJ_IS_LITTLE_ENDIAN=1  -DPJMEDIA_USE_OLD_FFMPEG=1         -DPJMEDIA_USE_OLD_FFMPEG=1        -I/home/inrack/src/pjsip-build/pjproject-2.17/pjlib/include -I/home/inrack/src/pjsip-build/pjproject-2.17/pjlib-util/include -I/home/inrack/src/pjsip-build/pjproject-2.17/pjnath/include -I/home/inrack/src/pjsip-build/pjproject-2.17/pjmedia/include -I/home/inrack/src/pjsip-build/pjproject-2.17/pjsip/include   -DPJMEDIA_USE_OLD_FFMPEG=1         -DPJMEDIA_USE_OLD_FFMPEG=1       " SAMPLE_LDFLAGS="-L/home/inrack/src/pjsip-build/pjproject-2.17/pjlib/lib -L/home/inrack/src/pjsip-build/pjproject-2.17/pjlib-util/lib -L/home/inrack/src/pjsip-build/pjproject-2.17/pjnath/lib -L/home/inrack/src/pjsip-build/pjproject-2.17/pjmedia/lib -L/home/inrack/src/pjsip-build/pjproject-2.17/pjsip/lib -L/home/inrack/src/pjsip-build/pjproject-2.17/third_party/lib              -lpjsua-x86_64-pc-linux-gnu -lpjsip-ua-x86_64-pc-linux-gnu -lpjsip-simple-x86_64-pc-linux-gnu -lpjsip-x86_64-pc-linux-gnu -lpjmedia-codec-x86_64-pc-linux-gnu -lpjmedia-videodev-x86_64-pc-linux-gnu -lpjmedia-audiodev-x86_64-pc-linux-gnu -lpjmedia-x86_64-pc-linux-gnu -lpjnath-x86_64-pc-linux-gnu -lpjlib-util-x86_64-pc-linux-gnu -lsrtp-x86_64-pc-linux-gnu -lresample-x86_64-pc-linux-gnu -lgsmcodec-x86_64-pc-linux-gnu -lspeex-x86_64-pc-linux-gnu -lilbccodec-x86_64-pc-linux-gnu -lg7221codec-x86_64-pc-linux-gnu -lyuv-x86_64-pc-linux-gnu -lwebrtc-x86_64-pc-linux-gnu  -lpj-x86_64-pc-linux-gnu -lssl -lcrypto -luuid -lm -lrt -lpthread    " SAMPLE_EXE=mix APP=SAMPLE app=sample ../bin/samples/x86_64-pc-linux-gnu/mix
g++ -o ../bin/samples/x86_64-pc-linux-gnu/latency \
     output/sample-x86_64-pc-linux-gnu/latency.o -L/home/inrack/src/pjsip-build/pjproject-2.17/pjlib/lib -L/home/inrack/src/pjsip-build/pjproject-2.17/pjlib-util/lib -L/home/inrack/src/pjsip-build/pjproject-2.17/pjnath/lib -L/home/inrack/src/pjsip-build/pjproject-2.17/pjmedia/lib -L/home/inrack/src/pjsip-build/pjproject-2.17/pjsip/lib -L/home/inrack/src/pjsip-build/pjproject-2.17/third_party/lib              -lpjsua-x86_64-pc-linux-gnu -lpjsip-ua-x86_64-pc-linux-gnu -lpjsip-simple-x86_64-pc-linux-gnu -lpjsip-x86_64-pc-linux-gnu -lpjmedia-codec-x86_64-pc-linux-gnu -lpjmedia-videodev-x86_64-pc-linux-gnu -lpjmedia-audiodev-x86_64-pc-linux-gnu -lpjmedia-x86_64-pc-linux-gnu -lpjnath-x86_64-pc-linux-gnu -lpjlib-util-x86_64-pc-linux-gnu -lsrtp-x86_64-pc-linux-gnu -lresample-x86_64-pc-linux-gnu -lgsmcodec-x86_64-pc-linux-gnu -lspeex-x86_64-pc-linux-gnu -lilbccodec-x86_64-pc-linux-gnu -lg7221codec-x86_64-pc-linux-gnu -lyuv-x86_64-pc-linux-gnu -lwebrtc-x86_64-pc-linux-gnu  -lpj-x86_64-pc-linux-gnu -lssl -lcrypto -luuid -lm -lrt -lpthread    
gcc -DPJ_AUTOCONF=1 -fPIC -DPJ_IS_BIG_ENDIAN=0 -DPJ_IS_LITTLE_ENDIAN=1  -DPJMEDIA_USE_OLD_FFMPEG=1         -DPJMEDIA_USE_OLD_FFMPEG=1        -I/home/inrack/src/pjsip-build/pjproject-2.17/pjlib/include -I/home/inrack/src/pjsip-build/pjproject-2.17/pjlib-util/include -I/home/inrack/src/pjsip-build/pjproject-2.17/pjnath/include -I/home/inrack/src/pjsip-build/pjproject-2.17/pjmedia/include -I/home/inrack/src/pjsip-build/pjproject-2.17/pjsip/include   -DPJMEDIA_USE_OLD_FFMPEG=1         -DPJMEDIA_USE_OLD_FFMPEG=1        \
	-c -o output/sample-x86_64-pc-linux-gnu/mix.o \
	../src/samples/mix.c 
if test ! -d ../bin/samples/x86_64-pc-linux-gnu; then mkdir -p ../bin/samples/x86_64-pc-linux-gnu; fi
g++ -o ../bin/samples/x86_64-pc-linux-gnu/jbsim \
     output/sample-x86_64-pc-linux-gnu/jbsim.o -L/home/inrack/src/pjsip-build/pjproject-2.17/pjlib/lib -L/home/inrack/src/pjsip-build/pjproject-2.17/pjlib-util/lib -L/home/inrack/src/pjsip-build/pjproject-2.17/pjnath/lib -L/home/inrack/src/pjsip-build/pjproject-2.17/pjmedia/lib -L/home/inrack/src/pjsip-build/pjproject-2.17/pjsip/lib -L/home/inrack/src/pjsip-build/pjproject-2.17/third_party/lib              -lpjsua-x86_64-pc-linux-gnu -lpjsip-ua-x86_64-pc-linux-gnu -lpjsip-simple-x86_64-pc-linux-gnu -lpjsip-x86_64-pc-linux-gnu -lpjmedia-codec-x86_64-pc-linux-gnu -lpjmedia-videodev-x86_64-pc-linux-gnu -lpjmedia-audiodev-x86_64-pc-linux-gnu -lpjmedia-x86_64-pc-linux-gnu -lpjnath-x86_64-pc-linux-gnu -lpjlib-util-x86_64-pc-linux-gnu -lsrtp-x86_64-pc-linux-gnu -lresample-x86_64-pc-linux-gnu -lgsmcodec-x86_64-pc-linux-gnu -lspeex-x86_64-pc-linux-gnu -lilbccodec-x86_64-pc-linux-gnu -lg7221codec-x86_64-pc-linux-gnu -lyuv-x86_64-pc-linux-gnu -lwebrtc-x86_64-pc-linux-gnu  -lpj-x86_64-pc-linux-gnu -lssl -lcrypto -luuid -lm -lrt -lpthread    
make --no-print-directory -f /home/inrack/src/pjsip-build/pjproject-2.17/build/rules.mak SAMPLE_SRCDIR=../src/samples SAMPLE_OBJS=pjsip-perf.o SAMPLE_CFLAGS="-DPJ_AUTOCONF=1 -fPIC -DPJ_IS_BIG_ENDIAN=0 -DPJ_IS_LITTLE_ENDIAN=1  -DPJMEDIA_USE_OLD_FFMPEG=1         -DPJMEDIA_USE_OLD_FFMPEG=1        -I/home/inrack/src/pjsip-build/pjproject-2.17/pjlib/include -I/home/inrack/src/pjsip-build/pjproject-2.17/pjlib-util/include -I/home/inrack/src/pjsip-build/pjproject-2.17/pjnath/include -I/home/inrack/src/pjsip-build/pjproject-2.17/pjmedia/include -I/home/inrack/src/pjsip-build/pjproject-2.17/pjsip/include   -DPJMEDIA_USE_OLD_FFMPEG=1         -DPJMEDIA_USE_OLD_FFMPEG=1       " SAMPLE_CXXFLAGS="-fPIC -DPJ_AUTOCONF=1 -fPIC -DPJ_IS_BIG_ENDIAN=0 -DPJ_IS_LITTLE_ENDIAN=1  -DPJMEDIA_USE_OLD_FFMPEG=1         -DPJMEDIA_USE_OLD_FFMPEG=1        -I/home/inrack/src/pjsip-build/pjproject-2.17/pjlib/include -I/home/inrack/src/pjsip-build/pjproject-2.17/pjlib-util/include -I/home/inrack/src/pjsip-build/pjproject-2.17/pjnath/include -I/home/inrack/src/pjsip-build/pjproject-2.17/pjmedia/include -I/home/inrack/src/pjsip-build/pjproject-2.17/pjsip/include   -DPJMEDIA_USE_OLD_FFMPEG=1         -DPJMEDIA_USE_OLD_FFMPEG=1       " SAMPLE_LDFLAGS="-L/home/inrack/src/pjsip-build/pjproject-2.17/pjlib/lib -L/home/inrack/src/pjsip-build/pjproject-2.17/pjlib-util/lib -L/home/inrack/src/pjsip-build/pjproject-2.17/pjnath/lib -L/home/inrack/src/pjsip-build/pjproject-2.17/pjmedia/lib -L/home/inrack/src/pjsip-build/pjproject-2.17/pjsip/lib -L/home/inrack/src/pjsip-build/pjproject-2.17/third_party/lib              -lpjsua-x86_64-pc-linux-gnu -lpjsip-ua-x86_64-pc-linux-gnu -lpjsip-simple-x86_64-pc-linux-gnu -lpjsip-x86_64-pc-linux-gnu -lpjmedia-codec-x86_64-pc-linux-gnu -lpjmedia-videodev-x86_64-pc-linux-gnu -lpjmedia-audiodev-x86_64-pc-linux-gnu -lpjmedia-x86_64-pc-linux-gnu -lpjnath-x86_64-pc-linux-gnu -lpjlib-util-x86_64-pc-linux-gnu -lsrtp-x86_64-pc-linux-gnu -lresample-x86_64-pc-linux-gnu -lgsmcodec-x86_64-pc-linux-gnu -lspeex-x86_64-pc-linux-gnu -lilbccodec-x86_64-pc-linux-gnu -lg7221codec-x86_64-pc-linux-gnu -lyuv-x86_64-pc-linux-gnu -lwebrtc-x86_64-pc-linux-gnu  -lpj-x86_64-pc-linux-gnu -lssl -lcrypto -luuid -lm -lrt -lpthread    " SAMPLE_EXE=pjsip-perf APP=SAMPLE app=sample ../bin/samples/x86_64-pc-linux-gnu/pjsip-perf
gcc -DPJ_AUTOCONF=1 -fPIC -DPJ_IS_BIG_ENDIAN=0 -DPJ_IS_LITTLE_ENDIAN=1  -DPJMEDIA_USE_OLD_FFMPEG=1         -DPJMEDIA_USE_OLD_FFMPEG=1        -I/home/inrack/src/pjsip-build/pjproject-2.17/pjlib/include -I/home/inrack/src/pjsip-build/pjproject-2.17/pjlib-util/include -I/home/inrack/src/pjsip-build/pjproject-2.17/pjnath/include -I/home/inrack/src/pjsip-build/pjproject-2.17/pjmedia/include -I/home/inrack/src/pjsip-build/pjproject-2.17/pjsip/include   -DPJMEDIA_USE_OLD_FFMPEG=1         -DPJMEDIA_USE_OLD_FFMPEG=1        \
	-c -o output/sample-x86_64-pc-linux-gnu/pjsip-perf.o \
	../src/samples/pjsip-perf.c 
make[2]: Leaving directory '/home/inrack/src/pjsip-build/pjproject-2.17/pjsip-apps/build'
gcc -DPJ_AUTOCONF=1 -fPIC -DPJ_IS_BIG_ENDIAN=0 -DPJ_IS_LITTLE_ENDIAN=1  -DPJMEDIA_USE_OLD_FFMPEG=1         -DPJMEDIA_USE_OLD_FFMPEG=1        -I/home/inrack/src/pjsip-build/pjproject-2.17/pjlib/include -I/home/inrack/src/pjsip-build/pjproject-2.17/pjlib-util/include -I/home/inrack/src/pjsip-build/pjproject-2.17/pjnath/include -I/home/inrack/src/pjsip-build/pjproject-2.17/pjmedia/include -I/home/inrack/src/pjsip-build/pjproject-2.17/pjsip/include  \
	-c -o output/pjsua-x86_64-pc-linux-gnu/pjsua_app_common.o \
	../src/pjsua/pjsua_app_common.c 
make --no-print-directory -f /home/inrack/src/pjsip-build/pjproject-2.17/build/rules.mak SAMPLE_SRCDIR=../src/samples SAMPLE_OBJS=pcaputil.o SAMPLE_CFLAGS="-DPJ_AUTOCONF=1 -fPIC -DPJ_IS_BIG_ENDIAN=0 -DPJ_IS_LITTLE_ENDIAN=1  -DPJMEDIA_USE_OLD_FFMPEG=1         -DPJMEDIA_USE_OLD_FFMPEG=1        -I/home/inrack/src/pjsip-build/pjproject-2.17/pjlib/include -I/home/inrack/src/pjsip-build/pjproject-2.17/pjlib-util/include -I/home/inrack/src/pjsip-build/pjproject-2.17/pjnath/include -I/home/inrack/src/pjsip-build/pjproject-2.17/pjmedia/include -I/home/inrack/src/pjsip-build/pjproject-2.17/pjsip/include   -DPJMEDIA_USE_OLD_FFMPEG=1         -DPJMEDIA_USE_OLD_FFMPEG=1       " SAMPLE_CXXFLAGS="-fPIC -DPJ_AUTOCONF=1 -fPIC -DPJ_IS_BIG_ENDIAN=0 -DPJ_IS_LITTLE_ENDIAN=1  -DPJMEDIA_USE_OLD_FFMPEG=1         -DPJMEDIA_USE_OLD_FFMPEG=1        -I/home/inrack/src/pjsip-build/pjproject-2.17/pjlib/include -I/home/inrack/src/pjsip-build/pjproject-2.17/pjlib-util/include -I/home/inrack/src/pjsip-build/pjproject-2.17/pjnath/include -I/home/inrack/src/pjsip-build/pjproject-2.17/pjmedia/include -I/home/inrack/src/pjsip-build/pjproject-2.17/pjsip/include   -DPJMEDIA_USE_OLD_FFMPEG=1         -DPJMEDIA_USE_OLD_FFMPEG=1       " SAMPLE_LDFLAGS="-L/home/inrack/src/pjsip-build/pjproject-2.17/pjlib/lib -L/home/inrack/src/pjsip-build/pjproject-2.17/pjlib-util/lib -L/home/inrack/src/pjsip-build/pjproject-2.17/pjnath/lib -L/home/inrack/src/pjsip-build/pjproject-2.17/pjmedia/lib -L/home/inrack/src/pjsip-build/pjproject-2.17/pjsip/lib -L/home/inrack/src/pjsip-build/pjproject-2.17/third_party/lib              -lpjsua-x86_64-pc-linux-gnu -lpjsip-ua-x86_64-pc-linux-gnu -lpjsip-simple-x86_64-pc-linux-gnu -lpjsip-x86_64-pc-linux-gnu -lpjmedia-codec-x86_64-pc-linux-gnu -lpjmedia-videodev-x86_64-pc-linux-gnu -lpjmedia-audiodev-x86_64-pc-linux-gnu -lpjmedia-x86_64-pc-linux-gnu -lpjnath-x86_64-pc-linux-gnu -lpjlib-util-x86_64-pc-linux-gnu -lsrtp-x86_64-pc-linux-gnu -lresample-x86_64-pc-linux-gnu -lgsmcodec-x86_64-pc-linux-gnu -lspeex-x86_64-pc-linux-gnu -lilbccodec-x86_64-pc-linux-gnu -lg7221codec-x86_64-pc-linux-gnu -lyuv-x86_64-pc-linux-gnu -lwebrtc-x86_64-pc-linux-gnu  -lpj-x86_64-pc-linux-gnu -lssl -lcrypto -luuid -lm -lrt -lpthread    " SAMPLE_EXE=pcaputil APP=SAMPLE app=sample ../bin/samples/x86_64-pc-linux-gnu/pcaputil
make --no-print-directory -f /home/inrack/src/pjsip-build/pjproject-2.17/build/rules.mak SAMPLE_SRCDIR=../src/samples SAMPLE_OBJS=playfile.o SAMPLE_CFLAGS="-DPJ_AUTOCONF=1 -fPIC -DPJ_IS_BIG_ENDIAN=0 -DPJ_IS_LITTLE_ENDIAN=1  -DPJMEDIA_USE_OLD_FFMPEG=1         -DPJMEDIA_USE_OLD_FFMPEG=1        -I/home/inrack/src/pjsip-build/pjproject-2.17/pjlib/include -I/home/inrack/src/pjsip-build/pjproject-2.17/pjlib-util/include -I/home/inrack/src/pjsip-build/pjproject-2.17/pjnath/include -I/home/inrack/src/pjsip-build/pjproject-2.17/pjmedia/include -I/home/inrack/src/pjsip-build/pjproject-2.17/pjsip/include   -DPJMEDIA_USE_OLD_FFMPEG=1         -DPJMEDIA_USE_OLD_FFMPEG=1       " SAMPLE_CXXFLAGS="-fPIC -DPJ_AUTOCONF=1 -fPIC -DPJ_IS_BIG_ENDIAN=0 -DPJ_IS_LITTLE_ENDIAN=1  -DPJMEDIA_USE_OLD_FFMPEG=1         -DPJMEDIA_USE_OLD_FFMPEG=1        -I/home/inrack/src/pjsip-build/pjproject-2.17/pjlib/include -I/home/inrack/src/pjsip-build/pjproject-2.17/pjlib-util/include -I/home/inrack/src/pjsip-build/pjproject-2.17/pjnath/include -I/home/inrack/src/pjsip-build/pjproject-2.17/pjmedia/include -I/home/inrack/src/pjsip-build/pjproject-2.17/pjsip/include   -DPJMEDIA_USE_OLD_FFMPEG=1         -DPJMEDIA_USE_OLD_FFMPEG=1       " SAMPLE_LDFLAGS="-L/home/inrack/src/pjsip-build/pjproject-2.17/pjlib/lib -L/home/inrack/src/pjsip-build/pjproject-2.17/pjlib-util/lib -L/home/inrack/src/pjsip-build/pjproject-2.17/pjnath/lib -L/home/inrack/src/pjsip-build/pjproject-2.17/pjmedia/lib -L/home/inrack/src/pjsip-build/pjproject-2.17/pjsip/lib -L/home/inrack/src/pjsip-build/pjproject-2.17/third_party/lib              -lpjsua-x86_64-pc-linux-gnu -lpjsip-ua-x86_64-pc-linux-gnu -lpjsip-simple-x86_64-pc-linux-gnu -lpjsip-x86_64-pc-linux-gnu -lpjmedia-codec-x86_64-pc-linux-gnu -lpjmedia-videodev-x86_64-pc-linux-gnu -lpjmedia-audiodev-x86_64-pc-linux-gnu -lpjmedia-x86_64-pc-linux-gnu -lpjnath-x86_64-pc-linux-gnu -lpjlib-util-x86_64-pc-linux-gnu -lsrtp-x86_64-pc-linux-gnu -lresample-x86_64-pc-linux-gnu -lgsmcodec-x86_64-pc-linux-gnu -lspeex-x86_64-pc-linux-gnu -lilbccodec-x86_64-pc-linux-gnu -lg7221codec-x86_64-pc-linux-gnu -lyuv-x86_64-pc-linux-gnu -lwebrtc-x86_64-pc-linux-gnu  -lpj-x86_64-pc-linux-gnu -lssl -lcrypto -luuid -lm -lrt -lpthread    " SAMPLE_EXE=playfile APP=SAMPLE app=sample ../bin/samples/x86_64-pc-linux-gnu/playfile
gcc -DPJ_AUTOCONF=1 -fPIC -DPJ_IS_BIG_ENDIAN=0 -DPJ_IS_LITTLE_ENDIAN=1  -DPJMEDIA_USE_OLD_FFMPEG=1         -DPJMEDIA_USE_OLD_FFMPEG=1        -I/home/inrack/src/pjsip-build/pjproject-2.17/pjlib/include -I/home/inrack/src/pjsip-build/pjproject-2.17/pjlib-util/include -I/home/inrack/src/pjsip-build/pjproject-2.17/pjnath/include -I/home/inrack/src/pjsip-build/pjproject-2.17/pjmedia/include -I/home/inrack/src/pjsip-build/pjproject-2.17/pjsip/include   -DPJMEDIA_USE_OLD_FFMPEG=1         -DPJMEDIA_USE_OLD_FFMPEG=1        \
	-c -o output/sample-x86_64-pc-linux-gnu/pcaputil.o \
	../src/samples/pcaputil.c 
gcc -DPJ_AUTOCONF=1 -fPIC -DPJ_IS_BIG_ENDIAN=0 -DPJ_IS_LITTLE_ENDIAN=1  -DPJMEDIA_USE_OLD_FFMPEG=1         -DPJMEDIA_USE_OLD_FFMPEG=1        -I/home/inrack/src/pjsip-build/pjproject-2.17/pjlib/include -I/home/inrack/src/pjsip-build/pjproject-2.17/pjlib-util/include -I/home/inrack/src/pjsip-build/pjproject-2.17/pjnath/include -I/home/inrack/src/pjsip-build/pjproject-2.17/pjmedia/include -I/home/inrack/src/pjsip-build/pjproject-2.17/pjsip/include  \
	-c -o output/pjsua-x86_64-pc-linux-gnu/pjsua_app_config.o \
	../src/pjsua/pjsua_app_config.c 
gcc -DPJ_AUTOCONF=1 -fPIC -DPJ_IS_BIG_ENDIAN=0 -DPJ_IS_LITTLE_ENDIAN=1  -DPJMEDIA_USE_OLD_FFMPEG=1         -DPJMEDIA_USE_OLD_FFMPEG=1        -I/home/inrack/src/pjsip-build/pjproject-2.17/pjlib/include -I/home/inrack/src/pjsip-build/pjproject-2.17/pjlib-util/include -I/home/inrack/src/pjsip-build/pjproject-2.17/pjnath/include -I/home/inrack/src/pjsip-build/pjproject-2.17/pjmedia/include -I/home/inrack/src/pjsip-build/pjproject-2.17/pjsip/include   -DPJMEDIA_USE_OLD_FFMPEG=1         -DPJMEDIA_USE_OLD_FFMPEG=1        \
	-c -o output/sample-x86_64-pc-linux-gnu/playfile.o \
	../src/samples/playfile.c 
if test ! -d ../bin/samples/x86_64-pc-linux-gnu; then mkdir -p ../bin/samples/x86_64-pc-linux-gnu; fi
g++ -o ../bin/samples/x86_64-pc-linux-gnu/mix \
     output/sample-x86_64-pc-linux-gnu/mix.o -L/home/inrack/src/pjsip-build/pjproject-2.17/pjlib/lib -L/home/inrack/src/pjsip-build/pjproject-2.17/pjlib-util/lib -L/home/inrack/src/pjsip-build/pjproject-2.17/pjnath/lib -L/home/inrack/src/pjsip-build/pjproject-2.17/pjmedia/lib -L/home/inrack/src/pjsip-build/pjproject-2.17/pjsip/lib -L/home/inrack/src/pjsip-build/pjproject-2.17/third_party/lib              -lpjsua-x86_64-pc-linux-gnu -lpjsip-ua-x86_64-pc-linux-gnu -lpjsip-simple-x86_64-pc-linux-gnu -lpjsip-x86_64-pc-linux-gnu -lpjmedia-codec-x86_64-pc-linux-gnu -lpjmedia-videodev-x86_64-pc-linux-gnu -lpjmedia-audiodev-x86_64-pc-linux-gnu -lpjmedia-x86_64-pc-linux-gnu -lpjnath-x86_64-pc-linux-gnu -lpjlib-util-x86_64-pc-linux-gnu -lsrtp-x86_64-pc-linux-gnu -lresample-x86_64-pc-linux-gnu -lgsmcodec-x86_64-pc-linux-gnu -lspeex-x86_64-pc-linux-gnu -lilbccodec-x86_64-pc-linux-gnu -lg7221codec-x86_64-pc-linux-gnu -lyuv-x86_64-pc-linux-gnu -lwebrtc-x86_64-pc-linux-gnu  -lpj-x86_64-pc-linux-gnu -lssl -lcrypto -luuid -lm -lrt -lpthread    
make --no-print-directory -f /home/inrack/src/pjsip-build/pjproject-2.17/build/rules.mak SAMPLE_SRCDIR=../src/samples SAMPLE_OBJS=playsine.o SAMPLE_CFLAGS="-DPJ_AUTOCONF=1 -fPIC -DPJ_IS_BIG_ENDIAN=0 -DPJ_IS_LITTLE_ENDIAN=1  -DPJMEDIA_USE_OLD_FFMPEG=1         -DPJMEDIA_USE_OLD_FFMPEG=1        -I/home/inrack/src/pjsip-build/pjproject-2.17/pjlib/include -I/home/inrack/src/pjsip-build/pjproject-2.17/pjlib-util/include -I/home/inrack/src/pjsip-build/pjproject-2.17/pjnath/include -I/home/inrack/src/pjsip-build/pjproject-2.17/pjmedia/include -I/home/inrack/src/pjsip-build/pjproject-2.17/pjsip/include   -DPJMEDIA_USE_OLD_FFMPEG=1         -DPJMEDIA_USE_OLD_FFMPEG=1       " SAMPLE_CXXFLAGS="-fPIC -DPJ_AUTOCONF=1 -fPIC -DPJ_IS_BIG_ENDIAN=0 -DPJ_IS_LITTLE_ENDIAN=1  -DPJMEDIA_USE_OLD_FFMPEG=1         -DPJMEDIA_USE_OLD_FFMPEG=1        -I/home/inrack/src/pjsip-build/pjproject-2.17/pjlib/include -I/home/inrack/src/pjsip-build/pjproject-2.17/pjlib-util/include -I/home/inrack/src/pjsip-build/pjproject-2.17/pjnath/include -I/home/inrack/src/pjsip-build/pjproject-2.17/pjmedia/include -I/home/inrack/src/pjsip-build/pjproject-2.17/pjsip/include   -DPJMEDIA_USE_OLD_FFMPEG=1         -DPJMEDIA_USE_OLD_FFMPEG=1       " SAMPLE_LDFLAGS="-L/home/inrack/src/pjsip-build/pjproject-2.17/pjlib/lib -L/home/inrack/src/pjsip-build/pjproject-2.17/pjlib-util/lib -L/home/inrack/src/pjsip-build/pjproject-2.17/pjnath/lib -L/home/inrack/src/pjsip-build/pjproject-2.17/pjmedia/lib -L/home/inrack/src/pjsip-build/pjproject-2.17/pjsip/lib -L/home/inrack/src/pjsip-build/pjproject-2.17/third_party/lib              -lpjsua-x86_64-pc-linux-gnu -lpjsip-ua-x86_64-pc-linux-gnu -lpjsip-simple-x86_64-pc-linux-gnu -lpjsip-x86_64-pc-linux-gnu -lpjmedia-codec-x86_64-pc-linux-gnu -lpjmedia-videodev-x86_64-pc-linux-gnu -lpjmedia-audiodev-x86_64-pc-linux-gnu -lpjmedia-x86_64-pc-linux-gnu -lpjnath-x86_64-pc-linux-gnu -lpjlib-util-x86_64-pc-linux-gnu -lsrtp-x86_64-pc-linux-gnu -lresample-x86_64-pc-linux-gnu -lgsmcodec-x86_64-pc-linux-gnu -lspeex-x86_64-pc-linux-gnu -lilbccodec-x86_64-pc-linux-gnu -lg7221codec-x86_64-pc-linux-gnu -lyuv-x86_64-pc-linux-gnu -lwebrtc-x86_64-pc-linux-gnu  -lpj-x86_64-pc-linux-gnu -lssl -lcrypto -luuid -lm -lrt -lpthread    " SAMPLE_EXE=playsine APP=SAMPLE app=sample ../bin/samples/x86_64-pc-linux-gnu/playsine
gcc -DPJ_AUTOCONF=1 -fPIC -DPJ_IS_BIG_ENDIAN=0 -DPJ_IS_LITTLE_ENDIAN=1  -DPJMEDIA_USE_OLD_FFMPEG=1         -DPJMEDIA_USE_OLD_FFMPEG=1        -I/home/inrack/src/pjsip-build/pjproject-2.17/pjlib/include -I/home/inrack/src/pjsip-build/pjproject-2.17/pjlib-util/include -I/home/inrack/src/pjsip-build/pjproject-2.17/pjnath/include -I/home/inrack/src/pjsip-build/pjproject-2.17/pjmedia/include -I/home/inrack/src/pjsip-build/pjproject-2.17/pjsip/include   -DPJMEDIA_USE_OLD_FFMPEG=1         -DPJMEDIA_USE_OLD_FFMPEG=1        \
	-c -o output/sample-x86_64-pc-linux-gnu/playsine.o \
	../src/samples/playsine.c 
make --no-print-directory -f /home/inrack/src/pjsip-build/pjproject-2.17/build/rules.mak SAMPLE_SRCDIR=../src/samples SAMPLE_OBJS=recfile.o SAMPLE_CFLAGS="-DPJ_AUTOCONF=1 -fPIC -DPJ_IS_BIG_ENDIAN=0 -DPJ_IS_LITTLE_ENDIAN=1  -DPJMEDIA_USE_OLD_FFMPEG=1         -DPJMEDIA_USE_OLD_FFMPEG=1        -I/home/inrack/src/pjsip-build/pjproject-2.17/pjlib/include -I/home/inrack/src/pjsip-build/pjproject-2.17/pjlib-util/include -I/home/inrack/src/pjsip-build/pjproject-2.17/pjnath/include -I/home/inrack/src/pjsip-build/pjproject-2.17/pjmedia/include -I/home/inrack/src/pjsip-build/pjproject-2.17/pjsip/include   -DPJMEDIA_USE_OLD_FFMPEG=1         -DPJMEDIA_USE_OLD_FFMPEG=1       " SAMPLE_CXXFLAGS="-fPIC -DPJ_AUTOCONF=1 -fPIC -DPJ_IS_BIG_ENDIAN=0 -DPJ_IS_LITTLE_ENDIAN=1  -DPJMEDIA_USE_OLD_FFMPEG=1         -DPJMEDIA_USE_OLD_FFMPEG=1        -I/home/inrack/src/pjsip-build/pjproject-2.17/pjlib/include -I/home/inrack/src/pjsip-build/pjproject-2.17/pjlib-util/include -I/home/inrack/src/pjsip-build/pjproject-2.17/pjnath/include -I/home/inrack/src/pjsip-build/pjproject-2.17/pjmedia/include -I/home/inrack/src/pjsip-build/pjproject-2.17/pjsip/include   -DPJMEDIA_USE_OLD_FFMPEG=1         -DPJMEDIA_USE_OLD_FFMPEG=1       " SAMPLE_LDFLAGS="-L/home/inrack/src/pjsip-build/pjproject-2.17/pjlib/lib -L/home/inrack/src/pjsip-build/pjproject-2.17/pjlib-util/lib -L/home/inrack/src/pjsip-build/pjproject-2.17/pjnath/lib -L/home/inrack/src/pjsip-build/pjproject-2.17/pjmedia/lib -L/home/inrack/src/pjsip-build/pjproject-2.17/pjsip/lib -L/home/inrack/src/pjsip-build/pjproject-2.17/third_party/lib              -lpjsua-x86_64-pc-linux-gnu -lpjsip-ua-x86_64-pc-linux-gnu -lpjsip-simple-x86_64-pc-linux-gnu -lpjsip-x86_64-pc-linux-gnu -lpjmedia-codec-x86_64-pc-linux-gnu -lpjmedia-videodev-x86_64-pc-linux-gnu -lpjmedia-audiodev-x86_64-pc-linux-gnu -lpjmedia-x86_64-pc-linux-gnu -lpjnath-x86_64-pc-linux-gnu -lpjlib-util-x86_64-pc-linux-gnu -lsrtp-x86_64-pc-linux-gnu -lresample-x86_64-pc-linux-gnu -lgsmcodec-x86_64-pc-linux-gnu -lspeex-x86_64-pc-linux-gnu -lilbccodec-x86_64-pc-linux-gnu -lg7221codec-x86_64-pc-linux-gnu -lyuv-x86_64-pc-linux-gnu -lwebrtc-x86_64-pc-linux-gnu  -lpj-x86_64-pc-linux-gnu -lssl -lcrypto -luuid -lm -lrt -lpthread    " SAMPLE_EXE=recfile APP=SAMPLE app=sample ../bin/samples/x86_64-pc-linux-gnu/recfile
gcc -DPJ_AUTOCONF=1 -fPIC -DPJ_IS_BIG_ENDIAN=0 -DPJ_IS_LITTLE_ENDIAN=1  -DPJMEDIA_USE_OLD_FFMPEG=1         -DPJMEDIA_USE_OLD_FFMPEG=1        -I/home/inrack/src/pjsip-build/pjproject-2.17/pjlib/include -I/home/inrack/src/pjsip-build/pjproject-2.17/pjlib-util/include -I/home/inrack/src/pjsip-build/pjproject-2.17/pjnath/include -I/home/inrack/src/pjsip-build/pjproject-2.17/pjmedia/include -I/home/inrack/src/pjsip-build/pjproject-2.17/pjsip/include   -DPJMEDIA_USE_OLD_FFMPEG=1         -DPJMEDIA_USE_OLD_FFMPEG=1        \
	-c -o output/sample-x86_64-pc-linux-gnu/recfile.o \
	../src/samples/recfile.c 
make --no-print-directory -f /home/inrack/src/pjsip-build/pjproject-2.17/build/rules.mak SAMPLE_SRCDIR=../src/samples SAMPLE_OBJS=resampleplay.o SAMPLE_CFLAGS="-DPJ_AUTOCONF=1 -fPIC -DPJ_IS_BIG_ENDIAN=0 -DPJ_IS_LITTLE_ENDIAN=1  -DPJMEDIA_USE_OLD_FFMPEG=1         -DPJMEDIA_USE_OLD_FFMPEG=1        -I/home/inrack/src/pjsip-build/pjproject-2.17/pjlib/include -I/home/inrack/src/pjsip-build/pjproject-2.17/pjlib-util/include -I/home/inrack/src/pjsip-build/pjproject-2.17/pjnath/include -I/home/inrack/src/pjsip-build/pjproject-2.17/pjmedia/include -I/home/inrack/src/pjsip-build/pjproject-2.17/pjsip/include   -DPJMEDIA_USE_OLD_FFMPEG=1         -DPJMEDIA_USE_OLD_FFMPEG=1       " SAMPLE_CXXFLAGS="-fPIC -DPJ_AUTOCONF=1 -fPIC -DPJ_IS_BIG_ENDIAN=0 -DPJ_IS_LITTLE_ENDIAN=1  -DPJMEDIA_USE_OLD_FFMPEG=1         -DPJMEDIA_USE_OLD_FFMPEG=1        -I/home/inrack/src/pjsip-build/pjproject-2.17/pjlib/include -I/home/inrack/src/pjsip-build/pjproject-2.17/pjlib-util/include -I/home/inrack/src/pjsip-build/pjproject-2.17/pjnath/include -I/home/inrack/src/pjsip-build/pjproject-2.17/pjmedia/include -I/home/inrack/src/pjsip-build/pjproject-2.17/pjsip/include   -DPJMEDIA_USE_OLD_FFMPEG=1         -DPJMEDIA_USE_OLD_FFMPEG=1       " SAMPLE_LDFLAGS="-L/home/inrack/src/pjsip-build/pjproject-2.17/pjlib/lib -L/home/inrack/src/pjsip-build/pjproject-2.17/pjlib-util/lib -L/home/inrack/src/pjsip-build/pjproject-2.17/pjnath/lib -L/home/inrack/src/pjsip-build/pjproject-2.17/pjmedia/lib -L/home/inrack/src/pjsip-build/pjproject-2.17/pjsip/lib -L/home/inrack/src/pjsip-build/pjproject-2.17/third_party/lib              -lpjsua-x86_64-pc-linux-gnu -lpjsip-ua-x86_64-pc-linux-gnu -lpjsip-simple-x86_64-pc-linux-gnu -lpjsip-x86_64-pc-linux-gnu -lpjmedia-codec-x86_64-pc-linux-gnu -lpjmedia-videodev-x86_64-pc-linux-gnu -lpjmedia-audiodev-x86_64-pc-linux-gnu -lpjmedia-x86_64-pc-linux-gnu -lpjnath-x86_64-pc-linux-gnu -lpjlib-util-x86_64-pc-linux-gnu -lsrtp-x86_64-pc-linux-gnu -lresample-x86_64-pc-linux-gnu -lgsmcodec-x86_64-pc-linux-gnu -lspeex-x86_64-pc-linux-gnu -lilbccodec-x86_64-pc-linux-gnu -lg7221codec-x86_64-pc-linux-gnu -lyuv-x86_64-pc-linux-gnu -lwebrtc-x86_64-pc-linux-gnu  -lpj-x86_64-pc-linux-gnu -lssl -lcrypto -luuid -lm -lrt -lpthread    " SAMPLE_EXE=resampleplay APP=SAMPLE app=sample ../bin/samples/x86_64-pc-linux-gnu/resampleplay
if test ! -d ../bin/samples/x86_64-pc-linux-gnu; then mkdir -p ../bin/samples/x86_64-pc-linux-gnu; fi
g++ -o ../bin/samples/x86_64-pc-linux-gnu/playfile \
     output/sample-x86_64-pc-linux-gnu/playfile.o -L/home/inrack/src/pjsip-build/pjproject-2.17/pjlib/lib -L/home/inrack/src/pjsip-build/pjproject-2.17/pjlib-util/lib -L/home/inrack/src/pjsip-build/pjproject-2.17/pjnath/lib -L/home/inrack/src/pjsip-build/pjproject-2.17/pjmedia/lib -L/home/inrack/src/pjsip-build/pjproject-2.17/pjsip/lib -L/home/inrack/src/pjsip-build/pjproject-2.17/third_party/lib              -lpjsua-x86_64-pc-linux-gnu -lpjsip-ua-x86_64-pc-linux-gnu -lpjsip-simple-x86_64-pc-linux-gnu -lpjsip-x86_64-pc-linux-gnu -lpjmedia-codec-x86_64-pc-linux-gnu -lpjmedia-videodev-x86_64-pc-linux-gnu -lpjmedia-audiodev-x86_64-pc-linux-gnu -lpjmedia-x86_64-pc-linux-gnu -lpjnath-x86_64-pc-linux-gnu -lpjlib-util-x86_64-pc-linux-gnu -lsrtp-x86_64-pc-linux-gnu -lresample-x86_64-pc-linux-gnu -lgsmcodec-x86_64-pc-linux-gnu -lspeex-x86_64-pc-linux-gnu -lilbccodec-x86_64-pc-linux-gnu -lg7221codec-x86_64-pc-linux-gnu -lyuv-x86_64-pc-linux-gnu -lwebrtc-x86_64-pc-linux-gnu  -lpj-x86_64-pc-linux-gnu -lssl -lcrypto -luuid -lm -lrt -lpthread    
gcc -DPJ_AUTOCONF=1 -fPIC -DPJ_IS_BIG_ENDIAN=0 -DPJ_IS_LITTLE_ENDIAN=1  -DPJMEDIA_USE_OLD_FFMPEG=1         -DPJMEDIA_USE_OLD_FFMPEG=1        -I/home/inrack/src/pjsip-build/pjproject-2.17/pjlib/include -I/home/inrack/src/pjsip-build/pjproject-2.17/pjlib-util/include -I/home/inrack/src/pjsip-build/pjproject-2.17/pjnath/include -I/home/inrack/src/pjsip-build/pjproject-2.17/pjmedia/include -I/home/inrack/src/pjsip-build/pjproject-2.17/pjsip/include   -DPJMEDIA_USE_OLD_FFMPEG=1         -DPJMEDIA_USE_OLD_FFMPEG=1        \
	-c -o output/sample-x86_64-pc-linux-gnu/resampleplay.o \
	../src/samples/resampleplay.c 
gcc -DPJ_AUTOCONF=1 -fPIC -DPJ_IS_BIG_ENDIAN=0 -DPJ_IS_LITTLE_ENDIAN=1  -DPJMEDIA_USE_OLD_FFMPEG=1         -DPJMEDIA_USE_OLD_FFMPEG=1        -I/home/inrack/src/pjsip-build/pjproject-2.17/pjlib/include -I/home/inrack/src/pjsip-build/pjproject-2.17/pjlib-util/include -I/home/inrack/src/pjsip-build/pjproject-2.17/pjnath/include -I/home/inrack/src/pjsip-build/pjproject-2.17/pjmedia/include -I/home/inrack/src/pjsip-build/pjproject-2.17/pjsip/include  \
	-c -o output/pjsua-x86_64-pc-linux-gnu/pjsua_app_legacy.o \
	../src/pjsua/pjsua_app_legacy.c 
if test ! -d ../bin/samples/x86_64-pc-linux-gnu; then mkdir -p ../bin/samples/x86_64-pc-linux-gnu; fi
g++ -o ../bin/samples/x86_64-pc-linux-gnu/pjsip-perf \
     output/sample-x86_64-pc-linux-gnu/pjsip-perf.o -L/home/inrack/src/pjsip-build/pjproject-2.17/pjlib/lib -L/home/inrack/src/pjsip-build/pjproject-2.17/pjlib-util/lib -L/home/inrack/src/pjsip-build/pjproject-2.17/pjnath/lib -L/home/inrack/src/pjsip-build/pjproject-2.17/pjmedia/lib -L/home/inrack/src/pjsip-build/pjproject-2.17/pjsip/lib -L/home/inrack/src/pjsip-build/pjproject-2.17/third_party/lib              -lpjsua-x86_64-pc-linux-gnu -lpjsip-ua-x86_64-pc-linux-gnu -lpjsip-simple-x86_64-pc-linux-gnu -lpjsip-x86_64-pc-linux-gnu -lpjmedia-codec-x86_64-pc-linux-gnu -lpjmedia-videodev-x86_64-pc-linux-gnu -lpjmedia-audiodev-x86_64-pc-linux-gnu -lpjmedia-x86_64-pc-linux-gnu -lpjnath-x86_64-pc-linux-gnu -lpjlib-util-x86_64-pc-linux-gnu -lsrtp-x86_64-pc-linux-gnu -lresample-x86_64-pc-linux-gnu -lgsmcodec-x86_64-pc-linux-gnu -lspeex-x86_64-pc-linux-gnu -lilbccodec-x86_64-pc-linux-gnu -lg7221codec-x86_64-pc-linux-gnu -lyuv-x86_64-pc-linux-gnu -lwebrtc-x86_64-pc-linux-gnu  -lpj-x86_64-pc-linux-gnu -lssl -lcrypto -luuid -lm -lrt -lpthread    
if test ! -d ../bin/samples/x86_64-pc-linux-gnu; then mkdir -p ../bin/samples/x86_64-pc-linux-gnu; fi
g++ -o ../bin/samples/x86_64-pc-linux-gnu/pcaputil \
     output/sample-x86_64-pc-linux-gnu/pcaputil.o -L/home/inrack/src/pjsip-build/pjproject-2.17/pjlib/lib -L/home/inrack/src/pjsip-build/pjproject-2.17/pjlib-util/lib -L/home/inrack/src/pjsip-build/pjproject-2.17/pjnath/lib -L/home/inrack/src/pjsip-build/pjproject-2.17/pjmedia/lib -L/home/inrack/src/pjsip-build/pjproject-2.17/pjsip/lib -L/home/inrack/src/pjsip-build/pjproject-2.17/third_party/lib              -lpjsua-x86_64-pc-linux-gnu -lpjsip-ua-x86_64-pc-linux-gnu -lpjsip-simple-x86_64-pc-linux-gnu -lpjsip-x86_64-pc-linux-gnu -lpjmedia-codec-x86_64-pc-linux-gnu -lpjmedia-videodev-x86_64-pc-linux-gnu -lpjmedia-audiodev-x86_64-pc-linux-gnu -lpjmedia-x86_64-pc-linux-gnu -lpjnath-x86_64-pc-linux-gnu -lpjlib-util-x86_64-pc-linux-gnu -lsrtp-x86_64-pc-linux-gnu -lresample-x86_64-pc-linux-gnu -lgsmcodec-x86_64-pc-linux-gnu -lspeex-x86_64-pc-linux-gnu -lilbccodec-x86_64-pc-linux-gnu -lg7221codec-x86_64-pc-linux-gnu -lyuv-x86_64-pc-linux-gnu -lwebrtc-x86_64-pc-linux-gnu  -lpj-x86_64-pc-linux-gnu -lssl -lcrypto -luuid -lm -lrt -lpthread    
if test ! -d ../bin/samples/x86_64-pc-linux-gnu; then mkdir -p ../bin/samples/x86_64-pc-linux-gnu; fi
g++ -o ../bin/samples/x86_64-pc-linux-gnu/playsine \
     output/sample-x86_64-pc-linux-gnu/playsine.o -L/home/inrack/src/pjsip-build/pjproject-2.17/pjlib/lib -L/home/inrack/src/pjsip-build/pjproject-2.17/pjlib-util/lib -L/home/inrack/src/pjsip-build/pjproject-2.17/pjnath/lib -L/home/inrack/src/pjsip-build/pjproject-2.17/pjmedia/lib -L/home/inrack/src/pjsip-build/pjproject-2.17/pjsip/lib -L/home/inrack/src/pjsip-build/pjproject-2.17/third_party/lib              -lpjsua-x86_64-pc-linux-gnu -lpjsip-ua-x86_64-pc-linux-gnu -lpjsip-simple-x86_64-pc-linux-gnu -lpjsip-x86_64-pc-linux-gnu -lpjmedia-codec-x86_64-pc-linux-gnu -lpjmedia-videodev-x86_64-pc-linux-gnu -lpjmedia-audiodev-x86_64-pc-linux-gnu -lpjmedia-x86_64-pc-linux-gnu -lpjnath-x86_64-pc-linux-gnu -lpjlib-util-x86_64-pc-linux-gnu -lsrtp-x86_64-pc-linux-gnu -lresample-x86_64-pc-linux-gnu -lgsmcodec-x86_64-pc-linux-gnu -lspeex-x86_64-pc-linux-gnu -lilbccodec-x86_64-pc-linux-gnu -lg7221codec-x86_64-pc-linux-gnu -lyuv-x86_64-pc-linux-gnu -lwebrtc-x86_64-pc-linux-gnu  -lpj-x86_64-pc-linux-gnu -lssl -lcrypto -luuid -lm -lrt -lpthread    
if test ! -d ../bin/samples/x86_64-pc-linux-gnu; then mkdir -p ../bin/samples/x86_64-pc-linux-gnu; fi
g++ -o ../bin/samples/x86_64-pc-linux-gnu/recfile \
     output/sample-x86_64-pc-linux-gnu/recfile.o -L/home/inrack/src/pjsip-build/pjproject-2.17/pjlib/lib -L/home/inrack/src/pjsip-build/pjproject-2.17/pjlib-util/lib -L/home/inrack/src/pjsip-build/pjproject-2.17/pjnath/lib -L/home/inrack/src/pjsip-build/pjproject-2.17/pjmedia/lib -L/home/inrack/src/pjsip-build/pjproject-2.17/pjsip/lib -L/home/inrack/src/pjsip-build/pjproject-2.17/third_party/lib              -lpjsua-x86_64-pc-linux-gnu -lpjsip-ua-x86_64-pc-linux-gnu -lpjsip-simple-x86_64-pc-linux-gnu -lpjsip-x86_64-pc-linux-gnu -lpjmedia-codec-x86_64-pc-linux-gnu -lpjmedia-videodev-x86_64-pc-linux-gnu -lpjmedia-audiodev-x86_64-pc-linux-gnu -lpjmedia-x86_64-pc-linux-gnu -lpjnath-x86_64-pc-linux-gnu -lpjlib-util-x86_64-pc-linux-gnu -lsrtp-x86_64-pc-linux-gnu -lresample-x86_64-pc-linux-gnu -lgsmcodec-x86_64-pc-linux-gnu -lspeex-x86_64-pc-linux-gnu -lilbccodec-x86_64-pc-linux-gnu -lg7221codec-x86_64-pc-linux-gnu -lyuv-x86_64-pc-linux-gnu -lwebrtc-x86_64-pc-linux-gnu  -lpj-x86_64-pc-linux-gnu -lssl -lcrypto -luuid -lm -lrt -lpthread    
make --no-print-directory -f /home/inrack/src/pjsip-build/pjproject-2.17/build/rules.mak SAMPLE_SRCDIR=../src/samples SAMPLE_OBJS=simpleua.o SAMPLE_CFLAGS="-DPJ_AUTOCONF=1 -fPIC -DPJ_IS_BIG_ENDIAN=0 -DPJ_IS_LITTLE_ENDIAN=1  -DPJMEDIA_USE_OLD_FFMPEG=1         -DPJMEDIA_USE_OLD_FFMPEG=1        -I/home/inrack/src/pjsip-build/pjproject-2.17/pjlib/include -I/home/inrack/src/pjsip-build/pjproject-2.17/pjlib-util/include -I/home/inrack/src/pjsip-build/pjproject-2.17/pjnath/include -I/home/inrack/src/pjsip-build/pjproject-2.17/pjmedia/include -I/home/inrack/src/pjsip-build/pjproject-2.17/pjsip/include   -DPJMEDIA_USE_OLD_FFMPEG=1         -DPJMEDIA_USE_OLD_FFMPEG=1       " SAMPLE_CXXFLAGS="-fPIC -DPJ_AUTOCONF=1 -fPIC -DPJ_IS_BIG_ENDIAN=0 -DPJ_IS_LITTLE_ENDIAN=1  -DPJMEDIA_USE_OLD_FFMPEG=1         -DPJMEDIA_USE_OLD_FFMPEG=1        -I/home/inrack/src/pjsip-build/pjproject-2.17/pjlib/include -I/home/inrack/src/pjsip-build/pjproject-2.17/pjlib-util/include -I/home/inrack/src/pjsip-build/pjproject-2.17/pjnath/include -I/home/inrack/src/pjsip-build/pjproject-2.17/pjmedia/include -I/home/inrack/src/pjsip-build/pjproject-2.17/pjsip/include   -DPJMEDIA_USE_OLD_FFMPEG=1         -DPJMEDIA_USE_OLD_FFMPEG=1       " SAMPLE_LDFLAGS="-L/home/inrack/src/pjsip-build/pjproject-2.17/pjlib/lib -L/home/inrack/src/pjsip-build/pjproject-2.17/pjlib-util/lib -L/home/inrack/src/pjsip-build/pjproject-2.17/pjnath/lib -L/home/inrack/src/pjsip-build/pjproject-2.17/pjmedia/lib -L/home/inrack/src/pjsip-build/pjproject-2.17/pjsip/lib -L/home/inrack/src/pjsip-build/pjproject-2.17/third_party/lib              -lpjsua-x86_64-pc-linux-gnu -lpjsip-ua-x86_64-pc-linux-gnu -lpjsip-simple-x86_64-pc-linux-gnu -lpjsip-x86_64-pc-linux-gnu -lpjmedia-codec-x86_64-pc-linux-gnu -lpjmedia-videodev-x86_64-pc-linux-gnu -lpjmedia-audiodev-x86_64-pc-linux-gnu -lpjmedia-x86_64-pc-linux-gnu -lpjnath-x86_64-pc-linux-gnu -lpjlib-util-x86_64-pc-linux-gnu -lsrtp-x86_64-pc-linux-gnu -lresample-x86_64-pc-linux-gnu -lgsmcodec-x86_64-pc-linux-gnu -lspeex-x86_64-pc-linux-gnu -lilbccodec-x86_64-pc-linux-gnu -lg7221codec-x86_64-pc-linux-gnu -lyuv-x86_64-pc-linux-gnu -lwebrtc-x86_64-pc-linux-gnu  -lpj-x86_64-pc-linux-gnu -lssl -lcrypto -luuid -lm -lrt -lpthread    " SAMPLE_EXE=simpleua APP=SAMPLE app=sample ../bin/samples/x86_64-pc-linux-gnu/simpleua
gcc -DPJ_AUTOCONF=1 -fPIC -DPJ_IS_BIG_ENDIAN=0 -DPJ_IS_LITTLE_ENDIAN=1  -DPJMEDIA_USE_OLD_FFMPEG=1         -DPJMEDIA_USE_OLD_FFMPEG=1        -I/home/inrack/src/pjsip-build/pjproject-2.17/pjlib/include -I/home/inrack/src/pjsip-build/pjproject-2.17/pjlib-util/include -I/home/inrack/src/pjsip-build/pjproject-2.17/pjnath/include -I/home/inrack/src/pjsip-build/pjproject-2.17/pjmedia/include -I/home/inrack/src/pjsip-build/pjproject-2.17/pjsip/include   -DPJMEDIA_USE_OLD_FFMPEG=1         -DPJMEDIA_USE_OLD_FFMPEG=1        \
	-c -o output/sample-x86_64-pc-linux-gnu/simpleua.o \
	../src/samples/simpleua.c 
make --no-print-directory -f /home/inrack/src/pjsip-build/pjproject-2.17/build/rules.mak SAMPLE_SRCDIR=../src/samples SAMPLE_OBJS=simple_pjsua.o SAMPLE_CFLAGS="-DPJ_AUTOCONF=1 -fPIC -DPJ_IS_BIG_ENDIAN=0 -DPJ_IS_LITTLE_ENDIAN=1  -DPJMEDIA_USE_OLD_FFMPEG=1         -DPJMEDIA_USE_OLD_FFMPEG=1        -I/home/inrack/src/pjsip-build/pjproject-2.17/pjlib/include -I/home/inrack/src/pjsip-build/pjproject-2.17/pjlib-util/include -I/home/inrack/src/pjsip-build/pjproject-2.17/pjnath/include -I/home/inrack/src/pjsip-build/pjproject-2.17/pjmedia/include -I/home/inrack/src/pjsip-build/pjproject-2.17/pjsip/include   -DPJMEDIA_USE_OLD_FFMPEG=1         -DPJMEDIA_USE_OLD_FFMPEG=1       " SAMPLE_CXXFLAGS="-fPIC -DPJ_AUTOCONF=1 -fPIC -DPJ_IS_BIG_ENDIAN=0 -DPJ_IS_LITTLE_ENDIAN=1  -DPJMEDIA_USE_OLD_FFMPEG=1         -DPJMEDIA_USE_OLD_FFMPEG=1        -I/home/inrack/src/pjsip-build/pjproject-2.17/pjlib/include -I/home/inrack/src/pjsip-build/pjproject-2.17/pjlib-util/include -I/home/inrack/src/pjsip-build/pjproject-2.17/pjnath/include -I/home/inrack/src/pjsip-build/pjproject-2.17/pjmedia/include -I/home/inrack/src/pjsip-build/pjproject-2.17/pjsip/include   -DPJMEDIA_USE_OLD_FFMPEG=1         -DPJMEDIA_USE_OLD_FFMPEG=1       " SAMPLE_LDFLAGS="-L/home/inrack/src/pjsip-build/pjproject-2.17/pjlib/lib -L/home/inrack/src/pjsip-build/pjproject-2.17/pjlib-util/lib -L/home/inrack/src/pjsip-build/pjproject-2.17/pjnath/lib -L/home/inrack/src/pjsip-build/pjproject-2.17/pjmedia/lib -L/home/inrack/src/pjsip-build/pjproject-2.17/pjsip/lib -L/home/inrack/src/pjsip-build/pjproject-2.17/third_party/lib              -lpjsua-x86_64-pc-linux-gnu -lpjsip-ua-x86_64-pc-linux-gnu -lpjsip-simple-x86_64-pc-linux-gnu -lpjsip-x86_64-pc-linux-gnu -lpjmedia-codec-x86_64-pc-linux-gnu -lpjmedia-videodev-x86_64-pc-linux-gnu -lpjmedia-audiodev-x86_64-pc-linux-gnu -lpjmedia-x86_64-pc-linux-gnu -lpjnath-x86_64-pc-linux-gnu -lpjlib-util-x86_64-pc-linux-gnu -lsrtp-x86_64-pc-linux-gnu -lresample-x86_64-pc-linux-gnu -lgsmcodec-x86_64-pc-linux-gnu -lspeex-x86_64-pc-linux-gnu -lilbccodec-x86_64-pc-linux-gnu -lg7221codec-x86_64-pc-linux-gnu -lyuv-x86_64-pc-linux-gnu -lwebrtc-x86_64-pc-linux-gnu  -lpj-x86_64-pc-linux-gnu -lssl -lcrypto -luuid -lm -lrt -lpthread    " SAMPLE_EXE=simple_pjsua APP=SAMPLE app=sample ../bin/samples/x86_64-pc-linux-gnu/simple_pjsua
if test ! -d ../bin/samples/x86_64-pc-linux-gnu; then mkdir -p ../bin/samples/x86_64-pc-linux-gnu; fi
gcc -DPJ_AUTOCONF=1 -fPIC -DPJ_IS_BIG_ENDIAN=0 -DPJ_IS_LITTLE_ENDIAN=1  -DPJMEDIA_USE_OLD_FFMPEG=1         -DPJMEDIA_USE_OLD_FFMPEG=1        -I/home/inrack/src/pjsip-build/pjproject-2.17/pjlib/include -I/home/inrack/src/pjsip-build/pjproject-2.17/pjlib-util/include -I/home/inrack/src/pjsip-build/pjproject-2.17/pjnath/include -I/home/inrack/src/pjsip-build/pjproject-2.17/pjmedia/include -I/home/inrack/src/pjsip-build/pjproject-2.17/pjsip/include   -DPJMEDIA_USE_OLD_FFMPEG=1         -DPJMEDIA_USE_OLD_FFMPEG=1        \
	-c -o output/sample-x86_64-pc-linux-gnu/simple_pjsua.o \
	../src/samples/simple_pjsua.c 
g++ -o ../bin/samples/x86_64-pc-linux-gnu/resampleplay \
     output/sample-x86_64-pc-linux-gnu/resampleplay.o -L/home/inrack/src/pjsip-build/pjproject-2.17/pjlib/lib -L/home/inrack/src/pjsip-build/pjproject-2.17/pjlib-util/lib -L/home/inrack/src/pjsip-build/pjproject-2.17/pjnath/lib -L/home/inrack/src/pjsip-build/pjproject-2.17/pjmedia/lib -L/home/inrack/src/pjsip-build/pjproject-2.17/pjsip/lib -L/home/inrack/src/pjsip-build/pjproject-2.17/third_party/lib              -lpjsua-x86_64-pc-linux-gnu -lpjsip-ua-x86_64-pc-linux-gnu -lpjsip-simple-x86_64-pc-linux-gnu -lpjsip-x86_64-pc-linux-gnu -lpjmedia-codec-x86_64-pc-linux-gnu -lpjmedia-videodev-x86_64-pc-linux-gnu -lpjmedia-audiodev-x86_64-pc-linux-gnu -lpjmedia-x86_64-pc-linux-gnu -lpjnath-x86_64-pc-linux-gnu -lpjlib-util-x86_64-pc-linux-gnu -lsrtp-x86_64-pc-linux-gnu -lresample-x86_64-pc-linux-gnu -lgsmcodec-x86_64-pc-linux-gnu -lspeex-x86_64-pc-linux-gnu -lilbccodec-x86_64-pc-linux-gnu -lg7221codec-x86_64-pc-linux-gnu -lyuv-x86_64-pc-linux-gnu -lwebrtc-x86_64-pc-linux-gnu  -lpj-x86_64-pc-linux-gnu -lssl -lcrypto -luuid -lm -lrt -lpthread    
make --no-print-directory -f /home/inrack/src/pjsip-build/pjproject-2.17/build/rules.mak SAMPLE_SRCDIR=../src/samples SAMPLE_OBJS=sipecho.o SAMPLE_CFLAGS="-DPJ_AUTOCONF=1 -fPIC -DPJ_IS_BIG_ENDIAN=0 -DPJ_IS_LITTLE_ENDIAN=1  -DPJMEDIA_USE_OLD_FFMPEG=1         -DPJMEDIA_USE_OLD_FFMPEG=1        -I/home/inrack/src/pjsip-build/pjproject-2.17/pjlib/include -I/home/inrack/src/pjsip-build/pjproject-2.17/pjlib-util/include -I/home/inrack/src/pjsip-build/pjproject-2.17/pjnath/include -I/home/inrack/src/pjsip-build/pjproject-2.17/pjmedia/include -I/home/inrack/src/pjsip-build/pjproject-2.17/pjsip/include   -DPJMEDIA_USE_OLD_FFMPEG=1         -DPJMEDIA_USE_OLD_FFMPEG=1       " SAMPLE_CXXFLAGS="-fPIC -DPJ_AUTOCONF=1 -fPIC -DPJ_IS_BIG_ENDIAN=0 -DPJ_IS_LITTLE_ENDIAN=1  -DPJMEDIA_USE_OLD_FFMPEG=1         -DPJMEDIA_USE_OLD_FFMPEG=1        -I/home/inrack/src/pjsip-build/pjproject-2.17/pjlib/include -I/home/inrack/src/pjsip-build/pjproject-2.17/pjlib-util/include -I/home/inrack/src/pjsip-build/pjproject-2.17/pjnath/include -I/home/inrack/src/pjsip-build/pjproject-2.17/pjmedia/include -I/home/inrack/src/pjsip-build/pjproject-2.17/pjsip/include   -DPJMEDIA_USE_OLD_FFMPEG=1         -DPJMEDIA_USE_OLD_FFMPEG=1       " SAMPLE_LDFLAGS="-L/home/inrack/src/pjsip-build/pjproject-2.17/pjlib/lib -L/home/inrack/src/pjsip-build/pjproject-2.17/pjlib-util/lib -L/home/inrack/src/pjsip-build/pjproject-2.17/pjnath/lib -L/home/inrack/src/pjsip-build/pjproject-2.17/pjmedia/lib -L/home/inrack/src/pjsip-build/pjproject-2.17/pjsip/lib -L/home/inrack/src/pjsip-build/pjproject-2.17/third_party/lib              -lpjsua-x86_64-pc-linux-gnu -lpjsip-ua-x86_64-pc-linux-gnu -lpjsip-simple-x86_64-pc-linux-gnu -lpjsip-x86_64-pc-linux-gnu -lpjmedia-codec-x86_64-pc-linux-gnu -lpjmedia-videodev-x86_64-pc-linux-gnu -lpjmedia-audiodev-x86_64-pc-linux-gnu -lpjmedia-x86_64-pc-linux-gnu -lpjnath-x86_64-pc-linux-gnu -lpjlib-util-x86_64-pc-linux-gnu -lsrtp-x86_64-pc-linux-gnu -lresample-x86_64-pc-linux-gnu -lgsmcodec-x86_64-pc-linux-gnu -lspeex-x86_64-pc-linux-gnu -lilbccodec-x86_64-pc-linux-gnu -lg7221codec-x86_64-pc-linux-gnu -lyuv-x86_64-pc-linux-gnu -lwebrtc-x86_64-pc-linux-gnu  -lpj-x86_64-pc-linux-gnu -lssl -lcrypto -luuid -lm -lrt -lpthread    " SAMPLE_EXE=sipecho APP=SAMPLE app=sample ../bin/samples/x86_64-pc-linux-gnu/sipecho
gcc -DPJ_AUTOCONF=1 -fPIC -DPJ_IS_BIG_ENDIAN=0 -DPJ_IS_LITTLE_ENDIAN=1  -DPJMEDIA_USE_OLD_FFMPEG=1         -DPJMEDIA_USE_OLD_FFMPEG=1        -I/home/inrack/src/pjsip-build/pjproject-2.17/pjlib/include -I/home/inrack/src/pjsip-build/pjproject-2.17/pjlib-util/include -I/home/inrack/src/pjsip-build/pjproject-2.17/pjnath/include -I/home/inrack/src/pjsip-build/pjproject-2.17/pjmedia/include -I/home/inrack/src/pjsip-build/pjproject-2.17/pjsip/include   -DPJMEDIA_USE_OLD_FFMPEG=1         -DPJMEDIA_USE_OLD_FFMPEG=1        \
	-c -o output/sample-x86_64-pc-linux-gnu/sipecho.o \
	../src/samples/sipecho.c 
make --no-print-directory -f /home/inrack/src/pjsip-build/pjproject-2.17/build/rules.mak SAMPLE_SRCDIR=../src/samples SAMPLE_OBJS=siprtp.o SAMPLE_CFLAGS="-DPJ_AUTOCONF=1 -fPIC -DPJ_IS_BIG_ENDIAN=0 -DPJ_IS_LITTLE_ENDIAN=1  -DPJMEDIA_USE_OLD_FFMPEG=1         -DPJMEDIA_USE_OLD_FFMPEG=1        -I/home/inrack/src/pjsip-build/pjproject-2.17/pjlib/include -I/home/inrack/src/pjsip-build/pjproject-2.17/pjlib-util/include -I/home/inrack/src/pjsip-build/pjproject-2.17/pjnath/include -I/home/inrack/src/pjsip-build/pjproject-2.17/pjmedia/include -I/home/inrack/src/pjsip-build/pjproject-2.17/pjsip/include   -DPJMEDIA_USE_OLD_FFMPEG=1         -DPJMEDIA_USE_OLD_FFMPEG=1       " SAMPLE_CXXFLAGS="-fPIC -DPJ_AUTOCONF=1 -fPIC -DPJ_IS_BIG_ENDIAN=0 -DPJ_IS_LITTLE_ENDIAN=1  -DPJMEDIA_USE_OLD_FFMPEG=1         -DPJMEDIA_USE_OLD_FFMPEG=1        -I/home/inrack/src/pjsip-build/pjproject-2.17/pjlib/include -I/home/inrack/src/pjsip-build/pjproject-2.17/pjlib-util/include -I/home/inrack/src/pjsip-build/pjproject-2.17/pjnath/include -I/home/inrack/src/pjsip-build/pjproject-2.17/pjmedia/include -I/home/inrack/src/pjsip-build/pjproject-2.17/pjsip/include   -DPJMEDIA_USE_OLD_FFMPEG=1         -DPJMEDIA_USE_OLD_FFMPEG=1       " SAMPLE_LDFLAGS="-L/home/inrack/src/pjsip-build/pjproject-2.17/pjlib/lib -L/home/inrack/src/pjsip-build/pjproject-2.17/pjlib-util/lib -L/home/inrack/src/pjsip-build/pjproject-2.17/pjnath/lib -L/home/inrack/src/pjsip-build/pjproject-2.17/pjmedia/lib -L/home/inrack/src/pjsip-build/pjproject-2.17/pjsip/lib -L/home/inrack/src/pjsip-build/pjproject-2.17/third_party/lib              -lpjsua-x86_64-pc-linux-gnu -lpjsip-ua-x86_64-pc-linux-gnu -lpjsip-simple-x86_64-pc-linux-gnu -lpjsip-x86_64-pc-linux-gnu -lpjmedia-codec-x86_64-pc-linux-gnu -lpjmedia-videodev-x86_64-pc-linux-gnu -lpjmedia-audiodev-x86_64-pc-linux-gnu -lpjmedia-x86_64-pc-linux-gnu -lpjnath-x86_64-pc-linux-gnu -lpjlib-util-x86_64-pc-linux-gnu -lsrtp-x86_64-pc-linux-gnu -lresample-x86_64-pc-linux-gnu -lgsmcodec-x86_64-pc-linux-gnu -lspeex-x86_64-pc-linux-gnu -lilbccodec-x86_64-pc-linux-gnu -lg7221codec-x86_64-pc-linux-gnu -lyuv-x86_64-pc-linux-gnu -lwebrtc-x86_64-pc-linux-gnu  -lpj-x86_64-pc-linux-gnu -lssl -lcrypto -luuid -lm -lrt -lpthread    " SAMPLE_EXE=siprtp APP=SAMPLE app=sample ../bin/samples/x86_64-pc-linux-gnu/siprtp
gcc -DPJ_AUTOCONF=1 -fPIC -DPJ_IS_BIG_ENDIAN=0 -DPJ_IS_LITTLE_ENDIAN=1  -DPJMEDIA_USE_OLD_FFMPEG=1         -DPJMEDIA_USE_OLD_FFMPEG=1        -I/home/inrack/src/pjsip-build/pjproject-2.17/pjlib/include -I/home/inrack/src/pjsip-build/pjproject-2.17/pjlib-util/include -I/home/inrack/src/pjsip-build/pjproject-2.17/pjnath/include -I/home/inrack/src/pjsip-build/pjproject-2.17/pjmedia/include -I/home/inrack/src/pjsip-build/pjproject-2.17/pjsip/include   -DPJMEDIA_USE_OLD_FFMPEG=1         -DPJMEDIA_USE_OLD_FFMPEG=1        \
	-c -o output/sample-x86_64-pc-linux-gnu/siprtp.o \
	../src/samples/siprtp.c 
make --no-print-directory -f /home/inrack/src/pjsip-build/pjproject-2.17/build/rules.mak SAMPLE_SRCDIR=../src/samples SAMPLE_OBJS=sipstateless.o SAMPLE_CFLAGS="-DPJ_AUTOCONF=1 -fPIC -DPJ_IS_BIG_ENDIAN=0 -DPJ_IS_LITTLE_ENDIAN=1  -DPJMEDIA_USE_OLD_FFMPEG=1         -DPJMEDIA_USE_OLD_FFMPEG=1        -I/home/inrack/src/pjsip-build/pjproject-2.17/pjlib/include -I/home/inrack/src/pjsip-build/pjproject-2.17/pjlib-util/include -I/home/inrack/src/pjsip-build/pjproject-2.17/pjnath/include -I/home/inrack/src/pjsip-build/pjproject-2.17/pjmedia/include -I/home/inrack/src/pjsip-build/pjproject-2.17/pjsip/include   -DPJMEDIA_USE_OLD_FFMPEG=1         -DPJMEDIA_USE_OLD_FFMPEG=1       " SAMPLE_CXXFLAGS="-fPIC -DPJ_AUTOCONF=1 -fPIC -DPJ_IS_BIG_ENDIAN=0 -DPJ_IS_LITTLE_ENDIAN=1  -DPJMEDIA_USE_OLD_FFMPEG=1         -DPJMEDIA_USE_OLD_FFMPEG=1        -I/home/inrack/src/pjsip-build/pjproject-2.17/pjlib/include -I/home/inrack/src/pjsip-build/pjproject-2.17/pjlib-util/include -I/home/inrack/src/pjsip-build/pjproject-2.17/pjnath/include -I/home/inrack/src/pjsip-build/pjproject-2.17/pjmedia/include -I/home/inrack/src/pjsip-build/pjproject-2.17/pjsip/include   -DPJMEDIA_USE_OLD_FFMPEG=1         -DPJMEDIA_USE_OLD_FFMPEG=1       " SAMPLE_LDFLAGS="-L/home/inrack/src/pjsip-build/pjproject-2.17/pjlib/lib -L/home/inrack/src/pjsip-build/pjproject-2.17/pjlib-util/lib -L/home/inrack/src/pjsip-build/pjproject-2.17/pjnath/lib -L/home/inrack/src/pjsip-build/pjproject-2.17/pjmedia/lib -L/home/inrack/src/pjsip-build/pjproject-2.17/pjsip/lib -L/home/inrack/src/pjsip-build/pjproject-2.17/third_party/lib              -lpjsua-x86_64-pc-linux-gnu -lpjsip-ua-x86_64-pc-linux-gnu -lpjsip-simple-x86_64-pc-linux-gnu -lpjsip-x86_64-pc-linux-gnu -lpjmedia-codec-x86_64-pc-linux-gnu -lpjmedia-videodev-x86_64-pc-linux-gnu -lpjmedia-audiodev-x86_64-pc-linux-gnu -lpjmedia-x86_64-pc-linux-gnu -lpjnath-x86_64-pc-linux-gnu -lpjlib-util-x86_64-pc-linux-gnu -lsrtp-x86_64-pc-linux-gnu -lresample-x86_64-pc-linux-gnu -lgsmcodec-x86_64-pc-linux-gnu -lspeex-x86_64-pc-linux-gnu -lilbccodec-x86_64-pc-linux-gnu -lg7221codec-x86_64-pc-linux-gnu -lyuv-x86_64-pc-linux-gnu -lwebrtc-x86_64-pc-linux-gnu  -lpj-x86_64-pc-linux-gnu -lssl -lcrypto -luuid -lm -lrt -lpthread    " SAMPLE_EXE=sipstateless APP=SAMPLE app=sample ../bin/samples/x86_64-pc-linux-gnu/sipstateless
gcc -DPJ_AUTOCONF=1 -fPIC -DPJ_IS_BIG_ENDIAN=0 -DPJ_IS_LITTLE_ENDIAN=1  -DPJMEDIA_USE_OLD_FFMPEG=1         -DPJMEDIA_USE_OLD_FFMPEG=1        -I/home/inrack/src/pjsip-build/pjproject-2.17/pjlib/include -I/home/inrack/src/pjsip-build/pjproject-2.17/pjlib-util/include -I/home/inrack/src/pjsip-build/pjproject-2.17/pjnath/include -I/home/inrack/src/pjsip-build/pjproject-2.17/pjmedia/include -I/home/inrack/src/pjsip-build/pjproject-2.17/pjsip/include   -DPJMEDIA_USE_OLD_FFMPEG=1         -DPJMEDIA_USE_OLD_FFMPEG=1        \
	-c -o output/sample-x86_64-pc-linux-gnu/sipstateless.o \
	../src/samples/sipstateless.c 
make --no-print-directory -f /home/inrack/src/pjsip-build/pjproject-2.17/build/rules.mak SAMPLE_SRCDIR=../src/samples SAMPLE_OBJS=stateful_proxy.o SAMPLE_CFLAGS="-DPJ_AUTOCONF=1 -fPIC -DPJ_IS_BIG_ENDIAN=0 -DPJ_IS_LITTLE_ENDIAN=1  -DPJMEDIA_USE_OLD_FFMPEG=1         -DPJMEDIA_USE_OLD_FFMPEG=1        -I/home/inrack/src/pjsip-build/pjproject-2.17/pjlib/include -I/home/inrack/src/pjsip-build/pjproject-2.17/pjlib-util/include -I/home/inrack/src/pjsip-build/pjproject-2.17/pjnath/include -I/home/inrack/src/pjsip-build/pjproject-2.17/pjmedia/include -I/home/inrack/src/pjsip-build/pjproject-2.17/pjsip/include   -DPJMEDIA_USE_OLD_FFMPEG=1         -DPJMEDIA_USE_OLD_FFMPEG=1       " SAMPLE_CXXFLAGS="-fPIC -DPJ_AUTOCONF=1 -fPIC -DPJ_IS_BIG_ENDIAN=0 -DPJ_IS_LITTLE_ENDIAN=1  -DPJMEDIA_USE_OLD_FFMPEG=1         -DPJMEDIA_USE_OLD_FFMPEG=1        -I/home/inrack/src/pjsip-build/pjproject-2.17/pjlib/include -I/home/inrack/src/pjsip-build/pjproject-2.17/pjlib-util/include -I/home/inrack/src/pjsip-build/pjproject-2.17/pjnath/include -I/home/inrack/src/pjsip-build/pjproject-2.17/pjmedia/include -I/home/inrack/src/pjsip-build/pjproject-2.17/pjsip/include   -DPJMEDIA_USE_OLD_FFMPEG=1         -DPJMEDIA_USE_OLD_FFMPEG=1       " SAMPLE_LDFLAGS="-L/home/inrack/src/pjsip-build/pjproject-2.17/pjlib/lib -L/home/inrack/src/pjsip-build/pjproject-2.17/pjlib-util/lib -L/home/inrack/src/pjsip-build/pjproject-2.17/pjnath/lib -L/home/inrack/src/pjsip-build/pjproject-2.17/pjmedia/lib -L/home/inrack/src/pjsip-build/pjproject-2.17/pjsip/lib -L/home/inrack/src/pjsip-build/pjproject-2.17/third_party/lib              -lpjsua-x86_64-pc-linux-gnu -lpjsip-ua-x86_64-pc-linux-gnu -lpjsip-simple-x86_64-pc-linux-gnu -lpjsip-x86_64-pc-linux-gnu -lpjmedia-codec-x86_64-pc-linux-gnu -lpjmedia-videodev-x86_64-pc-linux-gnu -lpjmedia-audiodev-x86_64-pc-linux-gnu -lpjmedia-x86_64-pc-linux-gnu -lpjnath-x86_64-pc-linux-gnu -lpjlib-util-x86_64-pc-linux-gnu -lsrtp-x86_64-pc-linux-gnu -lresample-x86_64-pc-linux-gnu -lgsmcodec-x86_64-pc-linux-gnu -lspeex-x86_64-pc-linux-gnu -lilbccodec-x86_64-pc-linux-gnu -lg7221codec-x86_64-pc-linux-gnu -lyuv-x86_64-pc-linux-gnu -lwebrtc-x86_64-pc-linux-gnu  -lpj-x86_64-pc-linux-gnu -lssl -lcrypto -luuid -lm -lrt -lpthread    " SAMPLE_EXE=stateful_proxy APP=SAMPLE app=sample ../bin/samples/x86_64-pc-linux-gnu/stateful_proxy
gcc -DPJ_AUTOCONF=1 -fPIC -DPJ_IS_BIG_ENDIAN=0 -DPJ_IS_LITTLE_ENDIAN=1  -DPJMEDIA_USE_OLD_FFMPEG=1         -DPJMEDIA_USE_OLD_FFMPEG=1        -I/home/inrack/src/pjsip-build/pjproject-2.17/pjlib/include -I/home/inrack/src/pjsip-build/pjproject-2.17/pjlib-util/include -I/home/inrack/src/pjsip-build/pjproject-2.17/pjnath/include -I/home/inrack/src/pjsip-build/pjproject-2.17/pjmedia/include -I/home/inrack/src/pjsip-build/pjproject-2.17/pjsip/include   -DPJMEDIA_USE_OLD_FFMPEG=1         -DPJMEDIA_USE_OLD_FFMPEG=1        \
	-c -o output/sample-x86_64-pc-linux-gnu/stateful_proxy.o \
	../src/samples/stateful_proxy.c 
if test ! -d ../bin; then mkdir -p ../bin; fi
g++ -o ../bin/pjsua-x86_64-pc-linux-gnu \
     output/pjsua-x86_64-pc-linux-gnu/main.o  output/pjsua-x86_64-pc-linux-gnu/pjsua_app.o  output/pjsua-x86_64-pc-linux-gnu/pjsua_app_cli.o  output/pjsua-x86_64-pc-linux-gnu/pjsua_app_common.o  output/pjsua-x86_64-pc-linux-gnu/pjsua_app_config.o  output/pjsua-x86_64-pc-linux-gnu/pjsua_app_legacy.o -L/home/inrack/src/pjsip-build/pjproject-2.17/pjlib/lib -L/home/inrack/src/pjsip-build/pjproject-2.17/pjlib-util/lib -L/home/inrack/src/pjsip-build/pjproject-2.17/pjnath/lib -L/home/inrack/src/pjsip-build/pjproject-2.17/pjmedia/lib -L/home/inrack/src/pjsip-build/pjproject-2.17/pjsip/lib -L/home/inrack/src/pjsip-build/pjproject-2.17/third_party/lib              -lpjsua-x86_64-pc-linux-gnu -lpjsip-ua-x86_64-pc-linux-gnu -lpjsip-simple-x86_64-pc-linux-gnu -lpjsip-x86_64-pc-linux-gnu -lpjmedia-codec-x86_64-pc-linux-gnu -lpjmedia-videodev-x86_64-pc-linux-gnu -lpjmedia-audiodev-x86_64-pc-linux-gnu -lpjmedia-x86_64-pc-linux-gnu -lpjnath-x86_64-pc-linux-gnu -lpjlib-util-x86_64-pc-linux-gnu -lsrtp-x86_64-pc-linux-gnu -lresample-x86_64-pc-linux-gnu -lgsmcodec-x86_64-pc-linux-gnu -lspeex-x86_64-pc-linux-gnu -lilbccodec-x86_64-pc-linux-gnu -lg7221codec-x86_64-pc-linux-gnu -lyuv-x86_64-pc-linux-gnu -lwebrtc-x86_64-pc-linux-gnu  -lpj-x86_64-pc-linux-gnu -lssl -lcrypto -luuid -lm -lrt -lpthread    
if test ! -d ../bin/samples/x86_64-pc-linux-gnu; then mkdir -p ../bin/samples/x86_64-pc-linux-gnu; fi
g++ -o ../bin/samples/x86_64-pc-linux-gnu/simple_pjsua \
     output/sample-x86_64-pc-linux-gnu/simple_pjsua.o -L/home/inrack/src/pjsip-build/pjproject-2.17/pjlib/lib -L/home/inrack/src/pjsip-build/pjproject-2.17/pjlib-util/lib -L/home/inrack/src/pjsip-build/pjproject-2.17/pjnath/lib -L/home/inrack/src/pjsip-build/pjproject-2.17/pjmedia/lib -L/home/inrack/src/pjsip-build/pjproject-2.17/pjsip/lib -L/home/inrack/src/pjsip-build/pjproject-2.17/third_party/lib              -lpjsua-x86_64-pc-linux-gnu -lpjsip-ua-x86_64-pc-linux-gnu -lpjsip-simple-x86_64-pc-linux-gnu -lpjsip-x86_64-pc-linux-gnu -lpjmedia-codec-x86_64-pc-linux-gnu -lpjmedia-videodev-x86_64-pc-linux-gnu -lpjmedia-audiodev-x86_64-pc-linux-gnu -lpjmedia-x86_64-pc-linux-gnu -lpjnath-x86_64-pc-linux-gnu -lpjlib-util-x86_64-pc-linux-gnu -lsrtp-x86_64-pc-linux-gnu -lresample-x86_64-pc-linux-gnu -lgsmcodec-x86_64-pc-linux-gnu -lspeex-x86_64-pc-linux-gnu -lilbccodec-x86_64-pc-linux-gnu -lg7221codec-x86_64-pc-linux-gnu -lyuv-x86_64-pc-linux-gnu -lwebrtc-x86_64-pc-linux-gnu  -lpj-x86_64-pc-linux-gnu -lssl -lcrypto -luuid -lm -lrt -lpthread    
make --no-print-directory -f /home/inrack/src/pjsip-build/pjproject-2.17/build/rules.mak SAMPLE_SRCDIR=../src/samples SAMPLE_OBJS=stateless_proxy.o SAMPLE_CFLAGS="-DPJ_AUTOCONF=1 -fPIC -DPJ_IS_BIG_ENDIAN=0 -DPJ_IS_LITTLE_ENDIAN=1  -DPJMEDIA_USE_OLD_FFMPEG=1         -DPJMEDIA_USE_OLD_FFMPEG=1        -I/home/inrack/src/pjsip-build/pjproject-2.17/pjlib/include -I/home/inrack/src/pjsip-build/pjproject-2.17/pjlib-util/include -I/home/inrack/src/pjsip-build/pjproject-2.17/pjnath/include -I/home/inrack/src/pjsip-build/pjproject-2.17/pjmedia/include -I/home/inrack/src/pjsip-build/pjproject-2.17/pjsip/include   -DPJMEDIA_USE_OLD_FFMPEG=1         -DPJMEDIA_USE_OLD_FFMPEG=1       " SAMPLE_CXXFLAGS="-fPIC -DPJ_AUTOCONF=1 -fPIC -DPJ_IS_BIG_ENDIAN=0 -DPJ_IS_LITTLE_ENDIAN=1  -DPJMEDIA_USE_OLD_FFMPEG=1         -DPJMEDIA_USE_OLD_FFMPEG=1        -I/home/inrack/src/pjsip-build/pjproject-2.17/pjlib/include -I/home/inrack/src/pjsip-build/pjproject-2.17/pjlib-util/include -I/home/inrack/src/pjsip-build/pjproject-2.17/pjnath/include -I/home/inrack/src/pjsip-build/pjproject-2.17/pjmedia/include -I/home/inrack/src/pjsip-build/pjproject-2.17/pjsip/include   -DPJMEDIA_USE_OLD_FFMPEG=1         -DPJMEDIA_USE_OLD_FFMPEG=1       " SAMPLE_LDFLAGS="-L/home/inrack/src/pjsip-build/pjproject-2.17/pjlib/lib -L/home/inrack/src/pjsip-build/pjproject-2.17/pjlib-util/lib -L/home/inrack/src/pjsip-build/pjproject-2.17/pjnath/lib -L/home/inrack/src/pjsip-build/pjproject-2.17/pjmedia/lib -L/home/inrack/src/pjsip-build/pjproject-2.17/pjsip/lib -L/home/inrack/src/pjsip-build/pjproject-2.17/third_party/lib              -lpjsua-x86_64-pc-linux-gnu -lpjsip-ua-x86_64-pc-linux-gnu -lpjsip-simple-x86_64-pc-linux-gnu -lpjsip-x86_64-pc-linux-gnu -lpjmedia-codec-x86_64-pc-linux-gnu -lpjmedia-videodev-x86_64-pc-linux-gnu -lpjmedia-audiodev-x86_64-pc-linux-gnu -lpjmedia-x86_64-pc-linux-gnu -lpjnath-x86_64-pc-linux-gnu -lpjlib-util-x86_64-pc-linux-gnu -lsrtp-x86_64-pc-linux-gnu -lresample-x86_64-pc-linux-gnu -lgsmcodec-x86_64-pc-linux-gnu -lspeex-x86_64-pc-linux-gnu -lilbccodec-x86_64-pc-linux-gnu -lg7221codec-x86_64-pc-linux-gnu -lyuv-x86_64-pc-linux-gnu -lwebrtc-x86_64-pc-linux-gnu  -lpj-x86_64-pc-linux-gnu -lssl -lcrypto -luuid -lm -lrt -lpthread    " SAMPLE_EXE=stateless_proxy APP=SAMPLE app=sample ../bin/samples/x86_64-pc-linux-gnu/stateless_proxy
gcc -DPJ_AUTOCONF=1 -fPIC -DPJ_IS_BIG_ENDIAN=0 -DPJ_IS_LITTLE_ENDIAN=1  -DPJMEDIA_USE_OLD_FFMPEG=1         -DPJMEDIA_USE_OLD_FFMPEG=1        -I/home/inrack/src/pjsip-build/pjproject-2.17/pjlib/include -I/home/inrack/src/pjsip-build/pjproject-2.17/pjlib-util/include -I/home/inrack/src/pjsip-build/pjproject-2.17/pjnath/include -I/home/inrack/src/pjsip-build/pjproject-2.17/pjmedia/include -I/home/inrack/src/pjsip-build/pjproject-2.17/pjsip/include   -DPJMEDIA_USE_OLD_FFMPEG=1         -DPJMEDIA_USE_OLD_FFMPEG=1        \
	-c -o output/sample-x86_64-pc-linux-gnu/stateless_proxy.o \
	../src/samples/stateless_proxy.c 
if test ! -d ../bin/samples/x86_64-pc-linux-gnu; then mkdir -p ../bin/samples/x86_64-pc-linux-gnu; fi
g++ -o ../bin/samples/x86_64-pc-linux-gnu/simpleua \
     output/sample-x86_64-pc-linux-gnu/simpleua.o -L/home/inrack/src/pjsip-build/pjproject-2.17/pjlib/lib -L/home/inrack/src/pjsip-build/pjproject-2.17/pjlib-util/lib -L/home/inrack/src/pjsip-build/pjproject-2.17/pjnath/lib -L/home/inrack/src/pjsip-build/pjproject-2.17/pjmedia/lib -L/home/inrack/src/pjsip-build/pjproject-2.17/pjsip/lib -L/home/inrack/src/pjsip-build/pjproject-2.17/third_party/lib              -lpjsua-x86_64-pc-linux-gnu -lpjsip-ua-x86_64-pc-linux-gnu -lpjsip-simple-x86_64-pc-linux-gnu -lpjsip-x86_64-pc-linux-gnu -lpjmedia-codec-x86_64-pc-linux-gnu -lpjmedia-videodev-x86_64-pc-linux-gnu -lpjmedia-audiodev-x86_64-pc-linux-gnu -lpjmedia-x86_64-pc-linux-gnu -lpjnath-x86_64-pc-linux-gnu -lpjlib-util-x86_64-pc-linux-gnu -lsrtp-x86_64-pc-linux-gnu -lresample-x86_64-pc-linux-gnu -lgsmcodec-x86_64-pc-linux-gnu -lspeex-x86_64-pc-linux-gnu -lilbccodec-x86_64-pc-linux-gnu -lg7221codec-x86_64-pc-linux-gnu -lyuv-x86_64-pc-linux-gnu -lwebrtc-x86_64-pc-linux-gnu  -lpj-x86_64-pc-linux-gnu -lssl -lcrypto -luuid -lm -lrt -lpthread    
if test ! -d ../bin/samples/x86_64-pc-linux-gnu; then mkdir -p ../bin/samples/x86_64-pc-linux-gnu; fi
g++ -o ../bin/samples/x86_64-pc-linux-gnu/sipstateless \
     output/sample-x86_64-pc-linux-gnu/sipstateless.o -L/home/inrack/src/pjsip-build/pjproject-2.17/pjlib/lib -L/home/inrack/src/pjsip-build/pjproject-2.17/pjlib-util/lib -L/home/inrack/src/pjsip-build/pjproject-2.17/pjnath/lib -L/home/inrack/src/pjsip-build/pjproject-2.17/pjmedia/lib -L/home/inrack/src/pjsip-build/pjproject-2.17/pjsip/lib -L/home/inrack/src/pjsip-build/pjproject-2.17/third_party/lib              -lpjsua-x86_64-pc-linux-gnu -lpjsip-ua-x86_64-pc-linux-gnu -lpjsip-simple-x86_64-pc-linux-gnu -lpjsip-x86_64-pc-linux-gnu -lpjmedia-codec-x86_64-pc-linux-gnu -lpjmedia-videodev-x86_64-pc-linux-gnu -lpjmedia-audiodev-x86_64-pc-linux-gnu -lpjmedia-x86_64-pc-linux-gnu -lpjnath-x86_64-pc-linux-gnu -lpjlib-util-x86_64-pc-linux-gnu -lsrtp-x86_64-pc-linux-gnu -lresample-x86_64-pc-linux-gnu -lgsmcodec-x86_64-pc-linux-gnu -lspeex-x86_64-pc-linux-gnu -lilbccodec-x86_64-pc-linux-gnu -lg7221codec-x86_64-pc-linux-gnu -lyuv-x86_64-pc-linux-gnu -lwebrtc-x86_64-pc-linux-gnu  -lpj-x86_64-pc-linux-gnu -lssl -lcrypto -luuid -lm -lrt -lpthread    
if test ! -d ../bin/samples/x86_64-pc-linux-gnu; then mkdir -p ../bin/samples/x86_64-pc-linux-gnu; fi
g++ -o ../bin/samples/x86_64-pc-linux-gnu/sipecho \
     output/sample-x86_64-pc-linux-gnu/sipecho.o -L/home/inrack/src/pjsip-build/pjproject-2.17/pjlib/lib -L/home/inrack/src/pjsip-build/pjproject-2.17/pjlib-util/lib -L/home/inrack/src/pjsip-build/pjproject-2.17/pjnath/lib -L/home/inrack/src/pjsip-build/pjproject-2.17/pjmedia/lib -L/home/inrack/src/pjsip-build/pjproject-2.17/pjsip/lib -L/home/inrack/src/pjsip-build/pjproject-2.17/third_party/lib              -lpjsua-x86_64-pc-linux-gnu -lpjsip-ua-x86_64-pc-linux-gnu -lpjsip-simple-x86_64-pc-linux-gnu -lpjsip-x86_64-pc-linux-gnu -lpjmedia-codec-x86_64-pc-linux-gnu -lpjmedia-videodev-x86_64-pc-linux-gnu -lpjmedia-audiodev-x86_64-pc-linux-gnu -lpjmedia-x86_64-pc-linux-gnu -lpjnath-x86_64-pc-linux-gnu -lpjlib-util-x86_64-pc-linux-gnu -lsrtp-x86_64-pc-linux-gnu -lresample-x86_64-pc-linux-gnu -lgsmcodec-x86_64-pc-linux-gnu -lspeex-x86_64-pc-linux-gnu -lilbccodec-x86_64-pc-linux-gnu -lg7221codec-x86_64-pc-linux-gnu -lyuv-x86_64-pc-linux-gnu -lwebrtc-x86_64-pc-linux-gnu  -lpj-x86_64-pc-linux-gnu -lssl -lcrypto -luuid -lm -lrt -lpthread    
if test ! -d ../bin/samples/x86_64-pc-linux-gnu; then mkdir -p ../bin/samples/x86_64-pc-linux-gnu; fi
g++ -o ../bin/samples/x86_64-pc-linux-gnu/stateless_proxy \
     output/sample-x86_64-pc-linux-gnu/stateless_proxy.o -L/home/inrack/src/pjsip-build/pjproject-2.17/pjlib/lib -L/home/inrack/src/pjsip-build/pjproject-2.17/pjlib-util/lib -L/home/inrack/src/pjsip-build/pjproject-2.17/pjnath/lib -L/home/inrack/src/pjsip-build/pjproject-2.17/pjmedia/lib -L/home/inrack/src/pjsip-build/pjproject-2.17/pjsip/lib -L/home/inrack/src/pjsip-build/pjproject-2.17/third_party/lib              -lpjsua-x86_64-pc-linux-gnu -lpjsip-ua-x86_64-pc-linux-gnu -lpjsip-simple-x86_64-pc-linux-gnu -lpjsip-x86_64-pc-linux-gnu -lpjmedia-codec-x86_64-pc-linux-gnu -lpjmedia-videodev-x86_64-pc-linux-gnu -lpjmedia-audiodev-x86_64-pc-linux-gnu -lpjmedia-x86_64-pc-linux-gnu -lpjnath-x86_64-pc-linux-gnu -lpjlib-util-x86_64-pc-linux-gnu -lsrtp-x86_64-pc-linux-gnu -lresample-x86_64-pc-linux-gnu -lgsmcodec-x86_64-pc-linux-gnu -lspeex-x86_64-pc-linux-gnu -lilbccodec-x86_64-pc-linux-gnu -lg7221codec-x86_64-pc-linux-gnu -lyuv-x86_64-pc-linux-gnu -lwebrtc-x86_64-pc-linux-gnu  -lpj-x86_64-pc-linux-gnu -lssl -lcrypto -luuid -lm -lrt -lpthread    
if test ! -d ../bin/samples/x86_64-pc-linux-gnu; then mkdir -p ../bin/samples/x86_64-pc-linux-gnu; fi
g++ -o ../bin/samples/x86_64-pc-linux-gnu/stateful_proxy \
     output/sample-x86_64-pc-linux-gnu/stateful_proxy.o -L/home/inrack/src/pjsip-build/pjproject-2.17/pjlib/lib -L/home/inrack/src/pjsip-build/pjproject-2.17/pjlib-util/lib -L/home/inrack/src/pjsip-build/pjproject-2.17/pjnath/lib -L/home/inrack/src/pjsip-build/pjproject-2.17/pjmedia/lib -L/home/inrack/src/pjsip-build/pjproject-2.17/pjsip/lib -L/home/inrack/src/pjsip-build/pjproject-2.17/third_party/lib              -lpjsua-x86_64-pc-linux-gnu -lpjsip-ua-x86_64-pc-linux-gnu -lpjsip-simple-x86_64-pc-linux-gnu -lpjsip-x86_64-pc-linux-gnu -lpjmedia-codec-x86_64-pc-linux-gnu -lpjmedia-videodev-x86_64-pc-linux-gnu -lpjmedia-audiodev-x86_64-pc-linux-gnu -lpjmedia-x86_64-pc-linux-gnu -lpjnath-x86_64-pc-linux-gnu -lpjlib-util-x86_64-pc-linux-gnu -lsrtp-x86_64-pc-linux-gnu -lresample-x86_64-pc-linux-gnu -lgsmcodec-x86_64-pc-linux-gnu -lspeex-x86_64-pc-linux-gnu -lilbccodec-x86_64-pc-linux-gnu -lg7221codec-x86_64-pc-linux-gnu -lyuv-x86_64-pc-linux-gnu -lwebrtc-x86_64-pc-linux-gnu  -lpj-x86_64-pc-linux-gnu -lssl -lcrypto -luuid -lm -lrt -lpthread    
make --no-print-directory -f /home/inrack/src/pjsip-build/pjproject-2.17/build/rules.mak SAMPLE_SRCDIR=../src/samples SAMPLE_OBJS=stereotest.o SAMPLE_CFLAGS="-DPJ_AUTOCONF=1 -fPIC -DPJ_IS_BIG_ENDIAN=0 -DPJ_IS_LITTLE_ENDIAN=1  -DPJMEDIA_USE_OLD_FFMPEG=1         -DPJMEDIA_USE_OLD_FFMPEG=1        -I/home/inrack/src/pjsip-build/pjproject-2.17/pjlib/include -I/home/inrack/src/pjsip-build/pjproject-2.17/pjlib-util/include -I/home/inrack/src/pjsip-build/pjproject-2.17/pjnath/include -I/home/inrack/src/pjsip-build/pjproject-2.17/pjmedia/include -I/home/inrack/src/pjsip-build/pjproject-2.17/pjsip/include   -DPJMEDIA_USE_OLD_FFMPEG=1         -DPJMEDIA_USE_OLD_FFMPEG=1       " SAMPLE_CXXFLAGS="-fPIC -DPJ_AUTOCONF=1 -fPIC -DPJ_IS_BIG_ENDIAN=0 -DPJ_IS_LITTLE_ENDIAN=1  -DPJMEDIA_USE_OLD_FFMPEG=1         -DPJMEDIA_USE_OLD_FFMPEG=1        -I/home/inrack/src/pjsip-build/pjproject-2.17/pjlib/include -I/home/inrack/src/pjsip-build/pjproject-2.17/pjlib-util/include -I/home/inrack/src/pjsip-build/pjproject-2.17/pjnath/include -I/home/inrack/src/pjsip-build/pjproject-2.17/pjmedia/include -I/home/inrack/src/pjsip-build/pjproject-2.17/pjsip/include   -DPJMEDIA_USE_OLD_FFMPEG=1         -DPJMEDIA_USE_OLD_FFMPEG=1       " SAMPLE_LDFLAGS="-L/home/inrack/src/pjsip-build/pjproject-2.17/pjlib/lib -L/home/inrack/src/pjsip-build/pjproject-2.17/pjlib-util/lib -L/home/inrack/src/pjsip-build/pjproject-2.17/pjnath/lib -L/home/inrack/src/pjsip-build/pjproject-2.17/pjmedia/lib -L/home/inrack/src/pjsip-build/pjproject-2.17/pjsip/lib -L/home/inrack/src/pjsip-build/pjproject-2.17/third_party/lib              -lpjsua-x86_64-pc-linux-gnu -lpjsip-ua-x86_64-pc-linux-gnu -lpjsip-simple-x86_64-pc-linux-gnu -lpjsip-x86_64-pc-linux-gnu -lpjmedia-codec-x86_64-pc-linux-gnu -lpjmedia-videodev-x86_64-pc-linux-gnu -lpjmedia-audiodev-x86_64-pc-linux-gnu -lpjmedia-x86_64-pc-linux-gnu -lpjnath-x86_64-pc-linux-gnu -lpjlib-util-x86_64-pc-linux-gnu -lsrtp-x86_64-pc-linux-gnu -lresample-x86_64-pc-linux-gnu -lgsmcodec-x86_64-pc-linux-gnu -lspeex-x86_64-pc-linux-gnu -lilbccodec-x86_64-pc-linux-gnu -lg7221codec-x86_64-pc-linux-gnu -lyuv-x86_64-pc-linux-gnu -lwebrtc-x86_64-pc-linux-gnu  -lpj-x86_64-pc-linux-gnu -lssl -lcrypto -luuid -lm -lrt -lpthread    " SAMPLE_EXE=stereotest APP=SAMPLE app=sample ../bin/samples/x86_64-pc-linux-gnu/stereotest
gcc -DPJ_AUTOCONF=1 -fPIC -DPJ_IS_BIG_ENDIAN=0 -DPJ_IS_LITTLE_ENDIAN=1  -DPJMEDIA_USE_OLD_FFMPEG=1         -DPJMEDIA_USE_OLD_FFMPEG=1        -I/home/inrack/src/pjsip-build/pjproject-2.17/pjlib/include -I/home/inrack/src/pjsip-build/pjproject-2.17/pjlib-util/include -I/home/inrack/src/pjsip-build/pjproject-2.17/pjnath/include -I/home/inrack/src/pjsip-build/pjproject-2.17/pjmedia/include -I/home/inrack/src/pjsip-build/pjproject-2.17/pjsip/include   -DPJMEDIA_USE_OLD_FFMPEG=1         -DPJMEDIA_USE_OLD_FFMPEG=1        \
	-c -o output/sample-x86_64-pc-linux-gnu/stereotest.o \
	../src/samples/stereotest.c 
make --no-print-directory -f /home/inrack/src/pjsip-build/pjproject-2.17/build/rules.mak SAMPLE_SRCDIR=../src/samples SAMPLE_OBJS=streamutil.o SAMPLE_CFLAGS="-DPJ_AUTOCONF=1 -fPIC -DPJ_IS_BIG_ENDIAN=0 -DPJ_IS_LITTLE_ENDIAN=1  -DPJMEDIA_USE_OLD_FFMPEG=1         -DPJMEDIA_USE_OLD_FFMPEG=1        -I/home/inrack/src/pjsip-build/pjproject-2.17/pjlib/include -I/home/inrack/src/pjsip-build/pjproject-2.17/pjlib-util/include -I/home/inrack/src/pjsip-build/pjproject-2.17/pjnath/include -I/home/inrack/src/pjsip-build/pjproject-2.17/pjmedia/include -I/home/inrack/src/pjsip-build/pjproject-2.17/pjsip/include   -DPJMEDIA_USE_OLD_FFMPEG=1         -DPJMEDIA_USE_OLD_FFMPEG=1       " SAMPLE_CXXFLAGS="-fPIC -DPJ_AUTOCONF=1 -fPIC -DPJ_IS_BIG_ENDIAN=0 -DPJ_IS_LITTLE_ENDIAN=1  -DPJMEDIA_USE_OLD_FFMPEG=1         -DPJMEDIA_USE_OLD_FFMPEG=1        -I/home/inrack/src/pjsip-build/pjproject-2.17/pjlib/include -I/home/inrack/src/pjsip-build/pjproject-2.17/pjlib-util/include -I/home/inrack/src/pjsip-build/pjproject-2.17/pjnath/include -I/home/inrack/src/pjsip-build/pjproject-2.17/pjmedia/include -I/home/inrack/src/pjsip-build/pjproject-2.17/pjsip/include   -DPJMEDIA_USE_OLD_FFMPEG=1         -DPJMEDIA_USE_OLD_FFMPEG=1       " SAMPLE_LDFLAGS="-L/home/inrack/src/pjsip-build/pjproject-2.17/pjlib/lib -L/home/inrack/src/pjsip-build/pjproject-2.17/pjlib-util/lib -L/home/inrack/src/pjsip-build/pjproject-2.17/pjnath/lib -L/home/inrack/src/pjsip-build/pjproject-2.17/pjmedia/lib -L/home/inrack/src/pjsip-build/pjproject-2.17/pjsip/lib -L/home/inrack/src/pjsip-build/pjproject-2.17/third_party/lib              -lpjsua-x86_64-pc-linux-gnu -lpjsip-ua-x86_64-pc-linux-gnu -lpjsip-simple-x86_64-pc-linux-gnu -lpjsip-x86_64-pc-linux-gnu -lpjmedia-codec-x86_64-pc-linux-gnu -lpjmedia-videodev-x86_64-pc-linux-gnu -lpjmedia-audiodev-x86_64-pc-linux-gnu -lpjmedia-x86_64-pc-linux-gnu -lpjnath-x86_64-pc-linux-gnu -lpjlib-util-x86_64-pc-linux-gnu -lsrtp-x86_64-pc-linux-gnu -lresample-x86_64-pc-linux-gnu -lgsmcodec-x86_64-pc-linux-gnu -lspeex-x86_64-pc-linux-gnu -lilbccodec-x86_64-pc-linux-gnu -lg7221codec-x86_64-pc-linux-gnu -lyuv-x86_64-pc-linux-gnu -lwebrtc-x86_64-pc-linux-gnu  -lpj-x86_64-pc-linux-gnu -lssl -lcrypto -luuid -lm -lrt -lpthread    " SAMPLE_EXE=streamutil APP=SAMPLE app=sample ../bin/samples/x86_64-pc-linux-gnu/streamutil
gcc -DPJ_AUTOCONF=1 -fPIC -DPJ_IS_BIG_ENDIAN=0 -DPJ_IS_LITTLE_ENDIAN=1  -DPJMEDIA_USE_OLD_FFMPEG=1         -DPJMEDIA_USE_OLD_FFMPEG=1        -I/home/inrack/src/pjsip-build/pjproject-2.17/pjlib/include -I/home/inrack/src/pjsip-build/pjproject-2.17/pjlib-util/include -I/home/inrack/src/pjsip-build/pjproject-2.17/pjnath/include -I/home/inrack/src/pjsip-build/pjproject-2.17/pjmedia/include -I/home/inrack/src/pjsip-build/pjproject-2.17/pjsip/include   -DPJMEDIA_USE_OLD_FFMPEG=1         -DPJMEDIA_USE_OLD_FFMPEG=1        \
	-c -o output/sample-x86_64-pc-linux-gnu/streamutil.o \
	../src/samples/streamutil.c 
if test ! -d ../bin/samples/x86_64-pc-linux-gnu; then mkdir -p ../bin/samples/x86_64-pc-linux-gnu; fi
make --no-print-directory -f /home/inrack/src/pjsip-build/pjproject-2.17/build/rules.mak SAMPLE_SRCDIR=../src/samples SAMPLE_OBJS=strerror.o SAMPLE_CFLAGS="-DPJ_AUTOCONF=1 -fPIC -DPJ_IS_BIG_ENDIAN=0 -DPJ_IS_LITTLE_ENDIAN=1  -DPJMEDIA_USE_OLD_FFMPEG=1         -DPJMEDIA_USE_OLD_FFMPEG=1        -I/home/inrack/src/pjsip-build/pjproject-2.17/pjlib/include -I/home/inrack/src/pjsip-build/pjproject-2.17/pjlib-util/include -I/home/inrack/src/pjsip-build/pjproject-2.17/pjnath/include -I/home/inrack/src/pjsip-build/pjproject-2.17/pjmedia/include -I/home/inrack/src/pjsip-build/pjproject-2.17/pjsip/include   -DPJMEDIA_USE_OLD_FFMPEG=1         -DPJMEDIA_USE_OLD_FFMPEG=1       " SAMPLE_CXXFLAGS="-fPIC -DPJ_AUTOCONF=1 -fPIC -DPJ_IS_BIG_ENDIAN=0 -DPJ_IS_LITTLE_ENDIAN=1  -DPJMEDIA_USE_OLD_FFMPEG=1         -DPJMEDIA_USE_OLD_FFMPEG=1        -I/home/inrack/src/pjsip-build/pjproject-2.17/pjlib/include -I/home/inrack/src/pjsip-build/pjproject-2.17/pjlib-util/include -I/home/inrack/src/pjsip-build/pjproject-2.17/pjnath/include -I/home/inrack/src/pjsip-build/pjproject-2.17/pjmedia/include -I/home/inrack/src/pjsip-build/pjproject-2.17/pjsip/include   -DPJMEDIA_USE_OLD_FFMPEG=1         -DPJMEDIA_USE_OLD_FFMPEG=1       " SAMPLE_LDFLAGS="-L/home/inrack/src/pjsip-build/pjproject-2.17/pjlib/lib -L/home/inrack/src/pjsip-build/pjproject-2.17/pjlib-util/lib -L/home/inrack/src/pjsip-build/pjproject-2.17/pjnath/lib -L/home/inrack/src/pjsip-build/pjproject-2.17/pjmedia/lib -L/home/inrack/src/pjsip-build/pjproject-2.17/pjsip/lib -L/home/inrack/src/pjsip-build/pjproject-2.17/third_party/lib              -lpjsua-x86_64-pc-linux-gnu -lpjsip-ua-x86_64-pc-linux-gnu -lpjsip-simple-x86_64-pc-linux-gnu -lpjsip-x86_64-pc-linux-gnu -lpjmedia-codec-x86_64-pc-linux-gnu -lpjmedia-videodev-x86_64-pc-linux-gnu -lpjmedia-audiodev-x86_64-pc-linux-gnu -lpjmedia-x86_64-pc-linux-gnu -lpjnath-x86_64-pc-linux-gnu -lpjlib-util-x86_64-pc-linux-gnu -lsrtp-x86_64-pc-linux-gnu -lresample-x86_64-pc-linux-gnu -lgsmcodec-x86_64-pc-linux-gnu -lspeex-x86_64-pc-linux-gnu -lilbccodec-x86_64-pc-linux-gnu -lg7221codec-x86_64-pc-linux-gnu -lyuv-x86_64-pc-linux-gnu -lwebrtc-x86_64-pc-linux-gnu  -lpj-x86_64-pc-linux-gnu -lssl -lcrypto -luuid -lm -lrt -lpthread    " SAMPLE_EXE=strerror APP=SAMPLE app=sample ../bin/samples/x86_64-pc-linux-gnu/strerror
make[2]: Leaving directory '/home/inrack/src/pjsip-build/pjproject-2.17/pjsip-apps/build'
g++ -o ../bin/samples/x86_64-pc-linux-gnu/siprtp \
     output/sample-x86_64-pc-linux-gnu/siprtp.o -L/home/inrack/src/pjsip-build/pjproject-2.17/pjlib/lib -L/home/inrack/src/pjsip-build/pjproject-2.17/pjlib-util/lib -L/home/inrack/src/pjsip-build/pjproject-2.17/pjnath/lib -L/home/inrack/src/pjsip-build/pjproject-2.17/pjmedia/lib -L/home/inrack/src/pjsip-build/pjproject-2.17/pjsip/lib -L/home/inrack/src/pjsip-build/pjproject-2.17/third_party/lib              -lpjsua-x86_64-pc-linux-gnu -lpjsip-ua-x86_64-pc-linux-gnu -lpjsip-simple-x86_64-pc-linux-gnu -lpjsip-x86_64-pc-linux-gnu -lpjmedia-codec-x86_64-pc-linux-gnu -lpjmedia-videodev-x86_64-pc-linux-gnu -lpjmedia-audiodev-x86_64-pc-linux-gnu -lpjmedia-x86_64-pc-linux-gnu -lpjnath-x86_64-pc-linux-gnu -lpjlib-util-x86_64-pc-linux-gnu -lsrtp-x86_64-pc-linux-gnu -lresample-x86_64-pc-linux-gnu -lgsmcodec-x86_64-pc-linux-gnu -lspeex-x86_64-pc-linux-gnu -lilbccodec-x86_64-pc-linux-gnu -lg7221codec-x86_64-pc-linux-gnu -lyuv-x86_64-pc-linux-gnu -lwebrtc-x86_64-pc-linux-gnu  -lpj-x86_64-pc-linux-gnu -lssl -lcrypto -luuid -lm -lrt -lpthread    
make --no-print-directory -f /home/inrack/src/pjsip-build/pjproject-2.17/build/rules.mak SAMPLE_SRCDIR=../src/samples SAMPLE_OBJS=tonegen.o SAMPLE_CFLAGS="-DPJ_AUTOCONF=1 -fPIC -DPJ_IS_BIG_ENDIAN=0 -DPJ_IS_LITTLE_ENDIAN=1  -DPJMEDIA_USE_OLD_FFMPEG=1         -DPJMEDIA_USE_OLD_FFMPEG=1        -I/home/inrack/src/pjsip-build/pjproject-2.17/pjlib/include -I/home/inrack/src/pjsip-build/pjproject-2.17/pjlib-util/include -I/home/inrack/src/pjsip-build/pjproject-2.17/pjnath/include -I/home/inrack/src/pjsip-build/pjproject-2.17/pjmedia/include -I/home/inrack/src/pjsip-build/pjproject-2.17/pjsip/include   -DPJMEDIA_USE_OLD_FFMPEG=1         -DPJMEDIA_USE_OLD_FFMPEG=1       " SAMPLE_CXXFLAGS="-fPIC -DPJ_AUTOCONF=1 -fPIC -DPJ_IS_BIG_ENDIAN=0 -DPJ_IS_LITTLE_ENDIAN=1  -DPJMEDIA_USE_OLD_FFMPEG=1         -DPJMEDIA_USE_OLD_FFMPEG=1        -I/home/inrack/src/pjsip-build/pjproject-2.17/pjlib/include -I/home/inrack/src/pjsip-build/pjproject-2.17/pjlib-util/include -I/home/inrack/src/pjsip-build/pjproject-2.17/pjnath/include -I/home/inrack/src/pjsip-build/pjproject-2.17/pjmedia/include -I/home/inrack/src/pjsip-build/pjproject-2.17/pjsip/include   -DPJMEDIA_USE_OLD_FFMPEG=1         -DPJMEDIA_USE_OLD_FFMPEG=1       " SAMPLE_LDFLAGS="-L/home/inrack/src/pjsip-build/pjproject-2.17/pjlib/lib -L/home/inrack/src/pjsip-build/pjproject-2.17/pjlib-util/lib -L/home/inrack/src/pjsip-build/pjproject-2.17/pjnath/lib -L/home/inrack/src/pjsip-build/pjproject-2.17/pjmedia/lib -L/home/inrack/src/pjsip-build/pjproject-2.17/pjsip/lib -L/home/inrack/src/pjsip-build/pjproject-2.17/third_party/lib              -lpjsua-x86_64-pc-linux-gnu -lpjsip-ua-x86_64-pc-linux-gnu -lpjsip-simple-x86_64-pc-linux-gnu -lpjsip-x86_64-pc-linux-gnu -lpjmedia-codec-x86_64-pc-linux-gnu -lpjmedia-videodev-x86_64-pc-linux-gnu -lpjmedia-audiodev-x86_64-pc-linux-gnu -lpjmedia-x86_64-pc-linux-gnu -lpjnath-x86_64-pc-linux-gnu -lpjlib-util-x86_64-pc-linux-gnu -lsrtp-x86_64-pc-linux-gnu -lresample-x86_64-pc-linux-gnu -lgsmcodec-x86_64-pc-linux-gnu -lspeex-x86_64-pc-linux-gnu -lilbccodec-x86_64-pc-linux-gnu -lg7221codec-x86_64-pc-linux-gnu -lyuv-x86_64-pc-linux-gnu -lwebrtc-x86_64-pc-linux-gnu  -lpj-x86_64-pc-linux-gnu -lssl -lcrypto -luuid -lm -lrt -lpthread    " SAMPLE_EXE=tonegen APP=SAMPLE app=sample ../bin/samples/x86_64-pc-linux-gnu/tonegen
make --no-print-directory -f /home/inrack/src/pjsip-build/pjproject-2.17/build/rules.mak SAMPLE_SRCDIR=../src/samples SAMPLE_OBJS=vaddemo.o SAMPLE_CFLAGS="-DPJ_AUTOCONF=1 -fPIC -DPJ_IS_BIG_ENDIAN=0 -DPJ_IS_LITTLE_ENDIAN=1  -DPJMEDIA_USE_OLD_FFMPEG=1         -DPJMEDIA_USE_OLD_FFMPEG=1        -I/home/inrack/src/pjsip-build/pjproject-2.17/pjlib/include -I/home/inrack/src/pjsip-build/pjproject-2.17/pjlib-util/include -I/home/inrack/src/pjsip-build/pjproject-2.17/pjnath/include -I/home/inrack/src/pjsip-build/pjproject-2.17/pjmedia/include -I/home/inrack/src/pjsip-build/pjproject-2.17/pjsip/include   -DPJMEDIA_USE_OLD_FFMPEG=1         -DPJMEDIA_USE_OLD_FFMPEG=1       " SAMPLE_CXXFLAGS="-fPIC -DPJ_AUTOCONF=1 -fPIC -DPJ_IS_BIG_ENDIAN=0 -DPJ_IS_LITTLE_ENDIAN=1  -DPJMEDIA_USE_OLD_FFMPEG=1         -DPJMEDIA_USE_OLD_FFMPEG=1        -I/home/inrack/src/pjsip-build/pjproject-2.17/pjlib/include -I/home/inrack/src/pjsip-build/pjproject-2.17/pjlib-util/include -I/home/inrack/src/pjsip-build/pjproject-2.17/pjnath/include -I/home/inrack/src/pjsip-build/pjproject-2.17/pjmedia/include -I/home/inrack/src/pjsip-build/pjproject-2.17/pjsip/include   -DPJMEDIA_USE_OLD_FFMPEG=1         -DPJMEDIA_USE_OLD_FFMPEG=1       " SAMPLE_LDFLAGS="-L/home/inrack/src/pjsip-build/pjproject-2.17/pjlib/lib -L/home/inrack/src/pjsip-build/pjproject-2.17/pjlib-util/lib -L/home/inrack/src/pjsip-build/pjproject-2.17/pjnath/lib -L/home/inrack/src/pjsip-build/pjproject-2.17/pjmedia/lib -L/home/inrack/src/pjsip-build/pjproject-2.17/pjsip/lib -L/home/inrack/src/pjsip-build/pjproject-2.17/third_party/lib              -lpjsua-x86_64-pc-linux-gnu -lpjsip-ua-x86_64-pc-linux-gnu -lpjsip-simple-x86_64-pc-linux-gnu -lpjsip-x86_64-pc-linux-gnu -lpjmedia-codec-x86_64-pc-linux-gnu -lpjmedia-videodev-x86_64-pc-linux-gnu -lpjmedia-audiodev-x86_64-pc-linux-gnu -lpjmedia-x86_64-pc-linux-gnu -lpjnath-x86_64-pc-linux-gnu -lpjlib-util-x86_64-pc-linux-gnu -lsrtp-x86_64-pc-linux-gnu -lresample-x86_64-pc-linux-gnu -lgsmcodec-x86_64-pc-linux-gnu -lspeex-x86_64-pc-linux-gnu -lilbccodec-x86_64-pc-linux-gnu -lg7221codec-x86_64-pc-linux-gnu -lyuv-x86_64-pc-linux-gnu -lwebrtc-x86_64-pc-linux-gnu  -lpj-x86_64-pc-linux-gnu -lssl -lcrypto -luuid -lm -lrt -lpthread    " SAMPLE_EXE=vaddemo APP=SAMPLE app=sample ../bin/samples/x86_64-pc-linux-gnu/vaddemo
gcc -DPJ_AUTOCONF=1 -fPIC -DPJ_IS_BIG_ENDIAN=0 -DPJ_IS_LITTLE_ENDIAN=1  -DPJMEDIA_USE_OLD_FFMPEG=1         -DPJMEDIA_USE_OLD_FFMPEG=1        -I/home/inrack/src/pjsip-build/pjproject-2.17/pjlib/include -I/home/inrack/src/pjsip-build/pjproject-2.17/pjlib-util/include -I/home/inrack/src/pjsip-build/pjproject-2.17/pjnath/include -I/home/inrack/src/pjsip-build/pjproject-2.17/pjmedia/include -I/home/inrack/src/pjsip-build/pjproject-2.17/pjsip/include   -DPJMEDIA_USE_OLD_FFMPEG=1         -DPJMEDIA_USE_OLD_FFMPEG=1        \
	-c -o output/sample-x86_64-pc-linux-gnu/strerror.o \
	../src/samples/strerror.c 
gcc -DPJ_AUTOCONF=1 -fPIC -DPJ_IS_BIG_ENDIAN=0 -DPJ_IS_LITTLE_ENDIAN=1  -DPJMEDIA_USE_OLD_FFMPEG=1         -DPJMEDIA_USE_OLD_FFMPEG=1        -I/home/inrack/src/pjsip-build/pjproject-2.17/pjlib/include -I/home/inrack/src/pjsip-build/pjproject-2.17/pjlib-util/include -I/home/inrack/src/pjsip-build/pjproject-2.17/pjnath/include -I/home/inrack/src/pjsip-build/pjproject-2.17/pjmedia/include -I/home/inrack/src/pjsip-build/pjproject-2.17/pjsip/include   -DPJMEDIA_USE_OLD_FFMPEG=1         -DPJMEDIA_USE_OLD_FFMPEG=1        \
	-c -o output/sample-x86_64-pc-linux-gnu/tonegen.o \
	../src/samples/tonegen.c 
gcc -DPJ_AUTOCONF=1 -fPIC -DPJ_IS_BIG_ENDIAN=0 -DPJ_IS_LITTLE_ENDIAN=1  -DPJMEDIA_USE_OLD_FFMPEG=1         -DPJMEDIA_USE_OLD_FFMPEG=1        -I/home/inrack/src/pjsip-build/pjproject-2.17/pjlib/include -I/home/inrack/src/pjsip-build/pjproject-2.17/pjlib-util/include -I/home/inrack/src/pjsip-build/pjproject-2.17/pjnath/include -I/home/inrack/src/pjsip-build/pjproject-2.17/pjmedia/include -I/home/inrack/src/pjsip-build/pjproject-2.17/pjsip/include   -DPJMEDIA_USE_OLD_FFMPEG=1         -DPJMEDIA_USE_OLD_FFMPEG=1        \
	-c -o output/sample-x86_64-pc-linux-gnu/vaddemo.o \
	../src/samples/vaddemo.c 
make --no-print-directory -f /home/inrack/src/pjsip-build/pjproject-2.17/build/rules.mak SAMPLE_SRCDIR=../src/samples SAMPLE_OBJS=vid_codec_test.o SAMPLE_CFLAGS="-DPJ_AUTOCONF=1 -fPIC -DPJ_IS_BIG_ENDIAN=0 -DPJ_IS_LITTLE_ENDIAN=1  -DPJMEDIA_USE_OLD_FFMPEG=1         -DPJMEDIA_USE_OLD_FFMPEG=1        -I/home/inrack/src/pjsip-build/pjproject-2.17/pjlib/include -I/home/inrack/src/pjsip-build/pjproject-2.17/pjlib-util/include -I/home/inrack/src/pjsip-build/pjproject-2.17/pjnath/include -I/home/inrack/src/pjsip-build/pjproject-2.17/pjmedia/include -I/home/inrack/src/pjsip-build/pjproject-2.17/pjsip/include   -DPJMEDIA_USE_OLD_FFMPEG=1         -DPJMEDIA_USE_OLD_FFMPEG=1       " SAMPLE_CXXFLAGS="-fPIC -DPJ_AUTOCONF=1 -fPIC -DPJ_IS_BIG_ENDIAN=0 -DPJ_IS_LITTLE_ENDIAN=1  -DPJMEDIA_USE_OLD_FFMPEG=1         -DPJMEDIA_USE_OLD_FFMPEG=1        -I/home/inrack/src/pjsip-build/pjproject-2.17/pjlib/include -I/home/inrack/src/pjsip-build/pjproject-2.17/pjlib-util/include -I/home/inrack/src/pjsip-build/pjproject-2.17/pjnath/include -I/home/inrack/src/pjsip-build/pjproject-2.17/pjmedia/include -I/home/inrack/src/pjsip-build/pjproject-2.17/pjsip/include   -DPJMEDIA_USE_OLD_FFMPEG=1         -DPJMEDIA_USE_OLD_FFMPEG=1       " SAMPLE_LDFLAGS="-L/home/inrack/src/pjsip-build/pjproject-2.17/pjlib/lib -L/home/inrack/src/pjsip-build/pjproject-2.17/pjlib-util/lib -L/home/inrack/src/pjsip-build/pjproject-2.17/pjnath/lib -L/home/inrack/src/pjsip-build/pjproject-2.17/pjmedia/lib -L/home/inrack/src/pjsip-build/pjproject-2.17/pjsip/lib -L/home/inrack/src/pjsip-build/pjproject-2.17/third_party/lib              -lpjsua-x86_64-pc-linux-gnu -lpjsip-ua-x86_64-pc-linux-gnu -lpjsip-simple-x86_64-pc-linux-gnu -lpjsip-x86_64-pc-linux-gnu -lpjmedia-codec-x86_64-pc-linux-gnu -lpjmedia-videodev-x86_64-pc-linux-gnu -lpjmedia-audiodev-x86_64-pc-linux-gnu -lpjmedia-x86_64-pc-linux-gnu -lpjnath-x86_64-pc-linux-gnu -lpjlib-util-x86_64-pc-linux-gnu -lsrtp-x86_64-pc-linux-gnu -lresample-x86_64-pc-linux-gnu -lgsmcodec-x86_64-pc-linux-gnu -lspeex-x86_64-pc-linux-gnu -lilbccodec-x86_64-pc-linux-gnu -lg7221codec-x86_64-pc-linux-gnu -lyuv-x86_64-pc-linux-gnu -lwebrtc-x86_64-pc-linux-gnu  -lpj-x86_64-pc-linux-gnu -lssl -lcrypto -luuid -lm -lrt -lpthread    " SAMPLE_EXE=vid_codec_test APP=SAMPLE app=sample ../bin/samples/x86_64-pc-linux-gnu/vid_codec_test
gcc -DPJ_AUTOCONF=1 -fPIC -DPJ_IS_BIG_ENDIAN=0 -DPJ_IS_LITTLE_ENDIAN=1  -DPJMEDIA_USE_OLD_FFMPEG=1         -DPJMEDIA_USE_OLD_FFMPEG=1        -I/home/inrack/src/pjsip-build/pjproject-2.17/pjlib/include -I/home/inrack/src/pjsip-build/pjproject-2.17/pjlib-util/include -I/home/inrack/src/pjsip-build/pjproject-2.17/pjnath/include -I/home/inrack/src/pjsip-build/pjproject-2.17/pjmedia/include -I/home/inrack/src/pjsip-build/pjproject-2.17/pjsip/include   -DPJMEDIA_USE_OLD_FFMPEG=1         -DPJMEDIA_USE_OLD_FFMPEG=1        \
	-c -o output/sample-x86_64-pc-linux-gnu/vid_codec_test.o \
	../src/samples/vid_codec_test.c 
make --no-print-directory -f /home/inrack/src/pjsip-build/pjproject-2.17/build/rules.mak SAMPLE_SRCDIR=../src/samples SAMPLE_OBJS=vid_streamutil.o SAMPLE_CFLAGS="-DPJ_AUTOCONF=1 -fPIC -DPJ_IS_BIG_ENDIAN=0 -DPJ_IS_LITTLE_ENDIAN=1  -DPJMEDIA_USE_OLD_FFMPEG=1         -DPJMEDIA_USE_OLD_FFMPEG=1        -I/home/inrack/src/pjsip-build/pjproject-2.17/pjlib/include -I/home/inrack/src/pjsip-build/pjproject-2.17/pjlib-util/include -I/home/inrack/src/pjsip-build/pjproject-2.17/pjnath/include -I/home/inrack/src/pjsip-build/pjproject-2.17/pjmedia/include -I/home/inrack/src/pjsip-build/pjproject-2.17/pjsip/include   -DPJMEDIA_USE_OLD_FFMPEG=1         -DPJMEDIA_USE_OLD_FFMPEG=1       " SAMPLE_CXXFLAGS="-fPIC -DPJ_AUTOCONF=1 -fPIC -DPJ_IS_BIG_ENDIAN=0 -DPJ_IS_LITTLE_ENDIAN=1  -DPJMEDIA_USE_OLD_FFMPEG=1         -DPJMEDIA_USE_OLD_FFMPEG=1        -I/home/inrack/src/pjsip-build/pjproject-2.17/pjlib/include -I/home/inrack/src/pjsip-build/pjproject-2.17/pjlib-util/include -I/home/inrack/src/pjsip-build/pjproject-2.17/pjnath/include -I/home/inrack/src/pjsip-build/pjproject-2.17/pjmedia/include -I/home/inrack/src/pjsip-build/pjproject-2.17/pjsip/include   -DPJMEDIA_USE_OLD_FFMPEG=1         -DPJMEDIA_USE_OLD_FFMPEG=1       " SAMPLE_LDFLAGS="-L/home/inrack/src/pjsip-build/pjproject-2.17/pjlib/lib -L/home/inrack/src/pjsip-build/pjproject-2.17/pjlib-util/lib -L/home/inrack/src/pjsip-build/pjproject-2.17/pjnath/lib -L/home/inrack/src/pjsip-build/pjproject-2.17/pjmedia/lib -L/home/inrack/src/pjsip-build/pjproject-2.17/pjsip/lib -L/home/inrack/src/pjsip-build/pjproject-2.17/third_party/lib              -lpjsua-x86_64-pc-linux-gnu -lpjsip-ua-x86_64-pc-linux-gnu -lpjsip-simple-x86_64-pc-linux-gnu -lpjsip-x86_64-pc-linux-gnu -lpjmedia-codec-x86_64-pc-linux-gnu -lpjmedia-videodev-x86_64-pc-linux-gnu -lpjmedia-audiodev-x86_64-pc-linux-gnu -lpjmedia-x86_64-pc-linux-gnu -lpjnath-x86_64-pc-linux-gnu -lpjlib-util-x86_64-pc-linux-gnu -lsrtp-x86_64-pc-linux-gnu -lresample-x86_64-pc-linux-gnu -lgsmcodec-x86_64-pc-linux-gnu -lspeex-x86_64-pc-linux-gnu -lilbccodec-x86_64-pc-linux-gnu -lg7221codec-x86_64-pc-linux-gnu -lyuv-x86_64-pc-linux-gnu -lwebrtc-x86_64-pc-linux-gnu  -lpj-x86_64-pc-linux-gnu -lssl -lcrypto -luuid -lm -lrt -lpthread    " SAMPLE_EXE=vid_streamutil APP=SAMPLE app=sample ../bin/samples/x86_64-pc-linux-gnu/vid_streamutil
gcc -DPJ_AUTOCONF=1 -fPIC -DPJ_IS_BIG_ENDIAN=0 -DPJ_IS_LITTLE_ENDIAN=1  -DPJMEDIA_USE_OLD_FFMPEG=1         -DPJMEDIA_USE_OLD_FFMPEG=1        -I/home/inrack/src/pjsip-build/pjproject-2.17/pjlib/include -I/home/inrack/src/pjsip-build/pjproject-2.17/pjlib-util/include -I/home/inrack/src/pjsip-build/pjproject-2.17/pjnath/include -I/home/inrack/src/pjsip-build/pjproject-2.17/pjmedia/include -I/home/inrack/src/pjsip-build/pjproject-2.17/pjsip/include   -DPJMEDIA_USE_OLD_FFMPEG=1         -DPJMEDIA_USE_OLD_FFMPEG=1        \
	-c -o output/sample-x86_64-pc-linux-gnu/vid_streamutil.o \
	../src/samples/vid_streamutil.c 
if test ! -d ../bin/samples/x86_64-pc-linux-gnu; then mkdir -p ../bin/samples/x86_64-pc-linux-gnu; fi
g++ -o ../bin/samples/x86_64-pc-linux-gnu/stereotest \
     output/sample-x86_64-pc-linux-gnu/stereotest.o -L/home/inrack/src/pjsip-build/pjproject-2.17/pjlib/lib -L/home/inrack/src/pjsip-build/pjproject-2.17/pjlib-util/lib -L/home/inrack/src/pjsip-build/pjproject-2.17/pjnath/lib -L/home/inrack/src/pjsip-build/pjproject-2.17/pjmedia/lib -L/home/inrack/src/pjsip-build/pjproject-2.17/pjsip/lib -L/home/inrack/src/pjsip-build/pjproject-2.17/third_party/lib              -lpjsua-x86_64-pc-linux-gnu -lpjsip-ua-x86_64-pc-linux-gnu -lpjsip-simple-x86_64-pc-linux-gnu -lpjsip-x86_64-pc-linux-gnu -lpjmedia-codec-x86_64-pc-linux-gnu -lpjmedia-videodev-x86_64-pc-linux-gnu -lpjmedia-audiodev-x86_64-pc-linux-gnu -lpjmedia-x86_64-pc-linux-gnu -lpjnath-x86_64-pc-linux-gnu -lpjlib-util-x86_64-pc-linux-gnu -lsrtp-x86_64-pc-linux-gnu -lresample-x86_64-pc-linux-gnu -lgsmcodec-x86_64-pc-linux-gnu -lspeex-x86_64-pc-linux-gnu -lilbccodec-x86_64-pc-linux-gnu -lg7221codec-x86_64-pc-linux-gnu -lyuv-x86_64-pc-linux-gnu -lwebrtc-x86_64-pc-linux-gnu  -lpj-x86_64-pc-linux-gnu -lssl -lcrypto -luuid -lm -lrt -lpthread    
if test ! -d ../bin/samples/x86_64-pc-linux-gnu; then mkdir -p ../bin/samples/x86_64-pc-linux-gnu; fi
g++ -o ../bin/samples/x86_64-pc-linux-gnu/strerror \
     output/sample-x86_64-pc-linux-gnu/strerror.o -L/home/inrack/src/pjsip-build/pjproject-2.17/pjlib/lib -L/home/inrack/src/pjsip-build/pjproject-2.17/pjlib-util/lib -L/home/inrack/src/pjsip-build/pjproject-2.17/pjnath/lib -L/home/inrack/src/pjsip-build/pjproject-2.17/pjmedia/lib -L/home/inrack/src/pjsip-build/pjproject-2.17/pjsip/lib -L/home/inrack/src/pjsip-build/pjproject-2.17/third_party/lib              -lpjsua-x86_64-pc-linux-gnu -lpjsip-ua-x86_64-pc-linux-gnu -lpjsip-simple-x86_64-pc-linux-gnu -lpjsip-x86_64-pc-linux-gnu -lpjmedia-codec-x86_64-pc-linux-gnu -lpjmedia-videodev-x86_64-pc-linux-gnu -lpjmedia-audiodev-x86_64-pc-linux-gnu -lpjmedia-x86_64-pc-linux-gnu -lpjnath-x86_64-pc-linux-gnu -lpjlib-util-x86_64-pc-linux-gnu -lsrtp-x86_64-pc-linux-gnu -lresample-x86_64-pc-linux-gnu -lgsmcodec-x86_64-pc-linux-gnu -lspeex-x86_64-pc-linux-gnu -lilbccodec-x86_64-pc-linux-gnu -lg7221codec-x86_64-pc-linux-gnu -lyuv-x86_64-pc-linux-gnu -lwebrtc-x86_64-pc-linux-gnu  -lpj-x86_64-pc-linux-gnu -lssl -lcrypto -luuid -lm -lrt -lpthread    
if test ! -d ../bin/samples/x86_64-pc-linux-gnu; then mkdir -p ../bin/samples/x86_64-pc-linux-gnu; fi
if test ! -d ../bin/samples/x86_64-pc-linux-gnu; then mkdir -p ../bin/samples/x86_64-pc-linux-gnu; fi
g++ -o ../bin/samples/x86_64-pc-linux-gnu/tonegen \
     output/sample-x86_64-pc-linux-gnu/tonegen.o -L/home/inrack/src/pjsip-build/pjproject-2.17/pjlib/lib -L/home/inrack/src/pjsip-build/pjproject-2.17/pjlib-util/lib -L/home/inrack/src/pjsip-build/pjproject-2.17/pjnath/lib -L/home/inrack/src/pjsip-build/pjproject-2.17/pjmedia/lib -L/home/inrack/src/pjsip-build/pjproject-2.17/pjsip/lib -L/home/inrack/src/pjsip-build/pjproject-2.17/third_party/lib              -lpjsua-x86_64-pc-linux-gnu -lpjsip-ua-x86_64-pc-linux-gnu -lpjsip-simple-x86_64-pc-linux-gnu -lpjsip-x86_64-pc-linux-gnu -lpjmedia-codec-x86_64-pc-linux-gnu -lpjmedia-videodev-x86_64-pc-linux-gnu -lpjmedia-audiodev-x86_64-pc-linux-gnu -lpjmedia-x86_64-pc-linux-gnu -lpjnath-x86_64-pc-linux-gnu -lpjlib-util-x86_64-pc-linux-gnu -lsrtp-x86_64-pc-linux-gnu -lresample-x86_64-pc-linux-gnu -lgsmcodec-x86_64-pc-linux-gnu -lspeex-x86_64-pc-linux-gnu -lilbccodec-x86_64-pc-linux-gnu -lg7221codec-x86_64-pc-linux-gnu -lyuv-x86_64-pc-linux-gnu -lwebrtc-x86_64-pc-linux-gnu  -lpj-x86_64-pc-linux-gnu -lssl -lcrypto -luuid -lm -lrt -lpthread    
make --no-print-directory -f /home/inrack/src/pjsip-build/pjproject-2.17/build/rules.mak PJSUA2_SAMPLE_SRCDIR=../src/samples PJSUA2_SAMPLE_OBJS=pjsua2_demo.o PJSUA2_SAMPLE_CFLAGS="-DPJ_AUTOCONF=1 -fPIC -DPJ_IS_BIG_ENDIAN=0 -DPJ_IS_LITTLE_ENDIAN=1  -DPJMEDIA_USE_OLD_FFMPEG=1         -DPJMEDIA_USE_OLD_FFMPEG=1        -I/home/inrack/src/pjsip-build/pjproject-2.17/pjlib/include -I/home/inrack/src/pjsip-build/pjproject-2.17/pjlib-util/include -I/home/inrack/src/pjsip-build/pjproject-2.17/pjnath/include -I/home/inrack/src/pjsip-build/pjproject-2.17/pjmedia/include -I/home/inrack/src/pjsip-build/pjproject-2.17/pjsip/include   -DPJMEDIA_USE_OLD_FFMPEG=1         -DPJMEDIA_USE_OLD_FFMPEG=1       " PJSUA2_SAMPLE_CXXFLAGS="-fPIC -DPJ_AUTOCONF=1 -fPIC -DPJ_IS_BIG_ENDIAN=0 -DPJ_IS_LITTLE_ENDIAN=1  -DPJMEDIA_USE_OLD_FFMPEG=1         -DPJMEDIA_USE_OLD_FFMPEG=1        -I/home/inrack/src/pjsip-build/pjproject-2.17/pjlib/include -I/home/inrack/src/pjsip-build/pjproject-2.17/pjlib-util/include -I/home/inrack/src/pjsip-build/pjproject-2.17/pjnath/include -I/home/inrack/src/pjsip-build/pjproject-2.17/pjmedia/include -I/home/inrack/src/pjsip-build/pjproject-2.17/pjsip/include   -DPJMEDIA_USE_OLD_FFMPEG=1         -DPJMEDIA_USE_OLD_FFMPEG=1       " PJSUA2_SAMPLE_LDFLAGS="-L/home/inrack/src/pjsip-build/pjproject-2.17/pjlib/lib -L/home/inrack/src/pjsip-build/pjproject-2.17/pjlib-util/lib -L/home/inrack/src/pjsip-build/pjproject-2.17/pjnath/lib -L/home/inrack/src/pjsip-build/pjproject-2.17/pjmedia/lib -L/home/inrack/src/pjsip-build/pjproject-2.17/pjsip/lib -L/home/inrack/src/pjsip-build/pjproject-2.17/third_party/lib              -lpjsua2-x86_64-pc-linux-gnu -lstdc++ -lpjsua-x86_64-pc-linux-gnu -lpjsip-ua-x86_64-pc-linux-gnu -lpjsip-simple-x86_64-pc-linux-gnu -lpjsip-x86_64-pc-linux-gnu -lpjmedia-codec-x86_64-pc-linux-gnu -lpjmedia-videodev-x86_64-pc-linux-gnu -lpjmedia-audiodev-x86_64-pc-linux-gnu -lpjmedia-x86_64-pc-linux-gnu -lpjnath-x86_64-pc-linux-gnu -lpjlib-util-x86_64-pc-linux-gnu -lsrtp-x86_64-pc-linux-gnu -lresample-x86_64-pc-linux-gnu -lgsmcodec-x86_64-pc-linux-gnu -lspeex-x86_64-pc-linux-gnu -lilbccodec-x86_64-pc-linux-gnu -lg7221codec-x86_64-pc-linux-gnu -lyuv-x86_64-pc-linux-gnu -lwebrtc-x86_64-pc-linux-gnu  -lpj-x86_64-pc-linux-gnu -lssl -lcrypto -luuid -lm -lrt -lpthread    " PJSUA2_SAMPLE_EXE=pjsua2_demo APP=PJSUA2_SAMPLE app=pjsua2_sample ../bin/samples/x86_64-pc-linux-gnu/pjsua2_demo
g++ -o ../bin/samples/x86_64-pc-linux-gnu/vid_codec_test \
     output/sample-x86_64-pc-linux-gnu/vid_codec_test.o -L/home/inrack/src/pjsip-build/pjproject-2.17/pjlib/lib -L/home/inrack/src/pjsip-build/pjproject-2.17/pjlib-util/lib -L/home/inrack/src/pjsip-build/pjproject-2.17/pjnath/lib -L/home/inrack/src/pjsip-build/pjproject-2.17/pjmedia/lib -L/home/inrack/src/pjsip-build/pjproject-2.17/pjsip/lib -L/home/inrack/src/pjsip-build/pjproject-2.17/third_party/lib              -lpjsua-x86_64-pc-linux-gnu -lpjsip-ua-x86_64-pc-linux-gnu -lpjsip-simple-x86_64-pc-linux-gnu -lpjsip-x86_64-pc-linux-gnu -lpjmedia-codec-x86_64-pc-linux-gnu -lpjmedia-videodev-x86_64-pc-linux-gnu -lpjmedia-audiodev-x86_64-pc-linux-gnu -lpjmedia-x86_64-pc-linux-gnu -lpjnath-x86_64-pc-linux-gnu -lpjlib-util-x86_64-pc-linux-gnu -lsrtp-x86_64-pc-linux-gnu -lresample-x86_64-pc-linux-gnu -lgsmcodec-x86_64-pc-linux-gnu -lspeex-x86_64-pc-linux-gnu -lilbccodec-x86_64-pc-linux-gnu -lg7221codec-x86_64-pc-linux-gnu -lyuv-x86_64-pc-linux-gnu -lwebrtc-x86_64-pc-linux-gnu  -lpj-x86_64-pc-linux-gnu -lssl -lcrypto -luuid -lm -lrt -lpthread    
mkdir -p output/pjsua2_sample-x86_64-pc-linux-gnu/
g++ -fPIC -DPJ_AUTOCONF=1 -fPIC -DPJ_IS_BIG_ENDIAN=0 -DPJ_IS_LITTLE_ENDIAN=1  -DPJMEDIA_USE_OLD_FFMPEG=1         -DPJMEDIA_USE_OLD_FFMPEG=1        -I/home/inrack/src/pjsip-build/pjproject-2.17/pjlib/include -I/home/inrack/src/pjsip-build/pjproject-2.17/pjlib-util/include -I/home/inrack/src/pjsip-build/pjproject-2.17/pjnath/include -I/home/inrack/src/pjsip-build/pjproject-2.17/pjmedia/include -I/home/inrack/src/pjsip-build/pjproject-2.17/pjsip/include   -DPJMEDIA_USE_OLD_FFMPEG=1         -DPJMEDIA_USE_OLD_FFMPEG=1        \
	-c -o output/pjsua2_sample-x86_64-pc-linux-gnu/pjsua2_demo.o \
	../src/samples/pjsua2_demo.cpp
if test ! -d ../bin/samples/x86_64-pc-linux-gnu; then mkdir -p ../bin/samples/x86_64-pc-linux-gnu; fi
g++ -o ../bin/samples/x86_64-pc-linux-gnu/vaddemo \
     output/sample-x86_64-pc-linux-gnu/vaddemo.o -L/home/inrack/src/pjsip-build/pjproject-2.17/pjlib/lib -L/home/inrack/src/pjsip-build/pjproject-2.17/pjlib-util/lib -L/home/inrack/src/pjsip-build/pjproject-2.17/pjnath/lib -L/home/inrack/src/pjsip-build/pjproject-2.17/pjmedia/lib -L/home/inrack/src/pjsip-build/pjproject-2.17/pjsip/lib -L/home/inrack/src/pjsip-build/pjproject-2.17/third_party/lib              -lpjsua-x86_64-pc-linux-gnu -lpjsip-ua-x86_64-pc-linux-gnu -lpjsip-simple-x86_64-pc-linux-gnu -lpjsip-x86_64-pc-linux-gnu -lpjmedia-codec-x86_64-pc-linux-gnu -lpjmedia-videodev-x86_64-pc-linux-gnu -lpjmedia-audiodev-x86_64-pc-linux-gnu -lpjmedia-x86_64-pc-linux-gnu -lpjnath-x86_64-pc-linux-gnu -lpjlib-util-x86_64-pc-linux-gnu -lsrtp-x86_64-pc-linux-gnu -lresample-x86_64-pc-linux-gnu -lgsmcodec-x86_64-pc-linux-gnu -lspeex-x86_64-pc-linux-gnu -lilbccodec-x86_64-pc-linux-gnu -lg7221codec-x86_64-pc-linux-gnu -lyuv-x86_64-pc-linux-gnu -lwebrtc-x86_64-pc-linux-gnu  -lpj-x86_64-pc-linux-gnu -lssl -lcrypto -luuid -lm -lrt -lpthread    
if test ! -d ../bin/samples/x86_64-pc-linux-gnu; then mkdir -p ../bin/samples/x86_64-pc-linux-gnu; fi
g++ -o ../bin/samples/x86_64-pc-linux-gnu/vid_streamutil \
     output/sample-x86_64-pc-linux-gnu/vid_streamutil.o -L/home/inrack/src/pjsip-build/pjproject-2.17/pjlib/lib -L/home/inrack/src/pjsip-build/pjproject-2.17/pjlib-util/lib -L/home/inrack/src/pjsip-build/pjproject-2.17/pjnath/lib -L/home/inrack/src/pjsip-build/pjproject-2.17/pjmedia/lib -L/home/inrack/src/pjsip-build/pjproject-2.17/pjsip/lib -L/home/inrack/src/pjsip-build/pjproject-2.17/third_party/lib              -lpjsua-x86_64-pc-linux-gnu -lpjsip-ua-x86_64-pc-linux-gnu -lpjsip-simple-x86_64-pc-linux-gnu -lpjsip-x86_64-pc-linux-gnu -lpjmedia-codec-x86_64-pc-linux-gnu -lpjmedia-videodev-x86_64-pc-linux-gnu -lpjmedia-audiodev-x86_64-pc-linux-gnu -lpjmedia-x86_64-pc-linux-gnu -lpjnath-x86_64-pc-linux-gnu -lpjlib-util-x86_64-pc-linux-gnu -lsrtp-x86_64-pc-linux-gnu -lresample-x86_64-pc-linux-gnu -lgsmcodec-x86_64-pc-linux-gnu -lspeex-x86_64-pc-linux-gnu -lilbccodec-x86_64-pc-linux-gnu -lg7221codec-x86_64-pc-linux-gnu -lyuv-x86_64-pc-linux-gnu -lwebrtc-x86_64-pc-linux-gnu  -lpj-x86_64-pc-linux-gnu -lssl -lcrypto -luuid -lm -lrt -lpthread    
if test ! -d ../bin/samples/x86_64-pc-linux-gnu; then mkdir -p ../bin/samples/x86_64-pc-linux-gnu; fi
g++ -o ../bin/samples/x86_64-pc-linux-gnu/streamutil \
     output/sample-x86_64-pc-linux-gnu/streamutil.o -L/home/inrack/src/pjsip-build/pjproject-2.17/pjlib/lib -L/home/inrack/src/pjsip-build/pjproject-2.17/pjlib-util/lib -L/home/inrack/src/pjsip-build/pjproject-2.17/pjnath/lib -L/home/inrack/src/pjsip-build/pjproject-2.17/pjmedia/lib -L/home/inrack/src/pjsip-build/pjproject-2.17/pjsip/lib -L/home/inrack/src/pjsip-build/pjproject-2.17/third_party/lib              -lpjsua-x86_64-pc-linux-gnu -lpjsip-ua-x86_64-pc-linux-gnu -lpjsip-simple-x86_64-pc-linux-gnu -lpjsip-x86_64-pc-linux-gnu -lpjmedia-codec-x86_64-pc-linux-gnu -lpjmedia-videodev-x86_64-pc-linux-gnu -lpjmedia-audiodev-x86_64-pc-linux-gnu -lpjmedia-x86_64-pc-linux-gnu -lpjnath-x86_64-pc-linux-gnu -lpjlib-util-x86_64-pc-linux-gnu -lsrtp-x86_64-pc-linux-gnu -lresample-x86_64-pc-linux-gnu -lgsmcodec-x86_64-pc-linux-gnu -lspeex-x86_64-pc-linux-gnu -lilbccodec-x86_64-pc-linux-gnu -lg7221codec-x86_64-pc-linux-gnu -lyuv-x86_64-pc-linux-gnu -lwebrtc-x86_64-pc-linux-gnu  -lpj-x86_64-pc-linux-gnu -lssl -lcrypto -luuid -lm -lrt -lpthread    
make --no-print-directory -f /home/inrack/src/pjsip-build/pjproject-2.17/build/rules.mak PJSUA2_SAMPLE_SRCDIR=../src/samples PJSUA2_SAMPLE_OBJS=pjsua2_hello_reg.o PJSUA2_SAMPLE_CFLAGS="-DPJ_AUTOCONF=1 -fPIC -DPJ_IS_BIG_ENDIAN=0 -DPJ_IS_LITTLE_ENDIAN=1  -DPJMEDIA_USE_OLD_FFMPEG=1         -DPJMEDIA_USE_OLD_FFMPEG=1        -I/home/inrack/src/pjsip-build/pjproject-2.17/pjlib/include -I/home/inrack/src/pjsip-build/pjproject-2.17/pjlib-util/include -I/home/inrack/src/pjsip-build/pjproject-2.17/pjnath/include -I/home/inrack/src/pjsip-build/pjproject-2.17/pjmedia/include -I/home/inrack/src/pjsip-build/pjproject-2.17/pjsip/include   -DPJMEDIA_USE_OLD_FFMPEG=1         -DPJMEDIA_USE_OLD_FFMPEG=1       " PJSUA2_SAMPLE_CXXFLAGS="-fPIC -DPJ_AUTOCONF=1 -fPIC -DPJ_IS_BIG_ENDIAN=0 -DPJ_IS_LITTLE_ENDIAN=1  -DPJMEDIA_USE_OLD_FFMPEG=1         -DPJMEDIA_USE_OLD_FFMPEG=1        -I/home/inrack/src/pjsip-build/pjproject-2.17/pjlib/include -I/home/inrack/src/pjsip-build/pjproject-2.17/pjlib-util/include -I/home/inrack/src/pjsip-build/pjproject-2.17/pjnath/include -I/home/inrack/src/pjsip-build/pjproject-2.17/pjmedia/include -I/home/inrack/src/pjsip-build/pjproject-2.17/pjsip/include   -DPJMEDIA_USE_OLD_FFMPEG=1         -DPJMEDIA_USE_OLD_FFMPEG=1       " PJSUA2_SAMPLE_LDFLAGS="-L/home/inrack/src/pjsip-build/pjproject-2.17/pjlib/lib -L/home/inrack/src/pjsip-build/pjproject-2.17/pjlib-util/lib -L/home/inrack/src/pjsip-build/pjproject-2.17/pjnath/lib -L/home/inrack/src/pjsip-build/pjproject-2.17/pjmedia/lib -L/home/inrack/src/pjsip-build/pjproject-2.17/pjsip/lib -L/home/inrack/src/pjsip-build/pjproject-2.17/third_party/lib              -lpjsua2-x86_64-pc-linux-gnu -lstdc++ -lpjsua-x86_64-pc-linux-gnu -lpjsip-ua-x86_64-pc-linux-gnu -lpjsip-simple-x86_64-pc-linux-gnu -lpjsip-x86_64-pc-linux-gnu -lpjmedia-codec-x86_64-pc-linux-gnu -lpjmedia-videodev-x86_64-pc-linux-gnu -lpjmedia-audiodev-x86_64-pc-linux-gnu -lpjmedia-x86_64-pc-linux-gnu -lpjnath-x86_64-pc-linux-gnu -lpjlib-util-x86_64-pc-linux-gnu -lsrtp-x86_64-pc-linux-gnu -lresample-x86_64-pc-linux-gnu -lgsmcodec-x86_64-pc-linux-gnu -lspeex-x86_64-pc-linux-gnu -lilbccodec-x86_64-pc-linux-gnu -lg7221codec-x86_64-pc-linux-gnu -lyuv-x86_64-pc-linux-gnu -lwebrtc-x86_64-pc-linux-gnu  -lpj-x86_64-pc-linux-gnu -lssl -lcrypto -luuid -lm -lrt -lpthread    " PJSUA2_SAMPLE_EXE=pjsua2_hello_reg APP=PJSUA2_SAMPLE app=pjsua2_sample ../bin/samples/x86_64-pc-linux-gnu/pjsua2_hello_reg
g++ -fPIC -DPJ_AUTOCONF=1 -fPIC -DPJ_IS_BIG_ENDIAN=0 -DPJ_IS_LITTLE_ENDIAN=1  -DPJMEDIA_USE_OLD_FFMPEG=1         -DPJMEDIA_USE_OLD_FFMPEG=1        -I/home/inrack/src/pjsip-build/pjproject-2.17/pjlib/include -I/home/inrack/src/pjsip-build/pjproject-2.17/pjlib-util/include -I/home/inrack/src/pjsip-build/pjproject-2.17/pjnath/include -I/home/inrack/src/pjsip-build/pjproject-2.17/pjmedia/include -I/home/inrack/src/pjsip-build/pjproject-2.17/pjsip/include   -DPJMEDIA_USE_OLD_FFMPEG=1         -DPJMEDIA_USE_OLD_FFMPEG=1        \
	-c -o output/pjsua2_sample-x86_64-pc-linux-gnu/pjsua2_hello_reg.o \
	../src/samples/pjsua2_hello_reg.cpp
if test ! -d ../bin/samples/x86_64-pc-linux-gnu; then mkdir -p ../bin/samples/x86_64-pc-linux-gnu; fi
g++ -o ../bin/samples/x86_64-pc-linux-gnu/pjsua2_hello_reg \
     output/pjsua2_sample-x86_64-pc-linux-gnu/pjsua2_hello_reg.o -L/home/inrack/src/pjsip-build/pjproject-2.17/pjlib/lib -L/home/inrack/src/pjsip-build/pjproject-2.17/pjlib-util/lib -L/home/inrack/src/pjsip-build/pjproject-2.17/pjnath/lib -L/home/inrack/src/pjsip-build/pjproject-2.17/pjmedia/lib -L/home/inrack/src/pjsip-build/pjproject-2.17/pjsip/lib -L/home/inrack/src/pjsip-build/pjproject-2.17/third_party/lib              -lpjsua2-x86_64-pc-linux-gnu -lstdc++ -lpjsua-x86_64-pc-linux-gnu -lpjsip-ua-x86_64-pc-linux-gnu -lpjsip-simple-x86_64-pc-linux-gnu -lpjsip-x86_64-pc-linux-gnu -lpjmedia-codec-x86_64-pc-linux-gnu -lpjmedia-videodev-x86_64-pc-linux-gnu -lpjmedia-audiodev-x86_64-pc-linux-gnu -lpjmedia-x86_64-pc-linux-gnu -lpjnath-x86_64-pc-linux-gnu -lpjlib-util-x86_64-pc-linux-gnu -lsrtp-x86_64-pc-linux-gnu -lresample-x86_64-pc-linux-gnu -lgsmcodec-x86_64-pc-linux-gnu -lspeex-x86_64-pc-linux-gnu -lilbccodec-x86_64-pc-linux-gnu -lg7221codec-x86_64-pc-linux-gnu -lyuv-x86_64-pc-linux-gnu -lwebrtc-x86_64-pc-linux-gnu  -lpj-x86_64-pc-linux-gnu -lssl -lcrypto -luuid -lm -lrt -lpthread    
if test ! -d ../bin/samples/x86_64-pc-linux-gnu; then mkdir -p ../bin/samples/x86_64-pc-linux-gnu; fi
g++ -o ../bin/samples/x86_64-pc-linux-gnu/pjsua2_demo \
     output/pjsua2_sample-x86_64-pc-linux-gnu/pjsua2_demo.o -L/home/inrack/src/pjsip-build/pjproject-2.17/pjlib/lib -L/home/inrack/src/pjsip-build/pjproject-2.17/pjlib-util/lib -L/home/inrack/src/pjsip-build/pjproject-2.17/pjnath/lib -L/home/inrack/src/pjsip-build/pjproject-2.17/pjmedia/lib -L/home/inrack/src/pjsip-build/pjproject-2.17/pjsip/lib -L/home/inrack/src/pjsip-build/pjproject-2.17/third_party/lib              -lpjsua2-x86_64-pc-linux-gnu -lstdc++ -lpjsua-x86_64-pc-linux-gnu -lpjsip-ua-x86_64-pc-linux-gnu -lpjsip-simple-x86_64-pc-linux-gnu -lpjsip-x86_64-pc-linux-gnu -lpjmedia-codec-x86_64-pc-linux-gnu -lpjmedia-videodev-x86_64-pc-linux-gnu -lpjmedia-audiodev-x86_64-pc-linux-gnu -lpjmedia-x86_64-pc-linux-gnu -lpjnath-x86_64-pc-linux-gnu -lpjlib-util-x86_64-pc-linux-gnu -lsrtp-x86_64-pc-linux-gnu -lresample-x86_64-pc-linux-gnu -lgsmcodec-x86_64-pc-linux-gnu -lspeex-x86_64-pc-linux-gnu -lilbccodec-x86_64-pc-linux-gnu -lg7221codec-x86_64-pc-linux-gnu -lyuv-x86_64-pc-linux-gnu -lwebrtc-x86_64-pc-linux-gnu  -lpj-x86_64-pc-linux-gnu -lssl -lcrypto -luuid -lm -lrt -lpthread    
make[2]: Leaving directory '/home/inrack/src/pjsip-build/pjproject-2.17/pjsip-apps/build'
make[1]: Leaving directory '/home/inrack/src/pjsip-build/pjproject-2.17/pjsip-apps/build'
